Code,Definition,Owner (Lookup),Owning Business Unit (Lookup),Status,CodeType,Created By (Lookup),Created By (Delegate) (Lookup),Created On,Import Sequence Number,Modified By (Lookup),Modified By (Delegate) (Lookup),Modified On,Owning Team (Lookup),Record Created On,Status Reason,Time Zone Rule Version Number,UTC Conversion Time Zone Code,Version Number,Code Definition ID,Created By,Created By (Delegate),Modified By,Modified By (Delegate),Owner,Owning Business Unit,Owning Team
N501,"Missing Vocational Report.
",Katherine Higgins,rhaildev,Active,RARC,Katherine Higgins,,2025-01-13T19:14:18Z,,Katherine Higgins,,2025-01-21T22:49:03Z,,,Active,,,31470771,bea51495-e2d1-ef11-8ee9-000d3a3723c6,72ea4760-2f38-ef11-840a-6045bd03203c,,72ea4760-2f38-ef11-840a-6045bd03203c,,72ea4760-2f38-ef11-840a-6045bd03203c,dc5c7cb8-6921-ef11-840b-0022480a10b0,
N502,"Incomplete/invalid Vocational Report.
",Katherine Higgins,rhaildev,Active,RARC,Katherine Higgins,,2025-01-13T19:14:18Z,,Katherine Higgins,,2025-01-21T22:49:03Z,,,Active,,,31470773,bfa51495-e2d1-ef11-8ee9-000d3a3723c6,72ea4760-2f38-ef11-840a-6045bd03203c,,72ea4760-2f38-ef11-840a-6045bd03203c,,72ea4760-2f38-ef11-840a-6045bd03203c,dc5c7cb8-6921-ef11-840b-0022480a10b0,
N503,"Missing Work Status Report.
",Katherine Higgins,rhaildev,Active,RARC,Katherine Higgins,,2025-01-13T19:14:18Z,,Katherine Higgins,,2025-01-21T22:49:03Z,,,Active,,,31470774,c0a51495-e2d1-ef11-8ee9-000d3a3723c6,72ea4760-2f38-ef11-840a-6045bd03203c,,72ea4760-2f38-ef11-840a-6045bd03203c,,72ea4760-2f38-ef11-840a-6045bd03203c,dc5c7cb8-6921-ef11-840b-0022480a10b0,
N504,"Incomplete/invalid Work Status Report.
",Katherine Higgins,rhaildev,Active,RARC,Katherine Higgins,,2025-01-13T19:14:18Z,,Katherine Higgins,,2025-01-21T22:49:03Z,,,Active,,,31470775,c1a51495-e2d1-ef11-8ee9-000d3a3723c6,72ea4760-2f38-ef11-840a-6045bd03203c,,72ea4760-2f38-ef11-840a-6045bd03203c,,72ea4760-2f38-ef11-840a-6045bd03203c,dc5c7cb8-6921-ef11-840b-0022480a10b0,
N505,"Alert: This response includes only services that could be estimated in real-time. No estimate will be provided for the services that could not be estimated in real-time.
",Katherine Higgins,rhaildev,Active,RARC,Katherine Higgins,,2025-01-13T19:14:18Z,,Katherine Higgins,,2025-01-21T22:49:03Z,,,Active,,,31470776,c2a51495-e2d1-ef11-8ee9-000d3a3723c6,72ea4760-2f38-ef11-840a-6045bd03203c,,72ea4760-2f38-ef11-840a-6045bd03203c,,72ea4760-2f38-ef11-840a-6045bd03203c,dc5c7cb8-6921-ef11-840b-0022480a10b0,
N506,"Alert: This is an estimate of the member's liability based on the information available at the time the estimate was processed. Actual coverage and member liability amounts will be determined when the claim is processed. This is not a pre-authorization or a guarantee of payment.
",Katherine Higgins,rhaildev,Active,RARC,Katherine Higgins,,2025-01-13T19:14:18Z,,Katherine Higgins,,2025-01-21T22:49:03Z,,,Active,,,31470777,c3a51495-e2d1-ef11-8ee9-000d3a3723c6,72ea4760-2f38-ef11-840a-6045bd03203c,,72ea4760-2f38-ef11-840a-6045bd03203c,,72ea4760-2f38-ef11-840a-6045bd03203c,dc5c7cb8-6921-ef11-840b-0022480a10b0,
N507,"Plan distance requirements have not been met.
",Katherine Higgins,rhaildev,Active,RARC,Katherine Higgins,,2025-01-13T19:14:18Z,,Katherine Higgins,,2025-01-21T22:49:03Z,,,Active,,,31470778,c4a51495-e2d1-ef11-8ee9-000d3a3723c6,72ea4760-2f38-ef11-840a-6045bd03203c,,72ea4760-2f38-ef11-840a-6045bd03203c,,72ea4760-2f38-ef11-840a-6045bd03203c,dc5c7cb8-6921-ef11-840b-0022480a10b0,
N508,"Alert: This real-time claim adjudication response represents the member responsibility to the provider for services reported. The member will receive an Explanation of Benefits electronically or in the mail. Contact the insurer if there are any questions.
 | Last Modified: 03/01/2017
Notes: (Modified 3/1/2017)",Katherine Higgins,rhaildev,Active,RARC,Katherine Higgins,,2025-01-13T19:14:18Z,,Katherine Higgins,,2025-01-21T22:49:03Z,,,Active,,,31470779,c5a51495-e2d1-ef11-8ee9-000d3a3723c6,72ea4760-2f38-ef11-840a-6045bd03203c,,72ea4760-2f38-ef11-840a-6045bd03203c,,72ea4760-2f38-ef11-840a-6045bd03203c,dc5c7cb8-6921-ef11-840b-0022480a10b0,
N509,"Alert: A current inquiry shows the member's Consumer Spending Account contains sufficient funds to cover the member liability for this claim/service. Actual payment from the Consumer Spending Account will depend on the availability of funds and determination of eligible services at the time of payment processing.
",Katherine Higgins,rhaildev,Active,RARC,Katherine Higgins,,2025-01-13T19:14:18Z,,Katherine Higgins,,2025-01-21T22:49:03Z,,,Active,,,31470780,c6a51495-e2d1-ef11-8ee9-000d3a3723c6,72ea4760-2f38-ef11-840a-6045bd03203c,,72ea4760-2f38-ef11-840a-6045bd03203c,,72ea4760-2f38-ef11-840a-6045bd03203c,dc5c7cb8-6921-ef11-840b-0022480a10b0,
N510,"Alert: A current inquiry shows the member's Consumer Spending Account does not contain sufficient funds to cover the member's liability for this claim/service. Actual payment from the Consumer Spending Account will depend on the availability of funds and determination of eligible services at the time of payment processing.
",Katherine Higgins,rhaildev,Active,RARC,Katherine Higgins,,2025-01-13T19:14:18Z,,Katherine Higgins,,2025-01-21T22:49:03Z,,,Active,,,31470781,c7a51495-e2d1-ef11-8ee9-000d3a3723c6,72ea4760-2f38-ef11-840a-6045bd03203c,,72ea4760-2f38-ef11-840a-6045bd03203c,,72ea4760-2f38-ef11-840a-6045bd03203c,dc5c7cb8-6921-ef11-840b-0022480a10b0,
N511,"Alert: Information on the availability of Consumer Spending Account funds to cover the member liability on this claim/service is not available at this time.
",Katherine Higgins,rhaildev,Active,RARC,Katherine Higgins,,2025-01-13T19:14:18Z,,Katherine Higgins,,2025-01-21T22:49:03Z,,,Active,,,31470782,c8a51495-e2d1-ef11-8ee9-000d3a3723c6,72ea4760-2f38-ef11-840a-6045bd03203c,,72ea4760-2f38-ef11-840a-6045bd03203c,,72ea4760-2f38-ef11-840a-6045bd03203c,dc5c7cb8-6921-ef11-840b-0022480a10b0,
N512,"Alert: This is the initial remit of a non-NCPDP claim originally submitted real-time without change to the adjudication.
",Katherine Higgins,rhaildev,Active,RARC,Katherine Higgins,,2025-01-13T19:14:18Z,,Katherine Higgins,,2025-01-21T22:49:03Z,,,Active,,,31470783,c9a51495-e2d1-ef11-8ee9-000d3a3723c6,72ea4760-2f38-ef11-840a-6045bd03203c,,72ea4760-2f38-ef11-840a-6045bd03203c,,72ea4760-2f38-ef11-840a-6045bd03203c,dc5c7cb8-6921-ef11-840b-0022480a10b0,
N513,"Alert: This is the initial remit of a non-NCPDP claim originally submitted real-time with a change to the adjudication.
",Katherine Higgins,rhaildev,Active,RARC,Katherine Higgins,,2025-01-13T19:14:18Z,,Katherine Higgins,,2025-01-21T22:49:03Z,,,Active,,,31470784,caa51495-e2d1-ef11-8ee9-000d3a3723c6,72ea4760-2f38-ef11-840a-6045bd03203c,,72ea4760-2f38-ef11-840a-6045bd03203c,,72ea4760-2f38-ef11-840a-6045bd03203c,dc5c7cb8-6921-ef11-840b-0022480a10b0,
N516,"Records indicate a mismatch between the submitted NPI and EIN.
",Katherine Higgins,rhaildev,Active,RARC,Katherine Higgins,,2025-01-13T19:14:18Z,,Katherine Higgins,,2025-01-21T22:49:03Z,,,Active,,,31470785,cba51495-e2d1-ef11-8ee9-000d3a3723c6,72ea4760-2f38-ef11-840a-6045bd03203c,,72ea4760-2f38-ef11-840a-6045bd03203c,,72ea4760-2f38-ef11-840a-6045bd03203c,dc5c7cb8-6921-ef11-840b-0022480a10b0,
N517,"Resubmit a new claim with the requested information.
",Katherine Higgins,rhaildev,Active,RARC,Katherine Higgins,,2025-01-13T19:14:18Z,,Katherine Higgins,,2025-01-21T22:49:03Z,,,Active,,,31470786,cca51495-e2d1-ef11-8ee9-000d3a3723c6,72ea4760-2f38-ef11-840a-6045bd03203c,,72ea4760-2f38-ef11-840a-6045bd03203c,,72ea4760-2f38-ef11-840a-6045bd03203c,dc5c7cb8-6921-ef11-840b-0022480a10b0,
N518,"No separate payment for accessories when furnished for use with oxygen equipment.
",Katherine Higgins,rhaildev,Active,RARC,Katherine Higgins,,2025-01-13T19:14:18Z,,Katherine Higgins,,2025-01-21T22:49:03Z,,,Active,,,31470787,cda51495-e2d1-ef11-8ee9-000d3a3723c6,72ea4760-2f38-ef11-840a-6045bd03203c,,72ea4760-2f38-ef11-840a-6045bd03203c,,72ea4760-2f38-ef11-840a-6045bd03203c,dc5c7cb8-6921-ef11-840b-0022480a10b0,
N519,"Invalid combination of HCPCS modifiers.
",Katherine Higgins,rhaildev,Active,RARC,Katherine Higgins,,2025-01-13T19:14:18Z,,Katherine Higgins,,2025-01-21T22:49:03Z,,,Active,,,31470788,cea51495-e2d1-ef11-8ee9-000d3a3723c6,72ea4760-2f38-ef11-840a-6045bd03203c,,72ea4760-2f38-ef11-840a-6045bd03203c,,72ea4760-2f38-ef11-840a-6045bd03203c,dc5c7cb8-6921-ef11-840b-0022480a10b0,
N520,"Alert: Payment made from a Consumer Spending Account.
",Katherine Higgins,rhaildev,Active,RARC,Katherine Higgins,,2025-01-13T19:14:18Z,,Katherine Higgins,,2025-01-21T22:49:03Z,,,Active,,,31470789,cfa51495-e2d1-ef11-8ee9-000d3a3723c6,72ea4760-2f38-ef11-840a-6045bd03203c,,72ea4760-2f38-ef11-840a-6045bd03203c,,72ea4760-2f38-ef11-840a-6045bd03203c,dc5c7cb8-6921-ef11-840b-0022480a10b0,
N521,"Mismatch between the submitted provider information and the provider information stored in our system.
",Katherine Higgins,rhaildev,Active,RARC,Katherine Higgins,,2025-01-13T19:14:18Z,,Katherine Higgins,,2025-01-21T22:49:03Z,,,Active,,,31470790,d0a51495-e2d1-ef11-8ee9-000d3a3723c6,72ea4760-2f38-ef11-840a-6045bd03203c,,72ea4760-2f38-ef11-840a-6045bd03203c,,72ea4760-2f38-ef11-840a-6045bd03203c,dc5c7cb8-6921-ef11-840b-0022480a10b0,
N522,"Duplicate of a claim processed, or to be processed, as a crossover claim.
 ",Katherine Higgins,rhaildev,Active,RARC,Katherine Higgins,,2025-01-13T19:14:18Z,,Katherine Higgins,,2025-01-21T22:49:03Z,,,Active,,,31470791,d1a51495-e2d1-ef11-8ee9-000d3a3723c6,72ea4760-2f38-ef11-840a-6045bd03203c,,72ea4760-2f38-ef11-840a-6045bd03203c,,72ea4760-2f38-ef11-840a-6045bd03203c,dc5c7cb8-6921-ef11-840b-0022480a10b0,
N523,"The limitation on outlier payments defined by this payer for this service period has been met. The outlier payment otherwise applicable to this claim has not been paid.
",Katherine Higgins,rhaildev,Active,RARC,Katherine Higgins,,2025-01-13T19:14:18Z,,Katherine Higgins,,2025-01-21T22:49:03Z,,,Active,,,31470792,d2a51495-e2d1-ef11-8ee9-000d3a3723c6,72ea4760-2f38-ef11-840a-6045bd03203c,,72ea4760-2f38-ef11-840a-6045bd03203c,,72ea4760-2f38-ef11-840a-6045bd03203c,dc5c7cb8-6921-ef11-840b-0022480a10b0,
N524,"Based on policy this payment constitutes payment in full.
",Katherine Higgins,rhaildev,Active,RARC,Katherine Higgins,,2025-01-13T19:14:18Z,,Katherine Higgins,,2025-01-21T22:49:03Z,,,Active,,,31470793,d3a51495-e2d1-ef11-8ee9-000d3a3723c6,72ea4760-2f38-ef11-840a-6045bd03203c,,72ea4760-2f38-ef11-840a-6045bd03203c,,72ea4760-2f38-ef11-840a-6045bd03203c,dc5c7cb8-6921-ef11-840b-0022480a10b0,
N525,"These services are not covered when performed within the global period of another service.
",Katherine Higgins,rhaildev,Active,RARC,Katherine Higgins,,2025-01-13T19:14:18Z,,Katherine Higgins,,2025-01-21T22:49:03Z,,,Active,,,31470794,d4a51495-e2d1-ef11-8ee9-000d3a3723c6,72ea4760-2f38-ef11-840a-6045bd03203c,,72ea4760-2f38-ef11-840a-6045bd03203c,,72ea4760-2f38-ef11-840a-6045bd03203c,dc5c7cb8-6921-ef11-840b-0022480a10b0,
N526,"Not qualified for recovery based on employer size.
",Katherine Higgins,rhaildev,Active,RARC,Katherine Higgins,,2025-01-13T19:14:18Z,,Katherine Higgins,,2025-01-21T22:49:04Z,,,Active,,,31470795,d5a51495-e2d1-ef11-8ee9-000d3a3723c6,72ea4760-2f38-ef11-840a-6045bd03203c,,72ea4760-2f38-ef11-840a-6045bd03203c,,72ea4760-2f38-ef11-840a-6045bd03203c,dc5c7cb8-6921-ef11-840b-0022480a10b0,
N527,"We processed this claim as the primary payer prior to receiving the recovery demand.
",Katherine Higgins,rhaildev,Active,RARC,Katherine Higgins,,2025-01-13T19:14:18Z,,Katherine Higgins,,2025-01-21T22:49:04Z,,,Active,,,31470796,d6a51495-e2d1-ef11-8ee9-000d3a3723c6,72ea4760-2f38-ef11-840a-6045bd03203c,,72ea4760-2f38-ef11-840a-6045bd03203c,,72ea4760-2f38-ef11-840a-6045bd03203c,dc5c7cb8-6921-ef11-840b-0022480a10b0,
N528,Patient is entitled to benefits for Institutional Services only.,Katherine Higgins,rhaildev,Active,RARC,Katherine Higgins,,2025-01-13T19:14:18Z,,Katherine Higgins,,2025-01-21T22:49:04Z,,,Active,,,31470797,d7a51495-e2d1-ef11-8ee9-000d3a3723c6,72ea4760-2f38-ef11-840a-6045bd03203c,,72ea4760-2f38-ef11-840a-6045bd03203c,,72ea4760-2f38-ef11-840a-6045bd03203c,dc5c7cb8-6921-ef11-840b-0022480a10b0,
N529,Patient is entitled to benefits for Professional Services only.,Katherine Higgins,rhaildev,Active,RARC,Katherine Higgins,,2025-01-13T19:14:19Z,,Katherine Higgins,,2025-01-22T23:29:36Z,,,Active,,,31491630,d8a51495-e2d1-ef11-8ee9-000d3a3723c6,72ea4760-2f38-ef11-840a-6045bd03203c,,72ea4760-2f38-ef11-840a-6045bd03203c,,72ea4760-2f38-ef11-840a-6045bd03203c,dc5c7cb8-6921-ef11-840b-0022480a10b0,
N530,Not Qualified for Recovery based on enrollment information.,Katherine Higgins,rhaildev,Active,RARC,Katherine Higgins,,2025-01-13T19:14:19Z,,Katherine Higgins,,2025-01-21T22:49:04Z,,,Active,,,31470799,d9a51495-e2d1-ef11-8ee9-000d3a3723c6,72ea4760-2f38-ef11-840a-6045bd03203c,,72ea4760-2f38-ef11-840a-6045bd03203c,,72ea4760-2f38-ef11-840a-6045bd03203c,dc5c7cb8-6921-ef11-840b-0022480a10b0,
N531,"Not qualified for recovery based on direct payment of premium.
",Katherine Higgins,rhaildev,Active,RARC,Katherine Higgins,,2025-01-13T19:14:19Z,,Katherine Higgins,,2025-01-21T22:49:04Z,,,Active,,,31470800,daa51495-e2d1-ef11-8ee9-000d3a3723c6,72ea4760-2f38-ef11-840a-6045bd03203c,,72ea4760-2f38-ef11-840a-6045bd03203c,,72ea4760-2f38-ef11-840a-6045bd03203c,dc5c7cb8-6921-ef11-840b-0022480a10b0,
N532,"Not qualified for recovery based on disability and working status.
",Katherine Higgins,rhaildev,Active,RARC,Katherine Higgins,,2025-01-13T19:14:19Z,,Katherine Higgins,,2025-01-21T22:49:04Z,,,Active,,,31470801,dba51495-e2d1-ef11-8ee9-000d3a3723c6,72ea4760-2f38-ef11-840a-6045bd03203c,,72ea4760-2f38-ef11-840a-6045bd03203c,,72ea4760-2f38-ef11-840a-6045bd03203c,dc5c7cb8-6921-ef11-840b-0022480a10b0,
N533,"Services performed in an Indian Health Services facility under a self-insured tribal Group Health Plan.
 ",Katherine Higgins,rhaildev,Active,RARC,Katherine Higgins,,2025-01-13T19:14:19Z,,Katherine Higgins,,2025-01-21T22:49:04Z,,,Active,,,31470802,dca51495-e2d1-ef11-8ee9-000d3a3723c6,72ea4760-2f38-ef11-840a-6045bd03203c,,72ea4760-2f38-ef11-840a-6045bd03203c,,72ea4760-2f38-ef11-840a-6045bd03203c,dc5c7cb8-6921-ef11-840b-0022480a10b0,
N534,"This is an individual policy, the employer does not participate in plan sponsorship.",Katherine Higgins,rhaildev,Active,RARC,Katherine Higgins,,2025-01-13T19:14:19Z,,Katherine Higgins,,2025-01-21T22:49:04Z,,,Active,,,31470803,dda51495-e2d1-ef11-8ee9-000d3a3723c6,72ea4760-2f38-ef11-840a-6045bd03203c,,72ea4760-2f38-ef11-840a-6045bd03203c,,72ea4760-2f38-ef11-840a-6045bd03203c,dc5c7cb8-6921-ef11-840b-0022480a10b0,
N535,"Payment is adjusted when procedure is performed in this place of service based on the submitted procedure code and place of service.
 ",Katherine Higgins,rhaildev,Active,RARC,Katherine Higgins,,2025-01-13T19:14:19Z,,Katherine Higgins,,2025-01-21T22:49:04Z,,,Active,,,31470804,dea51495-e2d1-ef11-8ee9-000d3a3723c6,72ea4760-2f38-ef11-840a-6045bd03203c,,72ea4760-2f38-ef11-840a-6045bd03203c,,72ea4760-2f38-ef11-840a-6045bd03203c,dc5c7cb8-6921-ef11-840b-0022480a10b0,
N536,"We are not changing the prior payer's determination of patient responsibility, which you may collect, as this service is not covered by us.
 ",Katherine Higgins,rhaildev,Active,RARC,Katherine Higgins,,2025-01-13T19:14:19Z,,Katherine Higgins,,2025-01-21T22:49:04Z,,,Active,,,31470805,dfa51495-e2d1-ef11-8ee9-000d3a3723c6,72ea4760-2f38-ef11-840a-6045bd03203c,,72ea4760-2f38-ef11-840a-6045bd03203c,,72ea4760-2f38-ef11-840a-6045bd03203c,dc5c7cb8-6921-ef11-840b-0022480a10b0,
N537,"We have examined claims history and no records of the services have been found.
 ",Katherine Higgins,rhaildev,Active,RARC,Katherine Higgins,,2025-01-13T19:14:19Z,,Katherine Higgins,,2025-01-21T22:49:04Z,,,Active,,,31470806,e0a51495-e2d1-ef11-8ee9-000d3a3723c6,72ea4760-2f38-ef11-840a-6045bd03203c,,72ea4760-2f38-ef11-840a-6045bd03203c,,72ea4760-2f38-ef11-840a-6045bd03203c,dc5c7cb8-6921-ef11-840b-0022480a10b0,
N538,"A facility is responsible for payment to outside providers who furnish these services/supplies/drugs to its patients/residents.
 ",Katherine Higgins,rhaildev,Active,RARC,Katherine Higgins,,2025-01-13T19:14:19Z,,Katherine Higgins,,2025-01-21T22:49:04Z,,,Active,,,31470807,e1a51495-e2d1-ef11-8ee9-000d3a3723c6,72ea4760-2f38-ef11-840a-6045bd03203c,,72ea4760-2f38-ef11-840a-6045bd03203c,,72ea4760-2f38-ef11-840a-6045bd03203c,dc5c7cb8-6921-ef11-840b-0022480a10b0,
N539,"Alert: We processed appeals/waiver requests on your behalf and that request has been denied.
 ",Katherine Higgins,rhaildev,Active,RARC,Katherine Higgins,,2025-01-13T19:14:19Z,,Katherine Higgins,,2025-01-21T22:49:04Z,,,Active,,,31470808,e2a51495-e2d1-ef11-8ee9-000d3a3723c6,72ea4760-2f38-ef11-840a-6045bd03203c,,72ea4760-2f38-ef11-840a-6045bd03203c,,72ea4760-2f38-ef11-840a-6045bd03203c,dc5c7cb8-6921-ef11-840b-0022480a10b0,
N540,"Payment adjusted based on the interrupted stay policy.
 ",Katherine Higgins,rhaildev,Active,RARC,Katherine Higgins,,2025-01-13T19:14:19Z,,Katherine Higgins,,2025-01-21T22:49:04Z,,,Active,,,31470809,e3a51495-e2d1-ef11-8ee9-000d3a3723c6,72ea4760-2f38-ef11-840a-6045bd03203c,,72ea4760-2f38-ef11-840a-6045bd03203c,,72ea4760-2f38-ef11-840a-6045bd03203c,dc5c7cb8-6921-ef11-840b-0022480a10b0,
N541,"Mismatch between the submitted insurance type code and the information stored in our system.
 ",Katherine Higgins,rhaildev,Active,RARC,Katherine Higgins,,2025-01-13T19:14:19Z,,Katherine Higgins,,2025-01-21T22:49:04Z,,,Active,,,31470810,e4a51495-e2d1-ef11-8ee9-000d3a3723c6,72ea4760-2f38-ef11-840a-6045bd03203c,,72ea4760-2f38-ef11-840a-6045bd03203c,,72ea4760-2f38-ef11-840a-6045bd03203c,dc5c7cb8-6921-ef11-840b-0022480a10b0,
N542,"Missing income verification.
 ",Katherine Higgins,rhaildev,Active,RARC,Katherine Higgins,,2025-01-13T19:14:19Z,,Katherine Higgins,,2025-01-21T22:49:04Z,,,Active,,,31470811,e5a51495-e2d1-ef11-8ee9-000d3a3723c6,72ea4760-2f38-ef11-840a-6045bd03203c,,72ea4760-2f38-ef11-840a-6045bd03203c,,72ea4760-2f38-ef11-840a-6045bd03203c,dc5c7cb8-6921-ef11-840b-0022480a10b0,
N543,Incomplete/invalid income verification.,Katherine Higgins,rhaildev,Active,RARC,Katherine Higgins,,2025-01-13T19:14:19Z,,Katherine Higgins,,2025-01-21T22:49:04Z,,,Active,,,31470812,e6a51495-e2d1-ef11-8ee9-000d3a3723c6,72ea4760-2f38-ef11-840a-6045bd03203c,,72ea4760-2f38-ef11-840a-6045bd03203c,,72ea4760-2f38-ef11-840a-6045bd03203c,dc5c7cb8-6921-ef11-840b-0022480a10b0,
N544,"Alert: Although this was paid, you have billed with a referring/ordering provider that does not match our system record. Unless corrected this will not be paid in the future.",Katherine Higgins,rhaildev,Active,RARC,Katherine Higgins,,2025-01-13T19:14:19Z,,Katherine Higgins,,2025-01-21T22:49:04Z,,,Active,,,31470813,e7a51495-e2d1-ef11-8ee9-000d3a3723c6,72ea4760-2f38-ef11-840a-6045bd03203c,,72ea4760-2f38-ef11-840a-6045bd03203c,,72ea4760-2f38-ef11-840a-6045bd03203c,dc5c7cb8-6921-ef11-840b-0022480a10b0,
N545,Payment reduced based on status as an unsuccessful eprescriber per the Electronic Prescribing (eRx) Incentive Program.,Katherine Higgins,rhaildev,Active,RARC,Katherine Higgins,,2025-01-13T19:14:19Z,,Katherine Higgins,,2025-01-21T22:49:04Z,,,Active,,,31470814,e8a51495-e2d1-ef11-8ee9-000d3a3723c6,72ea4760-2f38-ef11-840a-6045bd03203c,,72ea4760-2f38-ef11-840a-6045bd03203c,,72ea4760-2f38-ef11-840a-6045bd03203c,dc5c7cb8-6921-ef11-840b-0022480a10b0,
N546,Payment represents a previous reduction based on the Electronic Prescribing (eRx) Incentive Program.,Katherine Higgins,rhaildev,Active,RARC,Katherine Higgins,,2025-01-13T19:14:19Z,,Katherine Higgins,,2025-01-22T23:29:49Z,,,Active,,,31491636,e9a51495-e2d1-ef11-8ee9-000d3a3723c6,72ea4760-2f38-ef11-840a-6045bd03203c,,72ea4760-2f38-ef11-840a-6045bd03203c,,72ea4760-2f38-ef11-840a-6045bd03203c,dc5c7cb8-6921-ef11-840b-0022480a10b0,
N547,"A refund request (Frequency Type Code 8) was processed previously.
 ",Katherine Higgins,rhaildev,Active,RARC,Katherine Higgins,,2025-01-13T19:14:19Z,,Katherine Higgins,,2025-01-21T22:49:04Z,,,Active,,,31470815,eaa51495-e2d1-ef11-8ee9-000d3a3723c6,72ea4760-2f38-ef11-840a-6045bd03203c,,72ea4760-2f38-ef11-840a-6045bd03203c,,72ea4760-2f38-ef11-840a-6045bd03203c,dc5c7cb8-6921-ef11-840b-0022480a10b0,
N548,"Alert: Patient's calendar year deductible has been met.
 ",Katherine Higgins,rhaildev,Active,RARC,Katherine Higgins,,2025-01-13T19:14:19Z,,Katherine Higgins,,2025-01-21T22:49:04Z,,,Active,,,31470816,eba51495-e2d1-ef11-8ee9-000d3a3723c6,72ea4760-2f38-ef11-840a-6045bd03203c,,72ea4760-2f38-ef11-840a-6045bd03203c,,72ea4760-2f38-ef11-840a-6045bd03203c,dc5c7cb8-6921-ef11-840b-0022480a10b0,
N549,"Alert: Patient's calendar year out-of-pocket maximum has been met.
 ",Katherine Higgins,rhaildev,Active,RARC,Katherine Higgins,,2025-01-13T19:14:19Z,,Katherine Higgins,,2025-01-21T22:49:04Z,,,Active,,,31470817,eca51495-e2d1-ef11-8ee9-000d3a3723c6,72ea4760-2f38-ef11-840a-6045bd03203c,,72ea4760-2f38-ef11-840a-6045bd03203c,,72ea4760-2f38-ef11-840a-6045bd03203c,dc5c7cb8-6921-ef11-840b-0022480a10b0,
N550,"Alert: You have not responded to requests to revalidate your provider/supplier enrollment information. Your failure to revalidate your enrollment information will result in a payment hold in the near future.
 ",Katherine Higgins,rhaildev,Active,RARC,Katherine Higgins,,2025-01-13T19:14:19Z,,Katherine Higgins,,2025-01-21T22:49:04Z,,,Active,,,31470818,eda51495-e2d1-ef11-8ee9-000d3a3723c6,72ea4760-2f38-ef11-840a-6045bd03203c,,72ea4760-2f38-ef11-840a-6045bd03203c,,72ea4760-2f38-ef11-840a-6045bd03203c,dc5c7cb8-6921-ef11-840b-0022480a10b0,
N551,"Payment adjusted based on the Ambulatory Surgical Center (ASC) Quality Reporting Program.
 ",Katherine Higgins,rhaildev,Active,RARC,Katherine Higgins,,2025-01-13T19:14:19Z,,Katherine Higgins,,2025-01-21T22:49:04Z,,,Active,,,31470819,eea51495-e2d1-ef11-8ee9-000d3a3723c6,72ea4760-2f38-ef11-840a-6045bd03203c,,72ea4760-2f38-ef11-840a-6045bd03203c,,72ea4760-2f38-ef11-840a-6045bd03203c,dc5c7cb8-6921-ef11-840b-0022480a10b0,
N552,"Payment adjusted to reverse a previous withhold/bonus amount.
 ",Katherine Higgins,rhaildev,Active,RARC,Katherine Higgins,,2025-01-13T19:14:19Z,,Katherine Higgins,,2025-01-21T22:49:04Z,,,Active,,,31470820,efa51495-e2d1-ef11-8ee9-000d3a3723c6,72ea4760-2f38-ef11-840a-6045bd03203c,,72ea4760-2f38-ef11-840a-6045bd03203c,,72ea4760-2f38-ef11-840a-6045bd03203c,dc5c7cb8-6921-ef11-840b-0022480a10b0,
N554,"Missing/Incomplete/Invalid Family Planning Indicator
",Katherine Higgins,rhaildev,Active,RARC,Katherine Higgins,,2025-01-13T19:14:19Z,,Katherine Higgins,,2025-01-21T22:49:04Z,,,Active,,,31470821,f0a51495-e2d1-ef11-8ee9-000d3a3723c6,72ea4760-2f38-ef11-840a-6045bd03203c,,72ea4760-2f38-ef11-840a-6045bd03203c,,72ea4760-2f38-ef11-840a-6045bd03203c,dc5c7cb8-6921-ef11-840b-0022480a10b0,
N555,"Missing medication list.
 ",Katherine Higgins,rhaildev,Active,RARC,Katherine Higgins,,2025-01-13T19:14:19Z,,Katherine Higgins,,2025-01-21T22:49:04Z,,,Active,,,31470822,f1a51495-e2d1-ef11-8ee9-000d3a3723c6,72ea4760-2f38-ef11-840a-6045bd03203c,,72ea4760-2f38-ef11-840a-6045bd03203c,,72ea4760-2f38-ef11-840a-6045bd03203c,dc5c7cb8-6921-ef11-840b-0022480a10b0,
N556,"Incomplete/invalid medication list.
 ",Katherine Higgins,rhaildev,Active,RARC,Katherine Higgins,,2025-01-13T19:14:19Z,,Katherine Higgins,,2025-01-21T22:49:04Z,,,Active,,,31470823,f2a51495-e2d1-ef11-8ee9-000d3a3723c6,72ea4760-2f38-ef11-840a-6045bd03203c,,72ea4760-2f38-ef11-840a-6045bd03203c,,72ea4760-2f38-ef11-840a-6045bd03203c,dc5c7cb8-6921-ef11-840b-0022480a10b0,
N557,"This claim/service is not payable under our service area. The claim must be filed to the Payer/Plan in whose service area the specimen was collected.
 ",Katherine Higgins,rhaildev,Active,RARC,Katherine Higgins,,2025-01-13T19:14:19Z,,Katherine Higgins,,2025-01-21T22:49:04Z,,,Active,,,31470824,f3a51495-e2d1-ef11-8ee9-000d3a3723c6,72ea4760-2f38-ef11-840a-6045bd03203c,,72ea4760-2f38-ef11-840a-6045bd03203c,,72ea4760-2f38-ef11-840a-6045bd03203c,dc5c7cb8-6921-ef11-840b-0022480a10b0,
N558,"This claim/service is not payable under our service area. The claim must be filed to the Payer/Plan in whose service area the equipment was received.
 ",Katherine Higgins,rhaildev,Active,RARC,Katherine Higgins,,2025-01-13T19:14:19Z,,Katherine Higgins,,2025-01-21T22:49:04Z,,,Active,,,31470825,f4a51495-e2d1-ef11-8ee9-000d3a3723c6,72ea4760-2f38-ef11-840a-6045bd03203c,,72ea4760-2f38-ef11-840a-6045bd03203c,,72ea4760-2f38-ef11-840a-6045bd03203c,dc5c7cb8-6921-ef11-840b-0022480a10b0,
N559,"This claim/service is not payable under our service area. The claim must be filed to the Payer/Plan in whose service area the Ordering Physician is located.
 ",Katherine Higgins,rhaildev,Active,RARC,Katherine Higgins,,2025-01-13T19:14:19Z,,Katherine Higgins,,2025-01-21T22:49:04Z,,,Active,,,31470826,f5a51495-e2d1-ef11-8ee9-000d3a3723c6,72ea4760-2f38-ef11-840a-6045bd03203c,,72ea4760-2f38-ef11-840a-6045bd03203c,,72ea4760-2f38-ef11-840a-6045bd03203c,dc5c7cb8-6921-ef11-840b-0022480a10b0,
N560,"The pilot program requires an interim or final claim within 60 days of the Notice of Admission. A claim was not received.
 ",Katherine Higgins,rhaildev,Active,RARC,Katherine Higgins,,2025-01-13T19:14:19Z,,Katherine Higgins,,2025-01-21T22:49:04Z,,,Active,,,31470827,f6a51495-e2d1-ef11-8ee9-000d3a3723c6,72ea4760-2f38-ef11-840a-6045bd03203c,,72ea4760-2f38-ef11-840a-6045bd03203c,,72ea4760-2f38-ef11-840a-6045bd03203c,dc5c7cb8-6921-ef11-840b-0022480a10b0,
N561,"The bundled claim originally submitted for this episode of care includes related readmissions. You may resubmit the original claim to receive a corrected payment based on this readmission.
 ",Katherine Higgins,rhaildev,Active,RARC,Katherine Higgins,,2025-01-13T19:14:19Z,,Katherine Higgins,,2025-01-21T22:49:04Z,,,Active,,,31470828,f7a51495-e2d1-ef11-8ee9-000d3a3723c6,72ea4760-2f38-ef11-840a-6045bd03203c,,72ea4760-2f38-ef11-840a-6045bd03203c,,72ea4760-2f38-ef11-840a-6045bd03203c,dc5c7cb8-6921-ef11-840b-0022480a10b0,
N562,"The provider number of your incoming claim does not match the provider number on the processed Notice of Admission (NOA) for this bundled payment.
 ",Katherine Higgins,rhaildev,Active,RARC,Katherine Higgins,,2025-01-13T19:14:19Z,,Katherine Higgins,,2025-01-21T22:49:04Z,,,Active,,,31470829,f8a51495-e2d1-ef11-8ee9-000d3a3723c6,72ea4760-2f38-ef11-840a-6045bd03203c,,72ea4760-2f38-ef11-840a-6045bd03203c,,72ea4760-2f38-ef11-840a-6045bd03203c,dc5c7cb8-6921-ef11-840b-0022480a10b0,
N563,Alert: Missing required provider/supplier issuance of advance patient notice of non-coverage. The patient is not liable for payment for this service.,Katherine Higgins,rhaildev,Active,RARC,Katherine Higgins,,2025-01-13T19:14:19Z,,Katherine Higgins,,2025-01-21T22:49:04Z,,,Active,,,31470830,f9a51495-e2d1-ef11-8ee9-000d3a3723c6,72ea4760-2f38-ef11-840a-6045bd03203c,,72ea4760-2f38-ef11-840a-6045bd03203c,,72ea4760-2f38-ef11-840a-6045bd03203c,dc5c7cb8-6921-ef11-840b-0022480a10b0,
N564,"Patient did not meet the inclusion criteria for the demonstration project or pilot program.
 ",Katherine Higgins,rhaildev,Active,RARC,Katherine Higgins,,2025-01-13T19:14:19Z,,Katherine Higgins,,2025-01-21T22:49:04Z,,,Active,,,31470831,faa51495-e2d1-ef11-8ee9-000d3a3723c6,72ea4760-2f38-ef11-840a-6045bd03203c,,72ea4760-2f38-ef11-840a-6045bd03203c,,72ea4760-2f38-ef11-840a-6045bd03203c,dc5c7cb8-6921-ef11-840b-0022480a10b0,
N565,Alert: This non-payable reporting code requires a modifier. Future claims containing this non-payable reporting code must include an appropriate modifier for the claim to be processed.,Katherine Higgins,rhaildev,Active,RARC,Katherine Higgins,,2025-01-13T19:14:19Z,,Katherine Higgins,,2025-01-21T22:49:04Z,,,Active,,,31470832,fba51495-e2d1-ef11-8ee9-000d3a3723c6,72ea4760-2f38-ef11-840a-6045bd03203c,,72ea4760-2f38-ef11-840a-6045bd03203c,,72ea4760-2f38-ef11-840a-6045bd03203c,dc5c7cb8-6921-ef11-840b-0022480a10b0,
N566,"Alert: This procedure code requires functional reporting. Future claims containing this procedure code must include an applicable non-payable code and appropriate modifiers for the claim to be processed.
 ",Katherine Higgins,rhaildev,Active,RARC,Katherine Higgins,,2025-01-13T19:14:19Z,,Katherine Higgins,,2025-01-21T22:49:04Z,,,Active,,,31470833,fca51495-e2d1-ef11-8ee9-000d3a3723c6,72ea4760-2f38-ef11-840a-6045bd03203c,,72ea4760-2f38-ef11-840a-6045bd03203c,,72ea4760-2f38-ef11-840a-6045bd03203c,dc5c7cb8-6921-ef11-840b-0022480a10b0,
N567,"Not covered when considered preventative.
 ",Katherine Higgins,rhaildev,Active,RARC,Katherine Higgins,,2025-01-13T19:14:19Z,,Katherine Higgins,,2025-01-21T22:49:04Z,,,Active,,,31470834,fda51495-e2d1-ef11-8ee9-000d3a3723c6,72ea4760-2f38-ef11-840a-6045bd03203c,,72ea4760-2f38-ef11-840a-6045bd03203c,,72ea4760-2f38-ef11-840a-6045bd03203c,dc5c7cb8-6921-ef11-840b-0022480a10b0,
N568,"Alert: Initial payment based on the Notice of Admission (NOA) under the Bundled Payment Model IV initiative.
 ",Katherine Higgins,rhaildev,Active,RARC,Katherine Higgins,,2025-01-13T19:14:19Z,,Katherine Higgins,,2025-01-21T22:49:04Z,,,Active,,,31470835,fea51495-e2d1-ef11-8ee9-000d3a3723c6,72ea4760-2f38-ef11-840a-6045bd03203c,,72ea4760-2f38-ef11-840a-6045bd03203c,,72ea4760-2f38-ef11-840a-6045bd03203c,dc5c7cb8-6921-ef11-840b-0022480a10b0,
N569,"Not covered when performed for the reported diagnosis.
 ",Katherine Higgins,rhaildev,Active,RARC,Katherine Higgins,,2025-01-13T19:14:19Z,,Katherine Higgins,,2025-01-21T22:49:04Z,,,Active,,,31470836,ffa51495-e2d1-ef11-8ee9-000d3a3723c6,72ea4760-2f38-ef11-840a-6045bd03203c,,72ea4760-2f38-ef11-840a-6045bd03203c,,72ea4760-2f38-ef11-840a-6045bd03203c,dc5c7cb8-6921-ef11-840b-0022480a10b0,
N570,Missing/incomplete/invalid credentialing data.,Katherine Higgins,rhaildev,Active,RARC,Katherine Higgins,,2025-01-13T19:14:19Z,,Katherine Higgins,,2025-01-21T22:49:04Z,,,Active,,,31470837,00a61495-e2d1-ef11-8ee9-000d3a3723c6,72ea4760-2f38-ef11-840a-6045bd03203c,,72ea4760-2f38-ef11-840a-6045bd03203c,,72ea4760-2f38-ef11-840a-6045bd03203c,dc5c7cb8-6921-ef11-840b-0022480a10b0,
N571,"Alert: Payment will be issued quarterly by another payer/contractor.
 ",Katherine Higgins,rhaildev,Active,RARC,Katherine Higgins,,2025-01-13T19:14:19Z,,Katherine Higgins,,2025-01-21T22:49:04Z,,,Active,,,31470838,01a61495-e2d1-ef11-8ee9-000d3a3723c6,72ea4760-2f38-ef11-840a-6045bd03203c,,72ea4760-2f38-ef11-840a-6045bd03203c,,72ea4760-2f38-ef11-840a-6045bd03203c,dc5c7cb8-6921-ef11-840b-0022480a10b0,
N572,This procedure is not payable unless appropriate non-payable reporting codes and associated modifiers are submitted.,Katherine Higgins,rhaildev,Active,RARC,Katherine Higgins,,2025-01-13T19:14:19Z,,Katherine Higgins,,2025-01-21T22:49:04Z,,,Active,,,31470839,02a61495-e2d1-ef11-8ee9-000d3a3723c6,72ea4760-2f38-ef11-840a-6045bd03203c,,72ea4760-2f38-ef11-840a-6045bd03203c,,72ea4760-2f38-ef11-840a-6045bd03203c,dc5c7cb8-6921-ef11-840b-0022480a10b0,
N573,"Alert: You have been overpaid and must refund the overpayment. The refund will be requested separately by another payer/contractor.
 ",Katherine Higgins,rhaildev,Active,RARC,Katherine Higgins,,2025-01-13T19:14:19Z,,Katherine Higgins,,2025-01-21T22:49:04Z,,,Active,,,31470840,03a61495-e2d1-ef11-8ee9-000d3a3723c6,72ea4760-2f38-ef11-840a-6045bd03203c,,72ea4760-2f38-ef11-840a-6045bd03203c,,72ea4760-2f38-ef11-840a-6045bd03203c,dc5c7cb8-6921-ef11-840b-0022480a10b0,
N574,Our records indicate the ordering/referring provider is of a type/specialty that cannot order or refer. Please verify that the claim ordering/referring provider information is accurate or contact the ordering/referring provider.,Katherine Higgins,rhaildev,Active,RARC,Katherine Higgins,,2025-01-13T19:14:19Z,,Katherine Higgins,,2025-01-21T22:49:04Z,,,Active,,,31470841,04a61495-e2d1-ef11-8ee9-000d3a3723c6,72ea4760-2f38-ef11-840a-6045bd03203c,,72ea4760-2f38-ef11-840a-6045bd03203c,,72ea4760-2f38-ef11-840a-6045bd03203c,dc5c7cb8-6921-ef11-840b-0022480a10b0,
N575,Mismatch between the submitted ordering/referring provider name and the ordering/referring provider name stored in our records.,Katherine Higgins,rhaildev,Active,RARC,Katherine Higgins,,2025-01-13T19:14:19Z,,Katherine Higgins,,2025-01-21T22:49:04Z,,,Active,,,31470842,05a61495-e2d1-ef11-8ee9-000d3a3723c6,72ea4760-2f38-ef11-840a-6045bd03203c,,72ea4760-2f38-ef11-840a-6045bd03203c,,72ea4760-2f38-ef11-840a-6045bd03203c,dc5c7cb8-6921-ef11-840b-0022480a10b0,
N576,Services not related to the specific incident/claim/accident/loss being reported.,Katherine Higgins,rhaildev,Active,RARC,Katherine Higgins,,2025-01-13T19:14:19Z,,Katherine Higgins,,2025-01-21T22:49:04Z,,,Active,,,31470843,06a61495-e2d1-ef11-8ee9-000d3a3723c6,72ea4760-2f38-ef11-840a-6045bd03203c,,72ea4760-2f38-ef11-840a-6045bd03203c,,72ea4760-2f38-ef11-840a-6045bd03203c,dc5c7cb8-6921-ef11-840b-0022480a10b0,
N577,"Personal Injury Protection (PIP) Coverage.
 ",Katherine Higgins,rhaildev,Active,RARC,Katherine Higgins,,2025-01-13T19:14:19Z,,Katherine Higgins,,2025-01-21T22:49:04Z,,,Active,,,31470844,07a61495-e2d1-ef11-8ee9-000d3a3723c6,72ea4760-2f38-ef11-840a-6045bd03203c,,72ea4760-2f38-ef11-840a-6045bd03203c,,72ea4760-2f38-ef11-840a-6045bd03203c,dc5c7cb8-6921-ef11-840b-0022480a10b0,
N578,"Coverages do not apply to this loss.
 ",Katherine Higgins,rhaildev,Active,RARC,Katherine Higgins,,2025-01-13T19:14:19Z,,Katherine Higgins,,2025-01-21T22:49:04Z,,,Active,,,31470845,08a61495-e2d1-ef11-8ee9-000d3a3723c6,72ea4760-2f38-ef11-840a-6045bd03203c,,72ea4760-2f38-ef11-840a-6045bd03203c,,72ea4760-2f38-ef11-840a-6045bd03203c,dc5c7cb8-6921-ef11-840b-0022480a10b0,
N579,"Medical Payments Coverage (MPC).
 ",Katherine Higgins,rhaildev,Active,RARC,Katherine Higgins,,2025-01-13T19:14:19Z,,Katherine Higgins,,2025-01-21T22:49:04Z,,,Active,,,31470846,09a61495-e2d1-ef11-8ee9-000d3a3723c6,72ea4760-2f38-ef11-840a-6045bd03203c,,72ea4760-2f38-ef11-840a-6045bd03203c,,72ea4760-2f38-ef11-840a-6045bd03203c,dc5c7cb8-6921-ef11-840b-0022480a10b0,
N580,"Determination based on the provisions of the insurance policy.
 ",Katherine Higgins,rhaildev,Active,RARC,Katherine Higgins,,2025-01-13T19:14:19Z,,Katherine Higgins,,2025-01-21T22:49:05Z,,,Active,,,31470847,0aa61495-e2d1-ef11-8ee9-000d3a3723c6,72ea4760-2f38-ef11-840a-6045bd03203c,,72ea4760-2f38-ef11-840a-6045bd03203c,,72ea4760-2f38-ef11-840a-6045bd03203c,dc5c7cb8-6921-ef11-840b-0022480a10b0,
N581,"Investigation of coverage eligibility is pending.
 ",Katherine Higgins,rhaildev,Active,RARC,Katherine Higgins,,2025-01-13T19:14:19Z,,Katherine Higgins,,2025-01-21T22:49:05Z,,,Active,,,31470849,0ba61495-e2d1-ef11-8ee9-000d3a3723c6,72ea4760-2f38-ef11-840a-6045bd03203c,,72ea4760-2f38-ef11-840a-6045bd03203c,,72ea4760-2f38-ef11-840a-6045bd03203c,dc5c7cb8-6921-ef11-840b-0022480a10b0,
N582,"Benefits suspended pending the patient's cooperation.
 ",Katherine Higgins,rhaildev,Active,RARC,Katherine Higgins,,2025-01-13T19:14:19Z,,Katherine Higgins,,2025-01-21T22:49:05Z,,,Active,,,31470850,0ca61495-e2d1-ef11-8ee9-000d3a3723c6,72ea4760-2f38-ef11-840a-6045bd03203c,,72ea4760-2f38-ef11-840a-6045bd03203c,,72ea4760-2f38-ef11-840a-6045bd03203c,dc5c7cb8-6921-ef11-840b-0022480a10b0,
N583,"Patient was not an occupant of our insured vehicle and therefore, is not an eligible injured person.
 ",Katherine Higgins,rhaildev,Active,RARC,Katherine Higgins,,2025-01-13T19:14:19Z,,Katherine Higgins,,2025-01-21T22:49:05Z,,,Active,,,31470851,0da61495-e2d1-ef11-8ee9-000d3a3723c6,72ea4760-2f38-ef11-840a-6045bd03203c,,72ea4760-2f38-ef11-840a-6045bd03203c,,72ea4760-2f38-ef11-840a-6045bd03203c,dc5c7cb8-6921-ef11-840b-0022480a10b0,
N584,"Not covered based on the insured's noncompliance with policy or statutory conditions.
 ",Katherine Higgins,rhaildev,Active,RARC,Katherine Higgins,,2025-01-13T19:14:19Z,,Katherine Higgins,,2025-01-21T22:49:05Z,,,Active,,,31470852,0ea61495-e2d1-ef11-8ee9-000d3a3723c6,72ea4760-2f38-ef11-840a-6045bd03203c,,72ea4760-2f38-ef11-840a-6045bd03203c,,72ea4760-2f38-ef11-840a-6045bd03203c,dc5c7cb8-6921-ef11-840b-0022480a10b0,
N585,"Benefits are no longer available based on a final injury settlement.
 ",Katherine Higgins,rhaildev,Active,RARC,Katherine Higgins,,2025-01-13T19:14:19Z,,Katherine Higgins,,2025-01-21T22:49:05Z,,,Active,,,31470853,0fa61495-e2d1-ef11-8ee9-000d3a3723c6,72ea4760-2f38-ef11-840a-6045bd03203c,,72ea4760-2f38-ef11-840a-6045bd03203c,,72ea4760-2f38-ef11-840a-6045bd03203c,dc5c7cb8-6921-ef11-840b-0022480a10b0,
N586,"The injured party does not qualify for benefits.
 ",Katherine Higgins,rhaildev,Active,RARC,Katherine Higgins,,2025-01-13T19:14:19Z,,Katherine Higgins,,2025-01-21T22:49:05Z,,,Active,,,31470854,10a61495-e2d1-ef11-8ee9-000d3a3723c6,72ea4760-2f38-ef11-840a-6045bd03203c,,72ea4760-2f38-ef11-840a-6045bd03203c,,72ea4760-2f38-ef11-840a-6045bd03203c,dc5c7cb8-6921-ef11-840b-0022480a10b0,
N587,"Policy benefits have been exhausted.
 ",Katherine Higgins,rhaildev,Active,RARC,Katherine Higgins,,2025-01-13T19:14:20Z,,Katherine Higgins,,2025-01-21T22:49:05Z,,,Active,,,31470855,11a61495-e2d1-ef11-8ee9-000d3a3723c6,72ea4760-2f38-ef11-840a-6045bd03203c,,72ea4760-2f38-ef11-840a-6045bd03203c,,72ea4760-2f38-ef11-840a-6045bd03203c,dc5c7cb8-6921-ef11-840b-0022480a10b0,
N588,"The patient has instructed that medical claims/bills are not to be paid.
 ",Katherine Higgins,rhaildev,Active,RARC,Katherine Higgins,,2025-01-13T19:14:20Z,,Katherine Higgins,,2025-01-21T22:49:05Z,,,Active,,,31470856,12a61495-e2d1-ef11-8ee9-000d3a3723c6,72ea4760-2f38-ef11-840a-6045bd03203c,,72ea4760-2f38-ef11-840a-6045bd03203c,,72ea4760-2f38-ef11-840a-6045bd03203c,dc5c7cb8-6921-ef11-840b-0022480a10b0,
N589,"Coverage is excluded to any person injured as a result of operating a motor vehicle while in an intoxicated condition or while the ability to operate such a vehicle is impaired by the use of a drug.
 ",Katherine Higgins,rhaildev,Active,RARC,Katherine Higgins,,2025-01-13T19:14:20Z,,Katherine Higgins,,2025-01-21T22:49:05Z,,,Active,,,31470857,13a61495-e2d1-ef11-8ee9-000d3a3723c6,72ea4760-2f38-ef11-840a-6045bd03203c,,72ea4760-2f38-ef11-840a-6045bd03203c,,72ea4760-2f38-ef11-840a-6045bd03203c,dc5c7cb8-6921-ef11-840b-0022480a10b0,
N590,"Missing independent medical exam detailing the cause of injuries sustained and medical necessity of services rendered.
 ",Katherine Higgins,rhaildev,Active,RARC,Katherine Higgins,,2025-01-13T19:14:20Z,,Katherine Higgins,,2025-01-21T22:49:05Z,,,Active,,,31470858,14a61495-e2d1-ef11-8ee9-000d3a3723c6,72ea4760-2f38-ef11-840a-6045bd03203c,,72ea4760-2f38-ef11-840a-6045bd03203c,,72ea4760-2f38-ef11-840a-6045bd03203c,dc5c7cb8-6921-ef11-840b-0022480a10b0,
N591,"Payment based on an Independent Medical Examination (IME) or Utilization Review (UR).
 ",Katherine Higgins,rhaildev,Active,RARC,Katherine Higgins,,2025-01-13T19:14:20Z,,Katherine Higgins,,2025-01-21T22:49:05Z,,,Active,,,31470859,15a61495-e2d1-ef11-8ee9-000d3a3723c6,72ea4760-2f38-ef11-840a-6045bd03203c,,72ea4760-2f38-ef11-840a-6045bd03203c,,72ea4760-2f38-ef11-840a-6045bd03203c,dc5c7cb8-6921-ef11-840b-0022480a10b0,
N592,"Adjusted because this is not the initial prescription or exceeds the amount allowed for the initial prescription.
 ",Katherine Higgins,rhaildev,Active,RARC,Katherine Higgins,,2025-01-13T19:14:20Z,,Katherine Higgins,,2025-01-21T22:49:05Z,,,Active,,,31470860,16a61495-e2d1-ef11-8ee9-000d3a3723c6,72ea4760-2f38-ef11-840a-6045bd03203c,,72ea4760-2f38-ef11-840a-6045bd03203c,,72ea4760-2f38-ef11-840a-6045bd03203c,dc5c7cb8-6921-ef11-840b-0022480a10b0,
N593,"Not covered based on failure to attend a scheduled Independent Medical Exam (IME).
 ",Katherine Higgins,rhaildev,Active,RARC,Katherine Higgins,,2025-01-13T19:14:20Z,,Katherine Higgins,,2025-01-21T22:49:05Z,,,Active,,,31470861,17a61495-e2d1-ef11-8ee9-000d3a3723c6,72ea4760-2f38-ef11-840a-6045bd03203c,,72ea4760-2f38-ef11-840a-6045bd03203c,,72ea4760-2f38-ef11-840a-6045bd03203c,dc5c7cb8-6921-ef11-840b-0022480a10b0,
N594,"Records reflect the injured party did not complete an Application for Benefits for this loss.
 ",Katherine Higgins,rhaildev,Active,RARC,Katherine Higgins,,2025-01-13T19:14:20Z,,Katherine Higgins,,2025-01-21T22:49:05Z,,,Active,,,31470862,18a61495-e2d1-ef11-8ee9-000d3a3723c6,72ea4760-2f38-ef11-840a-6045bd03203c,,72ea4760-2f38-ef11-840a-6045bd03203c,,72ea4760-2f38-ef11-840a-6045bd03203c,dc5c7cb8-6921-ef11-840b-0022480a10b0,
N595,"Records reflect the injured party did not complete an Assignment of Benefits for this loss.
 ",Katherine Higgins,rhaildev,Active,RARC,Katherine Higgins,,2025-01-13T19:14:20Z,,Katherine Higgins,,2025-01-21T22:49:05Z,,,Active,,,31470863,19a61495-e2d1-ef11-8ee9-000d3a3723c6,72ea4760-2f38-ef11-840a-6045bd03203c,,72ea4760-2f38-ef11-840a-6045bd03203c,,72ea4760-2f38-ef11-840a-6045bd03203c,dc5c7cb8-6921-ef11-840b-0022480a10b0,
N596,"Records reflect the injured party did not complete a Medical Authorization for this loss.
 ",Katherine Higgins,rhaildev,Active,RARC,Katherine Higgins,,2025-01-13T19:14:20Z,,Katherine Higgins,,2025-01-21T22:49:05Z,,,Active,,,31470864,1aa61495-e2d1-ef11-8ee9-000d3a3723c6,72ea4760-2f38-ef11-840a-6045bd03203c,,72ea4760-2f38-ef11-840a-6045bd03203c,,72ea4760-2f38-ef11-840a-6045bd03203c,dc5c7cb8-6921-ef11-840b-0022480a10b0,
N597,Adjusted based on a medical/dental provider's apportionment of care between related injuries and other unrelated medical/dental conditions/injuries.,Katherine Higgins,rhaildev,Active,RARC,Katherine Higgins,,2025-01-13T19:14:20Z,,Katherine Higgins,,2025-01-21T22:49:05Z,,,Active,,,31470865,1ba61495-e2d1-ef11-8ee9-000d3a3723c6,72ea4760-2f38-ef11-840a-6045bd03203c,,72ea4760-2f38-ef11-840a-6045bd03203c,,72ea4760-2f38-ef11-840a-6045bd03203c,dc5c7cb8-6921-ef11-840b-0022480a10b0,
N598,"Health care policy coverage is primary.
 ",Katherine Higgins,rhaildev,Active,RARC,Katherine Higgins,,2025-01-13T19:14:20Z,,Katherine Higgins,,2025-01-21T22:49:05Z,,,Active,,,31470866,1ca61495-e2d1-ef11-8ee9-000d3a3723c6,72ea4760-2f38-ef11-840a-6045bd03203c,,72ea4760-2f38-ef11-840a-6045bd03203c,,72ea4760-2f38-ef11-840a-6045bd03203c,dc5c7cb8-6921-ef11-840b-0022480a10b0,
N599,"Our payment for this service is based upon a reasonable amount pursuant to both the terms and conditions of the policy of insurance under which the subject claim is being made as well as the Florida No-Fault Statute, which permits, when determining a reasonable charge for a service, an insurer to consider usual and customary charges and payments accepted by the provider, reimbursement levels in the community and various federal and state fee schedules applicable to automobile and other insurance coverages, and other information relevant to the reasonableness of the reimbursement for the service. The payment for this service is based upon 200% of the Participating Level of Medicare Part B fee schedule for the locale in which the services were rendered.
 ",Katherine Higgins,rhaildev,Active,RARC,Katherine Higgins,,2025-01-13T19:14:20Z,,Katherine Higgins,,2025-01-21T22:49:05Z,,,Active,,,31470867,1da61495-e2d1-ef11-8ee9-000d3a3723c6,72ea4760-2f38-ef11-840a-6045bd03203c,,72ea4760-2f38-ef11-840a-6045bd03203c,,72ea4760-2f38-ef11-840a-6045bd03203c,dc5c7cb8-6921-ef11-840b-0022480a10b0,
N600,"Adjusted based on the applicable fee schedule for the region in which the service was rendered.
 ",Katherine Higgins,rhaildev,Active,RARC,Katherine Higgins,,2025-01-13T19:14:20Z,,Katherine Higgins,,2025-01-21T22:49:05Z,,,Active,,,31470868,1ea61495-e2d1-ef11-8ee9-000d3a3723c6,72ea4760-2f38-ef11-840a-6045bd03203c,,72ea4760-2f38-ef11-840a-6045bd03203c,,72ea4760-2f38-ef11-840a-6045bd03203c,dc5c7cb8-6921-ef11-840b-0022480a10b0,
N601,"In accordance with Hawaii Administrative Rules, Title 16, Chapter 23 Motor Vehicle Insurance Law payment is recommended based on Medicare Resource Based Relative Value Scale System applicable to Hawaii.
 ",Katherine Higgins,rhaildev,Active,RARC,Katherine Higgins,,2025-01-13T19:14:20Z,,Katherine Higgins,,2025-01-21T22:49:05Z,,,Active,,,31470869,1fa61495-e2d1-ef11-8ee9-000d3a3723c6,72ea4760-2f38-ef11-840a-6045bd03203c,,72ea4760-2f38-ef11-840a-6045bd03203c,,72ea4760-2f38-ef11-840a-6045bd03203c,dc5c7cb8-6921-ef11-840b-0022480a10b0,
N602,"Adjusted based on the Redbook maximum allowance.
 ",Katherine Higgins,rhaildev,Active,RARC,Katherine Higgins,,2025-01-13T19:14:20Z,,Katherine Higgins,,2025-01-21T22:49:05Z,,,Active,,,31470870,20a61495-e2d1-ef11-8ee9-000d3a3723c6,72ea4760-2f38-ef11-840a-6045bd03203c,,72ea4760-2f38-ef11-840a-6045bd03203c,,72ea4760-2f38-ef11-840a-6045bd03203c,dc5c7cb8-6921-ef11-840b-0022480a10b0,
N603,"This fee is calculated according to the New Jersey medical fee schedules for Automobile Personal Injury Protection and Motor Bus Medical Expense Insurance Coverage.
 ",Katherine Higgins,rhaildev,Active,RARC,Katherine Higgins,,2025-01-13T19:14:20Z,,Katherine Higgins,,2025-01-21T22:49:05Z,,,Active,,,31470871,21a61495-e2d1-ef11-8ee9-000d3a3723c6,72ea4760-2f38-ef11-840a-6045bd03203c,,72ea4760-2f38-ef11-840a-6045bd03203c,,72ea4760-2f38-ef11-840a-6045bd03203c,dc5c7cb8-6921-ef11-840b-0022480a10b0,
N604,"In accordance with New York No-Fault Law, Regulation 68, this base fee was calculated according to the New York Workers' Compensation Board Schedule of Medical Fees, pursuant to Regulation 83 and / or Appendix 17-C of 11 NYCRR.
 ",Katherine Higgins,rhaildev,Active,RARC,Katherine Higgins,,2025-01-13T19:14:20Z,,Katherine Higgins,,2025-01-21T22:49:05Z,,,Active,,,31470872,48089996-e2d1-ef11-8eea-000d3a3b3075,72ea4760-2f38-ef11-840a-6045bd03203c,,72ea4760-2f38-ef11-840a-6045bd03203c,,72ea4760-2f38-ef11-840a-6045bd03203c,dc5c7cb8-6921-ef11-840b-0022480a10b0,
N605,"This fee was calculated based upon New York All Patients Refined Diagnosis Related Groups (APR-DRG), pursuant to Regulation 68.
 ",Katherine Higgins,rhaildev,Active,RARC,Katherine Higgins,,2025-01-13T19:14:20Z,,Katherine Higgins,,2025-01-21T22:49:05Z,,,Active,,,31470873,49089996-e2d1-ef11-8eea-000d3a3b3075,72ea4760-2f38-ef11-840a-6045bd03203c,,72ea4760-2f38-ef11-840a-6045bd03203c,,72ea4760-2f38-ef11-840a-6045bd03203c,dc5c7cb8-6921-ef11-840b-0022480a10b0,
N606,"The Oregon allowed amount for this procedure is based upon the Workers Compensation Fee Schedule (OAR 436-009). The allowed amount has been calculated in accordance with Section 4 of ORS 742.524.
 ",Katherine Higgins,rhaildev,Active,RARC,Katherine Higgins,,2025-01-13T19:14:20Z,,Katherine Higgins,,2025-01-21T22:49:05Z,,,Active,,,31470875,4a089996-e2d1-ef11-8eea-000d3a3b3075,72ea4760-2f38-ef11-840a-6045bd03203c,,72ea4760-2f38-ef11-840a-6045bd03203c,,72ea4760-2f38-ef11-840a-6045bd03203c,dc5c7cb8-6921-ef11-840b-0022480a10b0,
N607,"Service provided for non-compensable condition(s).
 ",Katherine Higgins,rhaildev,Active,RARC,Katherine Higgins,,2025-01-13T19:14:20Z,,Katherine Higgins,,2025-01-21T22:49:05Z,,,Active,,,31470876,4b089996-e2d1-ef11-8eea-000d3a3b3075,72ea4760-2f38-ef11-840a-6045bd03203c,,72ea4760-2f38-ef11-840a-6045bd03203c,,72ea4760-2f38-ef11-840a-6045bd03203c,dc5c7cb8-6921-ef11-840b-0022480a10b0,
N608,"The fee schedule amount allowed is calculated at 110% of the Medicare Fee Schedule for this region, specialty and type of service. This fee is calculated in compliance with Act 6.
 ",Katherine Higgins,rhaildev,Active,RARC,Katherine Higgins,,2025-01-13T19:14:20Z,,Katherine Higgins,,2025-01-21T22:49:05Z,,,Active,,,31470877,4c089996-e2d1-ef11-8eea-000d3a3b3075,72ea4760-2f38-ef11-840a-6045bd03203c,,72ea4760-2f38-ef11-840a-6045bd03203c,,72ea4760-2f38-ef11-840a-6045bd03203c,dc5c7cb8-6921-ef11-840b-0022480a10b0,
N609,80% of the provider's billed amount is being recommended for payment according to Act 6.,Katherine Higgins,rhaildev,Active,RARC,Katherine Higgins,,2025-01-13T19:14:20Z,,Katherine Higgins,,2025-01-21T22:49:05Z,,,Active,,,31470878,4d089996-e2d1-ef11-8eea-000d3a3b3075,72ea4760-2f38-ef11-840a-6045bd03203c,,72ea4760-2f38-ef11-840a-6045bd03203c,,72ea4760-2f38-ef11-840a-6045bd03203c,dc5c7cb8-6921-ef11-840b-0022480a10b0,
N610,"Alert: Payment based on an appropriate level of care.
 ",Katherine Higgins,rhaildev,Active,RARC,Katherine Higgins,,2025-01-13T19:14:20Z,,Katherine Higgins,,2025-01-21T22:49:05Z,,,Active,,,31470879,4e089996-e2d1-ef11-8eea-000d3a3b3075,72ea4760-2f38-ef11-840a-6045bd03203c,,72ea4760-2f38-ef11-840a-6045bd03203c,,72ea4760-2f38-ef11-840a-6045bd03203c,dc5c7cb8-6921-ef11-840b-0022480a10b0,
N611,"Claim in litigation. Contact insurer for more information.
 ",Katherine Higgins,rhaildev,Active,RARC,Katherine Higgins,,2025-01-13T19:14:20Z,,Katherine Higgins,,2025-01-21T22:49:05Z,,,Active,,,31470880,4f089996-e2d1-ef11-8eea-000d3a3b3075,72ea4760-2f38-ef11-840a-6045bd03203c,,72ea4760-2f38-ef11-840a-6045bd03203c,,72ea4760-2f38-ef11-840a-6045bd03203c,dc5c7cb8-6921-ef11-840b-0022480a10b0,
N612,"Medical provider not authorized/certified to provide treatment to injured workers in this jurisdiction.
 ",Katherine Higgins,rhaildev,Active,RARC,Katherine Higgins,,2025-01-13T19:14:20Z,,Katherine Higgins,,2025-01-21T22:49:05Z,,,Active,,,31470881,50089996-e2d1-ef11-8eea-000d3a3b3075,72ea4760-2f38-ef11-840a-6045bd03203c,,72ea4760-2f38-ef11-840a-6045bd03203c,,72ea4760-2f38-ef11-840a-6045bd03203c,dc5c7cb8-6921-ef11-840b-0022480a10b0,
N613,"Alert: Although this was paid, you have billed with an ordering provider that needs to update their enrollment record. Please verify that the ordering provider information you submitted on the claim is accurate and if it is, contact the ordering provider instructing them to update their enrollment record. Unless corrected, a claim with this ordering provider will not be paid in the future.
 ",Katherine Higgins,rhaildev,Active,RARC,Katherine Higgins,,2025-01-13T19:14:20Z,,Katherine Higgins,,2025-01-21T22:49:05Z,,,Active,,,31470882,51089996-e2d1-ef11-8eea-000d3a3b3075,72ea4760-2f38-ef11-840a-6045bd03203c,,72ea4760-2f38-ef11-840a-6045bd03203c,,72ea4760-2f38-ef11-840a-6045bd03203c,dc5c7cb8-6921-ef11-840b-0022480a10b0,
N614,"Alert: Additional information is included in the 835 Healthcare Policy Identification Segment (loop 2110 Service Payment Information).
 ",Katherine Higgins,rhaildev,Active,RARC,Katherine Higgins,,2025-01-13T19:14:20Z,,Katherine Higgins,,2025-01-21T22:49:05Z,,,Active,,,31470883,52089996-e2d1-ef11-8eea-000d3a3b3075,72ea4760-2f38-ef11-840a-6045bd03203c,,72ea4760-2f38-ef11-840a-6045bd03203c,,72ea4760-2f38-ef11-840a-6045bd03203c,dc5c7cb8-6921-ef11-840b-0022480a10b0,
N615,"Alert: This enrollee receiving advance payments of the premium tax credit is in the grace period of three consecutive months for non-payment of premium. Under 45 CFR 156.270, a Qualified Health Plan issuer must pay all appropriate claims for services rendered to the enrollee during the first month of the grace period and may pend claims for services rendered to the enrollee in the second and third months of the grace period.",Katherine Higgins,rhaildev,Active,RARC,Katherine Higgins,,2025-01-13T19:14:20Z,,Katherine Higgins,,2025-01-21T22:49:05Z,,,Active,,,31470884,53089996-e2d1-ef11-8eea-000d3a3b3075,72ea4760-2f38-ef11-840a-6045bd03203c,,72ea4760-2f38-ef11-840a-6045bd03203c,,72ea4760-2f38-ef11-840a-6045bd03203c,dc5c7cb8-6921-ef11-840b-0022480a10b0,
N616,"Alert: This enrollee is in the first month of the advance premium tax credit grace period.
 ",Katherine Higgins,rhaildev,Active,RARC,Katherine Higgins,,2025-01-13T19:14:20Z,,Katherine Higgins,,2025-01-21T22:49:06Z,,,Active,,,31470885,54089996-e2d1-ef11-8eea-000d3a3b3075,72ea4760-2f38-ef11-840a-6045bd03203c,,72ea4760-2f38-ef11-840a-6045bd03203c,,72ea4760-2f38-ef11-840a-6045bd03203c,dc5c7cb8-6921-ef11-840b-0022480a10b0,
N617,"This enrollee is in the second or third month of the advance premium tax credit grace period.
 ",Katherine Higgins,rhaildev,Active,RARC,Katherine Higgins,,2025-01-13T19:14:20Z,,Katherine Higgins,,2025-01-21T22:49:06Z,,,Active,,,31470886,55089996-e2d1-ef11-8eea-000d3a3b3075,72ea4760-2f38-ef11-840a-6045bd03203c,,72ea4760-2f38-ef11-840a-6045bd03203c,,72ea4760-2f38-ef11-840a-6045bd03203c,dc5c7cb8-6921-ef11-840b-0022480a10b0,
N618,"Alert: This claim will automatically be reprocessed if the enrollee pays their premiums.
 ",Katherine Higgins,rhaildev,Active,RARC,Katherine Higgins,,2025-01-13T19:14:20Z,,Katherine Higgins,,2025-01-21T22:49:06Z,,,Active,,,31470887,56089996-e2d1-ef11-8eea-000d3a3b3075,72ea4760-2f38-ef11-840a-6045bd03203c,,72ea4760-2f38-ef11-840a-6045bd03203c,,72ea4760-2f38-ef11-840a-6045bd03203c,dc5c7cb8-6921-ef11-840b-0022480a10b0,
N619,"Coverage terminated for non-payment of premium.
 ",Katherine Higgins,rhaildev,Active,RARC,Katherine Higgins,,2025-01-13T19:14:20Z,,Katherine Higgins,,2025-01-21T22:49:06Z,,,Active,,,31470888,57089996-e2d1-ef11-8eea-000d3a3b3075,72ea4760-2f38-ef11-840a-6045bd03203c,,72ea4760-2f38-ef11-840a-6045bd03203c,,72ea4760-2f38-ef11-840a-6045bd03203c,dc5c7cb8-6921-ef11-840b-0022480a10b0,
N620,"Alert: This procedure code is for quality reporting/informational purposes only.
 ",Katherine Higgins,rhaildev,Active,RARC,Katherine Higgins,,2025-01-13T19:14:20Z,,Katherine Higgins,,2025-01-21T22:49:06Z,,,Active,,,31470889,58089996-e2d1-ef11-8eea-000d3a3b3075,72ea4760-2f38-ef11-840a-6045bd03203c,,72ea4760-2f38-ef11-840a-6045bd03203c,,72ea4760-2f38-ef11-840a-6045bd03203c,dc5c7cb8-6921-ef11-840b-0022480a10b0,
N621,"Charges for Jurisdiction required forms, reports, or chart notes are not payable.
 ",Katherine Higgins,rhaildev,Active,RARC,Katherine Higgins,,2025-01-13T19:14:20Z,,Katherine Higgins,,2025-01-21T22:49:06Z,,,Active,,,31470890,59089996-e2d1-ef11-8eea-000d3a3b3075,72ea4760-2f38-ef11-840a-6045bd03203c,,72ea4760-2f38-ef11-840a-6045bd03203c,,72ea4760-2f38-ef11-840a-6045bd03203c,dc5c7cb8-6921-ef11-840b-0022480a10b0,
N622,"Not covered based on the date of injury/accident.
 ",Katherine Higgins,rhaildev,Active,RARC,Katherine Higgins,,2025-01-13T19:14:20Z,,Katherine Higgins,,2025-01-21T22:49:06Z,,,Active,,,31470891,5a089996-e2d1-ef11-8eea-000d3a3b3075,72ea4760-2f38-ef11-840a-6045bd03203c,,72ea4760-2f38-ef11-840a-6045bd03203c,,72ea4760-2f38-ef11-840a-6045bd03203c,dc5c7cb8-6921-ef11-840b-0022480a10b0,
N623,"Not covered when deemed unscientific/unproven/outmoded/experimental/excessive/inappropriate.
 ",Katherine Higgins,rhaildev,Active,RARC,Katherine Higgins,,2025-01-13T19:14:20Z,,Katherine Higgins,,2025-01-21T22:49:06Z,,,Active,,,31470892,5b089996-e2d1-ef11-8eea-000d3a3b3075,72ea4760-2f38-ef11-840a-6045bd03203c,,72ea4760-2f38-ef11-840a-6045bd03203c,,72ea4760-2f38-ef11-840a-6045bd03203c,dc5c7cb8-6921-ef11-840b-0022480a10b0,
N624,"The associated Workers' Compensation claim has been withdrawn.
 ",Katherine Higgins,rhaildev,Active,RARC,Katherine Higgins,,2025-01-13T19:14:20Z,,Katherine Higgins,,2025-01-21T22:49:06Z,,,Active,,,31470893,5c089996-e2d1-ef11-8eea-000d3a3b3075,72ea4760-2f38-ef11-840a-6045bd03203c,,72ea4760-2f38-ef11-840a-6045bd03203c,,72ea4760-2f38-ef11-840a-6045bd03203c,dc5c7cb8-6921-ef11-840b-0022480a10b0,
N625,"Missing/Incomplete/Invalid Workers' Compensation Claim Number.
 ",Katherine Higgins,rhaildev,Active,RARC,Katherine Higgins,,2025-01-13T19:14:20Z,,Katherine Higgins,,2025-01-21T22:49:06Z,,,Active,,,31470894,5d089996-e2d1-ef11-8eea-000d3a3b3075,72ea4760-2f38-ef11-840a-6045bd03203c,,72ea4760-2f38-ef11-840a-6045bd03203c,,72ea4760-2f38-ef11-840a-6045bd03203c,dc5c7cb8-6921-ef11-840b-0022480a10b0,
N626,"New or established patient E/M codes are not payable with chiropractic care codes.
 ",Katherine Higgins,rhaildev,Active,RARC,Katherine Higgins,,2025-01-13T19:14:20Z,,Katherine Higgins,,2025-01-21T22:49:06Z,,,Active,,,31470895,5e089996-e2d1-ef11-8eea-000d3a3b3075,72ea4760-2f38-ef11-840a-6045bd03203c,,72ea4760-2f38-ef11-840a-6045bd03203c,,72ea4760-2f38-ef11-840a-6045bd03203c,dc5c7cb8-6921-ef11-840b-0022480a10b0,
N628,"Out-patient follow up visits on the same date of service as a scheduled test or treatment is disallowed.
 ",Katherine Higgins,rhaildev,Active,RARC,Katherine Higgins,,2025-01-13T19:14:20Z,,Katherine Higgins,,2025-01-21T22:49:06Z,,,Active,,,31470896,5f089996-e2d1-ef11-8eea-000d3a3b3075,72ea4760-2f38-ef11-840a-6045bd03203c,,72ea4760-2f38-ef11-840a-6045bd03203c,,72ea4760-2f38-ef11-840a-6045bd03203c,dc5c7cb8-6921-ef11-840b-0022480a10b0,
N629,"Reviews/documentation/notes/summaries/reports/charts not requested.
 ",Katherine Higgins,rhaildev,Active,RARC,Katherine Higgins,,2025-01-13T19:14:20Z,,Katherine Higgins,,2025-01-21T22:49:06Z,,,Active,,,31470897,60089996-e2d1-ef11-8eea-000d3a3b3075,72ea4760-2f38-ef11-840a-6045bd03203c,,72ea4760-2f38-ef11-840a-6045bd03203c,,72ea4760-2f38-ef11-840a-6045bd03203c,dc5c7cb8-6921-ef11-840b-0022480a10b0,
N630,"Referral not authorized by attending physician.
 ",Katherine Higgins,rhaildev,Active,RARC,Katherine Higgins,,2025-01-13T19:14:21Z,,Katherine Higgins,,2025-01-21T22:49:06Z,,,Active,,,31470898,61089996-e2d1-ef11-8eea-000d3a3b3075,72ea4760-2f38-ef11-840a-6045bd03203c,,72ea4760-2f38-ef11-840a-6045bd03203c,,72ea4760-2f38-ef11-840a-6045bd03203c,dc5c7cb8-6921-ef11-840b-0022480a10b0,
N631,"Medical Fee Schedule does not list this code. An allowance was made for a comparable service.
 ",Katherine Higgins,rhaildev,Active,RARC,Katherine Higgins,,2025-01-13T19:14:21Z,,Katherine Higgins,,2025-01-21T22:49:06Z,,,Active,,,31470899,62089996-e2d1-ef11-8eea-000d3a3b3075,72ea4760-2f38-ef11-840a-6045bd03203c,,72ea4760-2f38-ef11-840a-6045bd03203c,,72ea4760-2f38-ef11-840a-6045bd03203c,dc5c7cb8-6921-ef11-840b-0022480a10b0,
N633,"Additional anesthesia time units are not allowed.
 ",Katherine Higgins,rhaildev,Active,RARC,Katherine Higgins,,2025-01-13T19:14:21Z,,Katherine Higgins,,2025-01-21T22:49:06Z,,,Active,,,31470900,63089996-e2d1-ef11-8eea-000d3a3b3075,72ea4760-2f38-ef11-840a-6045bd03203c,,72ea4760-2f38-ef11-840a-6045bd03203c,,72ea4760-2f38-ef11-840a-6045bd03203c,dc5c7cb8-6921-ef11-840b-0022480a10b0,
N634,"The allowance is calculated based on anesthesia time units.
 ",Katherine Higgins,rhaildev,Active,RARC,Katherine Higgins,,2025-01-13T19:14:21Z,,Katherine Higgins,,2025-01-21T22:49:06Z,,,Active,,,31470901,64089996-e2d1-ef11-8eea-000d3a3b3075,72ea4760-2f38-ef11-840a-6045bd03203c,,72ea4760-2f38-ef11-840a-6045bd03203c,,72ea4760-2f38-ef11-840a-6045bd03203c,dc5c7cb8-6921-ef11-840b-0022480a10b0,
N635,"The Allowance is calculated based on the anesthesia base units plus time.
 ",Katherine Higgins,rhaildev,Active,RARC,Katherine Higgins,,2025-01-13T19:14:21Z,,Katherine Higgins,,2025-01-21T22:49:06Z,,,Active,,,31470902,65089996-e2d1-ef11-8eea-000d3a3b3075,72ea4760-2f38-ef11-840a-6045bd03203c,,72ea4760-2f38-ef11-840a-6045bd03203c,,72ea4760-2f38-ef11-840a-6045bd03203c,dc5c7cb8-6921-ef11-840b-0022480a10b0,
N636,"Adjusted because this is reimbursable only once per injury.
 ",Katherine Higgins,rhaildev,Active,RARC,Katherine Higgins,,2025-01-13T19:14:21Z,,Katherine Higgins,,2025-01-21T22:49:06Z,,,Active,,,31470903,66089996-e2d1-ef11-8eea-000d3a3b3075,72ea4760-2f38-ef11-840a-6045bd03203c,,72ea4760-2f38-ef11-840a-6045bd03203c,,72ea4760-2f38-ef11-840a-6045bd03203c,dc5c7cb8-6921-ef11-840b-0022480a10b0,
N637,"Consultations are not allowed once treatment has been rendered by the same provider.
 ",Katherine Higgins,rhaildev,Active,RARC,Katherine Higgins,,2025-01-13T19:14:21Z,,Katherine Higgins,,2025-01-21T22:49:06Z,,,Active,,,31470904,67089996-e2d1-ef11-8eea-000d3a3b3075,72ea4760-2f38-ef11-840a-6045bd03203c,,72ea4760-2f38-ef11-840a-6045bd03203c,,72ea4760-2f38-ef11-840a-6045bd03203c,dc5c7cb8-6921-ef11-840b-0022480a10b0,
N638,"Reimbursement has been made according to the home health fee schedule.
 ",Katherine Higgins,rhaildev,Active,RARC,Katherine Higgins,,2025-01-13T19:14:21Z,,Katherine Higgins,,2025-01-21T22:49:06Z,,,Active,,,31470905,68089996-e2d1-ef11-8eea-000d3a3b3075,72ea4760-2f38-ef11-840a-6045bd03203c,,72ea4760-2f38-ef11-840a-6045bd03203c,,72ea4760-2f38-ef11-840a-6045bd03203c,dc5c7cb8-6921-ef11-840b-0022480a10b0,
N639,"Reimbursement has been made according to the inpatient rehabilitation facilities fee schedule.
 ",Katherine Higgins,rhaildev,Active,RARC,Katherine Higgins,,2025-01-13T19:14:21Z,,Katherine Higgins,,2025-01-21T22:49:06Z,,,Active,,,31470906,69089996-e2d1-ef11-8eea-000d3a3b3075,72ea4760-2f38-ef11-840a-6045bd03203c,,72ea4760-2f38-ef11-840a-6045bd03203c,,72ea4760-2f38-ef11-840a-6045bd03203c,dc5c7cb8-6921-ef11-840b-0022480a10b0,
N640,"Exceeds number/frequency approved/allowed within time period.
 ",Katherine Higgins,rhaildev,Active,RARC,Katherine Higgins,,2025-01-13T19:14:21Z,,Katherine Higgins,,2025-01-21T22:49:06Z,,,Active,,,31470907,6a089996-e2d1-ef11-8eea-000d3a3b3075,72ea4760-2f38-ef11-840a-6045bd03203c,,72ea4760-2f38-ef11-840a-6045bd03203c,,72ea4760-2f38-ef11-840a-6045bd03203c,dc5c7cb8-6921-ef11-840b-0022480a10b0,
N641,"Reimbursement has been based on the number of body areas rated.
 ",Katherine Higgins,rhaildev,Active,RARC,Katherine Higgins,,2025-01-13T19:14:21Z,,Katherine Higgins,,2025-01-21T22:49:06Z,,,Active,,,31470908,6b089996-e2d1-ef11-8eea-000d3a3b3075,72ea4760-2f38-ef11-840a-6045bd03203c,,72ea4760-2f38-ef11-840a-6045bd03203c,,72ea4760-2f38-ef11-840a-6045bd03203c,dc5c7cb8-6921-ef11-840b-0022480a10b0,
N642,"Adjusted when billed as individual tests instead of as a panel.
 ",Katherine Higgins,rhaildev,Active,RARC,Katherine Higgins,,2025-01-13T19:14:21Z,,Katherine Higgins,,2025-01-21T22:49:06Z,,,Active,,,31470909,6c089996-e2d1-ef11-8eea-000d3a3b3075,72ea4760-2f38-ef11-840a-6045bd03203c,,72ea4760-2f38-ef11-840a-6045bd03203c,,72ea4760-2f38-ef11-840a-6045bd03203c,dc5c7cb8-6921-ef11-840b-0022480a10b0,
N643,"The services billed are considered Not Covered or Non-Covered (NC) in the applicable state fee schedule.
 ",Katherine Higgins,rhaildev,Active,RARC,Katherine Higgins,,2025-01-13T19:14:21Z,,Katherine Higgins,,2025-01-21T22:49:06Z,,,Active,,,31470910,6d089996-e2d1-ef11-8eea-000d3a3b3075,72ea4760-2f38-ef11-840a-6045bd03203c,,72ea4760-2f38-ef11-840a-6045bd03203c,,72ea4760-2f38-ef11-840a-6045bd03203c,dc5c7cb8-6921-ef11-840b-0022480a10b0,
N644,"Reimbursement has been made according to the bilateral procedure rule.
 ",Katherine Higgins,rhaildev,Active,RARC,Katherine Higgins,,2025-01-13T19:14:21Z,,Katherine Higgins,,2025-01-21T22:49:06Z,,,Active,,,31470911,6e089996-e2d1-ef11-8eea-000d3a3b3075,72ea4760-2f38-ef11-840a-6045bd03203c,,72ea4760-2f38-ef11-840a-6045bd03203c,,72ea4760-2f38-ef11-840a-6045bd03203c,dc5c7cb8-6921-ef11-840b-0022480a10b0,
N645,Mark-up allowance.,Katherine Higgins,rhaildev,Active,RARC,Katherine Higgins,,2025-01-13T19:14:21Z,,Katherine Higgins,,2025-01-21T22:49:06Z,,,Active,,,31470912,6f089996-e2d1-ef11-8eea-000d3a3b3075,72ea4760-2f38-ef11-840a-6045bd03203c,,72ea4760-2f38-ef11-840a-6045bd03203c,,72ea4760-2f38-ef11-840a-6045bd03203c,dc5c7cb8-6921-ef11-840b-0022480a10b0,
N646,"Reimbursement has been adjusted based on the guidelines for an assistant.
 ",Katherine Higgins,rhaildev,Active,RARC,Katherine Higgins,,2025-01-13T19:14:21Z,,Katherine Higgins,,2025-01-21T22:49:06Z,,,Active,,,31470913,70089996-e2d1-ef11-8eea-000d3a3b3075,72ea4760-2f38-ef11-840a-6045bd03203c,,72ea4760-2f38-ef11-840a-6045bd03203c,,72ea4760-2f38-ef11-840a-6045bd03203c,dc5c7cb8-6921-ef11-840b-0022480a10b0,
N647,"Adjusted based on diagnosis-related group (DRG).
 ",Katherine Higgins,rhaildev,Active,RARC,Katherine Higgins,,2025-01-13T19:14:21Z,,Katherine Higgins,,2025-01-21T22:49:06Z,,,Active,,,31470914,71089996-e2d1-ef11-8eea-000d3a3b3075,72ea4760-2f38-ef11-840a-6045bd03203c,,72ea4760-2f38-ef11-840a-6045bd03203c,,72ea4760-2f38-ef11-840a-6045bd03203c,dc5c7cb8-6921-ef11-840b-0022480a10b0,
N648,"Adjusted based on Stop Loss.
 ",Katherine Higgins,rhaildev,Active,RARC,Katherine Higgins,,2025-01-13T19:14:21Z,,Katherine Higgins,,2025-01-21T22:49:06Z,,,Active,,,31470915,72089996-e2d1-ef11-8eea-000d3a3b3075,72ea4760-2f38-ef11-840a-6045bd03203c,,72ea4760-2f38-ef11-840a-6045bd03203c,,72ea4760-2f38-ef11-840a-6045bd03203c,dc5c7cb8-6921-ef11-840b-0022480a10b0,
N649,"Payment based on invoice.
 ",Katherine Higgins,rhaildev,Active,RARC,Katherine Higgins,,2025-01-13T19:14:21Z,,Katherine Higgins,,2025-01-21T22:49:06Z,,,Active,,,31470916,73089996-e2d1-ef11-8eea-000d3a3b3075,72ea4760-2f38-ef11-840a-6045bd03203c,,72ea4760-2f38-ef11-840a-6045bd03203c,,72ea4760-2f38-ef11-840a-6045bd03203c,dc5c7cb8-6921-ef11-840b-0022480a10b0,
N650,"This policy was not in effect for this date of loss. No coverage is available.
 ",Katherine Higgins,rhaildev,Active,RARC,Katherine Higgins,,2025-01-13T19:14:21Z,,Katherine Higgins,,2025-01-21T22:49:06Z,,,Active,,,31470917,74089996-e2d1-ef11-8eea-000d3a3b3075,72ea4760-2f38-ef11-840a-6045bd03203c,,72ea4760-2f38-ef11-840a-6045bd03203c,,72ea4760-2f38-ef11-840a-6045bd03203c,dc5c7cb8-6921-ef11-840b-0022480a10b0,
N651,"No Personal Injury Protection/Medical Payments Coverage on the policy at the time of the loss.
 ",Katherine Higgins,rhaildev,Active,RARC,Katherine Higgins,,2025-01-13T19:14:21Z,,Katherine Higgins,,2025-01-21T22:49:06Z,,,Active,,,31470918,75089996-e2d1-ef11-8eea-000d3a3b3075,72ea4760-2f38-ef11-840a-6045bd03203c,,72ea4760-2f38-ef11-840a-6045bd03203c,,72ea4760-2f38-ef11-840a-6045bd03203c,dc5c7cb8-6921-ef11-840b-0022480a10b0,
N652,"The date of service is before the date of loss.
 ",Katherine Higgins,rhaildev,Active,RARC,Katherine Higgins,,2025-01-13T19:14:21Z,,Katherine Higgins,,2025-01-21T22:49:06Z,,,Active,,,31470919,76089996-e2d1-ef11-8eea-000d3a3b3075,72ea4760-2f38-ef11-840a-6045bd03203c,,72ea4760-2f38-ef11-840a-6045bd03203c,,72ea4760-2f38-ef11-840a-6045bd03203c,dc5c7cb8-6921-ef11-840b-0022480a10b0,
N653,"The date of injury does not match the reported date of loss.
 ",Katherine Higgins,rhaildev,Active,RARC,Katherine Higgins,,2025-01-13T19:14:21Z,,Katherine Higgins,,2025-01-21T22:49:06Z,,,Active,,,31470920,77089996-e2d1-ef11-8eea-000d3a3b3075,72ea4760-2f38-ef11-840a-6045bd03203c,,72ea4760-2f38-ef11-840a-6045bd03203c,,72ea4760-2f38-ef11-840a-6045bd03203c,dc5c7cb8-6921-ef11-840b-0022480a10b0,
N654,"Adjusted based on achievement of maximum medical improvement (MMI).
 ",Katherine Higgins,rhaildev,Active,RARC,Katherine Higgins,,2025-01-13T19:14:21Z,,Katherine Higgins,,2025-01-21T22:49:06Z,,,Active,,,31470921,78089996-e2d1-ef11-8eea-000d3a3b3075,72ea4760-2f38-ef11-840a-6045bd03203c,,72ea4760-2f38-ef11-840a-6045bd03203c,,72ea4760-2f38-ef11-840a-6045bd03203c,dc5c7cb8-6921-ef11-840b-0022480a10b0,
N655,"Payment based on provider's geographic region.
 ",Katherine Higgins,rhaildev,Active,RARC,Katherine Higgins,,2025-01-13T19:14:21Z,,Katherine Higgins,,2025-01-21T22:49:06Z,,,Active,,,31470922,79089996-e2d1-ef11-8eea-000d3a3b3075,72ea4760-2f38-ef11-840a-6045bd03203c,,72ea4760-2f38-ef11-840a-6045bd03203c,,72ea4760-2f38-ef11-840a-6045bd03203c,dc5c7cb8-6921-ef11-840b-0022480a10b0,
N656,"An interest payment is being made because benefits are being paid outside the statutory requirement.
 ",Katherine Higgins,rhaildev,Active,RARC,Katherine Higgins,,2025-01-13T19:14:21Z,,Katherine Higgins,,2025-01-21T22:49:06Z,,,Active,,,31470923,7a089996-e2d1-ef11-8eea-000d3a3b3075,72ea4760-2f38-ef11-840a-6045bd03203c,,72ea4760-2f38-ef11-840a-6045bd03203c,,72ea4760-2f38-ef11-840a-6045bd03203c,dc5c7cb8-6921-ef11-840b-0022480a10b0,
N657,"This should be billed with the appropriate code for these services.
 ",Katherine Higgins,rhaildev,Active,RARC,Katherine Higgins,,2025-01-13T19:14:21Z,,Katherine Higgins,,2025-01-21T22:49:06Z,,,Active,,,31470924,7b089996-e2d1-ef11-8eea-000d3a3b3075,72ea4760-2f38-ef11-840a-6045bd03203c,,72ea4760-2f38-ef11-840a-6045bd03203c,,72ea4760-2f38-ef11-840a-6045bd03203c,dc5c7cb8-6921-ef11-840b-0022480a10b0,
N658,"The billed service(s) are not considered medical expenses.
 ",Katherine Higgins,rhaildev,Active,RARC,Katherine Higgins,,2025-01-13T19:14:21Z,,Katherine Higgins,,2025-01-21T22:49:06Z,,,Active,,,31470925,7c089996-e2d1-ef11-8eea-000d3a3b3075,72ea4760-2f38-ef11-840a-6045bd03203c,,72ea4760-2f38-ef11-840a-6045bd03203c,,72ea4760-2f38-ef11-840a-6045bd03203c,dc5c7cb8-6921-ef11-840b-0022480a10b0,
N659,"This item is exempt from sales tax.
 ",Katherine Higgins,rhaildev,Active,RARC,Katherine Higgins,,2025-01-13T19:14:21Z,,Katherine Higgins,,2025-01-21T22:49:06Z,,,Active,,,31470926,7d089996-e2d1-ef11-8eea-000d3a3b3075,72ea4760-2f38-ef11-840a-6045bd03203c,,72ea4760-2f38-ef11-840a-6045bd03203c,,72ea4760-2f38-ef11-840a-6045bd03203c,dc5c7cb8-6921-ef11-840b-0022480a10b0,
N660,"Sales tax has been included in the reimbursement.
 ",Katherine Higgins,rhaildev,Active,RARC,Katherine Higgins,,2025-01-13T19:14:21Z,,Katherine Higgins,,2025-01-21T22:49:06Z,,,Active,,,31470927,7e089996-e2d1-ef11-8eea-000d3a3b3075,72ea4760-2f38-ef11-840a-6045bd03203c,,72ea4760-2f38-ef11-840a-6045bd03203c,,72ea4760-2f38-ef11-840a-6045bd03203c,dc5c7cb8-6921-ef11-840b-0022480a10b0,
N661,"Documentation does not support that the services rendered were medically necessary.
 ",Katherine Higgins,rhaildev,Active,RARC,Katherine Higgins,,2025-01-13T19:14:21Z,,Katherine Higgins,,2025-01-21T22:49:06Z,,,Active,,,31470928,7f089996-e2d1-ef11-8eea-000d3a3b3075,72ea4760-2f38-ef11-840a-6045bd03203c,,72ea4760-2f38-ef11-840a-6045bd03203c,,72ea4760-2f38-ef11-840a-6045bd03203c,dc5c7cb8-6921-ef11-840b-0022480a10b0,
N662,"Alert: Consideration of payment will be made upon receipt of a final bill.
 ",Katherine Higgins,rhaildev,Active,RARC,Katherine Higgins,,2025-01-13T19:14:21Z,,Katherine Higgins,,2025-01-21T22:49:06Z,,,Active,,,31470929,80089996-e2d1-ef11-8eea-000d3a3b3075,72ea4760-2f38-ef11-840a-6045bd03203c,,72ea4760-2f38-ef11-840a-6045bd03203c,,72ea4760-2f38-ef11-840a-6045bd03203c,dc5c7cb8-6921-ef11-840b-0022480a10b0,
N663,"Adjusted based on an agreed amount.
 ",Katherine Higgins,rhaildev,Active,RARC,Katherine Higgins,,2025-01-13T19:14:21Z,,Katherine Higgins,,2025-01-21T22:49:06Z,,,Active,,,31470930,81089996-e2d1-ef11-8eea-000d3a3b3075,72ea4760-2f38-ef11-840a-6045bd03203c,,72ea4760-2f38-ef11-840a-6045bd03203c,,72ea4760-2f38-ef11-840a-6045bd03203c,dc5c7cb8-6921-ef11-840b-0022480a10b0,
N664,"Adjusted based on a legal settlement.
 ",Katherine Higgins,rhaildev,Active,RARC,Katherine Higgins,,2025-01-13T19:14:21Z,,Katherine Higgins,,2025-01-21T22:49:07Z,,,Active,,,31470931,82089996-e2d1-ef11-8eea-000d3a3b3075,72ea4760-2f38-ef11-840a-6045bd03203c,,72ea4760-2f38-ef11-840a-6045bd03203c,,72ea4760-2f38-ef11-840a-6045bd03203c,dc5c7cb8-6921-ef11-840b-0022480a10b0,
N665,"Services by an unlicensed provider are not reimbursable.
 ",Katherine Higgins,rhaildev,Active,RARC,Katherine Higgins,,2025-01-13T19:14:21Z,,Katherine Higgins,,2025-01-21T22:49:07Z,,,Active,,,31470932,83089996-e2d1-ef11-8eea-000d3a3b3075,72ea4760-2f38-ef11-840a-6045bd03203c,,72ea4760-2f38-ef11-840a-6045bd03203c,,72ea4760-2f38-ef11-840a-6045bd03203c,dc5c7cb8-6921-ef11-840b-0022480a10b0,
N666,"Only one evaluation and management code at this service level is covered during the course of care.
 ",Katherine Higgins,rhaildev,Active,RARC,Katherine Higgins,,2025-01-13T19:14:21Z,,Katherine Higgins,,2025-01-21T22:49:07Z,,,Active,,,31470933,84089996-e2d1-ef11-8eea-000d3a3b3075,72ea4760-2f38-ef11-840a-6045bd03203c,,72ea4760-2f38-ef11-840a-6045bd03203c,,72ea4760-2f38-ef11-840a-6045bd03203c,dc5c7cb8-6921-ef11-840b-0022480a10b0,
N667,Missing prescription.,Katherine Higgins,rhaildev,Active,RARC,Katherine Higgins,,2025-01-13T19:14:21Z,,Katherine Higgins,,2025-01-21T22:49:07Z,,,Active,,,31470934,85089996-e2d1-ef11-8eea-000d3a3b3075,72ea4760-2f38-ef11-840a-6045bd03203c,,72ea4760-2f38-ef11-840a-6045bd03203c,,72ea4760-2f38-ef11-840a-6045bd03203c,dc5c7cb8-6921-ef11-840b-0022480a10b0,
N668,Incomplete/invalid prescription.,Katherine Higgins,rhaildev,Active,RARC,Katherine Higgins,,2025-01-13T19:14:21Z,,Katherine Higgins,,2025-01-21T22:49:07Z,,,Active,,,31470935,86089996-e2d1-ef11-8eea-000d3a3b3075,72ea4760-2f38-ef11-840a-6045bd03203c,,72ea4760-2f38-ef11-840a-6045bd03203c,,72ea4760-2f38-ef11-840a-6045bd03203c,dc5c7cb8-6921-ef11-840b-0022480a10b0,
N669,"Adjusted based on the Medicare fee schedule.
 ",Katherine Higgins,rhaildev,Active,RARC,Katherine Higgins,,2025-01-13T19:14:21Z,,Katherine Higgins,,2025-01-21T22:49:07Z,,,Active,,,31470936,87089996-e2d1-ef11-8eea-000d3a3b3075,72ea4760-2f38-ef11-840a-6045bd03203c,,72ea4760-2f38-ef11-840a-6045bd03203c,,72ea4760-2f38-ef11-840a-6045bd03203c,dc5c7cb8-6921-ef11-840b-0022480a10b0,
N670,"This service code has been identified as the primary procedure code subject to the Medicare Multiple Procedure Payment Reduction (MPPR) rule.
 ",Katherine Higgins,rhaildev,Active,RARC,Katherine Higgins,,2025-01-13T19:14:21Z,,Katherine Higgins,,2025-01-21T22:49:07Z,,,Active,,,31470937,88089996-e2d1-ef11-8eea-000d3a3b3075,72ea4760-2f38-ef11-840a-6045bd03203c,,72ea4760-2f38-ef11-840a-6045bd03203c,,72ea4760-2f38-ef11-840a-6045bd03203c,dc5c7cb8-6921-ef11-840b-0022480a10b0,
N671,"Payment based on a jurisdiction cost-charge ratio.
 ",Katherine Higgins,rhaildev,Active,RARC,Katherine Higgins,,2025-01-13T19:14:21Z,,Katherine Higgins,,2025-01-21T22:49:07Z,,,Active,,,31470938,89089996-e2d1-ef11-8eea-000d3a3b3075,72ea4760-2f38-ef11-840a-6045bd03203c,,72ea4760-2f38-ef11-840a-6045bd03203c,,72ea4760-2f38-ef11-840a-6045bd03203c,dc5c7cb8-6921-ef11-840b-0022480a10b0,
N672,"Alert: Amount applied to Health Insurance Offset.
 ",Katherine Higgins,rhaildev,Active,RARC,Katherine Higgins,,2025-01-13T19:14:21Z,,Katherine Higgins,,2025-01-21T22:49:07Z,,,Active,,,31470939,8a089996-e2d1-ef11-8eea-000d3a3b3075,72ea4760-2f38-ef11-840a-6045bd03203c,,72ea4760-2f38-ef11-840a-6045bd03203c,,72ea4760-2f38-ef11-840a-6045bd03203c,dc5c7cb8-6921-ef11-840b-0022480a10b0,
N673,"Reimbursement has been calculated based on an outpatient per diem or an outpatient factor and/or fee schedule amount.
 ",Katherine Higgins,rhaildev,Active,RARC,Katherine Higgins,,2025-01-13T19:14:21Z,,Katherine Higgins,,2025-01-21T22:49:07Z,,,Active,,,31470940,8b089996-e2d1-ef11-8eea-000d3a3b3075,72ea4760-2f38-ef11-840a-6045bd03203c,,72ea4760-2f38-ef11-840a-6045bd03203c,,72ea4760-2f38-ef11-840a-6045bd03203c,dc5c7cb8-6921-ef11-840b-0022480a10b0,
N674,"Not covered unless a pre-requisite procedure/service has been provided.
 ",Katherine Higgins,rhaildev,Active,RARC,Katherine Higgins,,2025-01-13T19:14:21Z,,Katherine Higgins,,2025-01-21T22:49:07Z,,,Active,,,31470941,8c089996-e2d1-ef11-8eea-000d3a3b3075,72ea4760-2f38-ef11-840a-6045bd03203c,,72ea4760-2f38-ef11-840a-6045bd03203c,,72ea4760-2f38-ef11-840a-6045bd03203c,dc5c7cb8-6921-ef11-840b-0022480a10b0,
N675,"Additional information is required from the injured party.
 ",Katherine Higgins,rhaildev,Active,RARC,Katherine Higgins,,2025-01-13T19:14:21Z,,Katherine Higgins,,2025-01-21T22:49:07Z,,,Active,,,31470942,8d089996-e2d1-ef11-8eea-000d3a3b3075,72ea4760-2f38-ef11-840a-6045bd03203c,,72ea4760-2f38-ef11-840a-6045bd03203c,,72ea4760-2f38-ef11-840a-6045bd03203c,dc5c7cb8-6921-ef11-840b-0022480a10b0,
N676,"Service does not qualify for payment under the Outpatient Facility Fee Schedule.
 ",Katherine Higgins,rhaildev,Active,RARC,Katherine Higgins,,2025-01-13T19:14:21Z,,Katherine Higgins,,2025-01-21T22:49:07Z,,,Active,,,31470943,8e089996-e2d1-ef11-8eea-000d3a3b3075,72ea4760-2f38-ef11-840a-6045bd03203c,,72ea4760-2f38-ef11-840a-6045bd03203c,,72ea4760-2f38-ef11-840a-6045bd03203c,dc5c7cb8-6921-ef11-840b-0022480a10b0,
N677, ,Katherine Higgins,rhaildev,Active,RARC,Katherine Higgins,,2025-01-13T19:14:21Z,,Katherine Higgins,,2025-01-21T22:49:07Z,,,Active,,,31470944,8f089996-e2d1-ef11-8eea-000d3a3b3075,72ea4760-2f38-ef11-840a-6045bd03203c,,72ea4760-2f38-ef11-840a-6045bd03203c,,72ea4760-2f38-ef11-840a-6045bd03203c,dc5c7cb8-6921-ef11-840b-0022480a10b0,
N678,"Missing post-operative images/visual field results.
 ",Katherine Higgins,rhaildev,Active,RARC,Katherine Higgins,,2025-01-13T19:14:21Z,,Katherine Higgins,,2025-01-21T22:49:07Z,,,Active,,,31470945,90089996-e2d1-ef11-8eea-000d3a3b3075,72ea4760-2f38-ef11-840a-6045bd03203c,,72ea4760-2f38-ef11-840a-6045bd03203c,,72ea4760-2f38-ef11-840a-6045bd03203c,dc5c7cb8-6921-ef11-840b-0022480a10b0,
N679,"Incomplete/Invalid post-operative images/visual field results.
 ",Katherine Higgins,rhaildev,Active,RARC,Katherine Higgins,,2025-01-13T19:14:21Z,,Katherine Higgins,,2025-01-21T22:49:07Z,,,Active,,,31470946,91089996-e2d1-ef11-8eea-000d3a3b3075,72ea4760-2f38-ef11-840a-6045bd03203c,,72ea4760-2f38-ef11-840a-6045bd03203c,,72ea4760-2f38-ef11-840a-6045bd03203c,dc5c7cb8-6921-ef11-840b-0022480a10b0,
N680,"Missing/Incomplete/Invalid date of previous dental extractions.
 ",Katherine Higgins,rhaildev,Active,RARC,Katherine Higgins,,2025-01-13T19:14:22Z,,Katherine Higgins,,2025-01-21T22:49:07Z,,,Active,,,31470947,92089996-e2d1-ef11-8eea-000d3a3b3075,72ea4760-2f38-ef11-840a-6045bd03203c,,72ea4760-2f38-ef11-840a-6045bd03203c,,72ea4760-2f38-ef11-840a-6045bd03203c,dc5c7cb8-6921-ef11-840b-0022480a10b0,
N681,"Missing/Incomplete/Invalid full arch series.
 ",Katherine Higgins,rhaildev,Active,RARC,Katherine Higgins,,2025-01-13T19:14:22Z,,Katherine Higgins,,2025-01-21T22:49:07Z,,,Active,,,31470948,93089996-e2d1-ef11-8eea-000d3a3b3075,72ea4760-2f38-ef11-840a-6045bd03203c,,72ea4760-2f38-ef11-840a-6045bd03203c,,72ea4760-2f38-ef11-840a-6045bd03203c,dc5c7cb8-6921-ef11-840b-0022480a10b0,
N682,"Missing/Incomplete/Invalid history of prior periodontal therapy/maintenance.
 ",Katherine Higgins,rhaildev,Active,RARC,Katherine Higgins,,2025-01-13T19:14:22Z,,Katherine Higgins,,2025-01-21T22:49:07Z,,,Active,,,31470949,94089996-e2d1-ef11-8eea-000d3a3b3075,72ea4760-2f38-ef11-840a-6045bd03203c,,72ea4760-2f38-ef11-840a-6045bd03203c,,72ea4760-2f38-ef11-840a-6045bd03203c,dc5c7cb8-6921-ef11-840b-0022480a10b0,
N683,"Missing/Incomplete/Invalid prior treatment documentation.
 ",Katherine Higgins,rhaildev,Active,RARC,Katherine Higgins,,2025-01-13T19:14:22Z,,Katherine Higgins,,2025-01-21T22:49:07Z,,,Active,,,31470950,95089996-e2d1-ef11-8eea-000d3a3b3075,72ea4760-2f38-ef11-840a-6045bd03203c,,72ea4760-2f38-ef11-840a-6045bd03203c,,72ea4760-2f38-ef11-840a-6045bd03203c,dc5c7cb8-6921-ef11-840b-0022480a10b0,
N684,"Payment denied as this is a specialty claim submitted as a general claim.
 ",Katherine Higgins,rhaildev,Active,RARC,Katherine Higgins,,2025-01-13T19:14:22Z,,Katherine Higgins,,2025-01-21T22:49:07Z,,,Active,,,31470951,96089996-e2d1-ef11-8eea-000d3a3b3075,72ea4760-2f38-ef11-840a-6045bd03203c,,72ea4760-2f38-ef11-840a-6045bd03203c,,72ea4760-2f38-ef11-840a-6045bd03203c,dc5c7cb8-6921-ef11-840b-0022480a10b0,
N685,"Missing/Incomplete/Invalid Prosthesis, Crown or Inlay Code.
 ",Katherine Higgins,rhaildev,Active,RARC,Katherine Higgins,,2025-01-13T19:14:22Z,,Katherine Higgins,,2025-01-21T22:49:07Z,,,Active,,,31470952,97089996-e2d1-ef11-8eea-000d3a3b3075,72ea4760-2f38-ef11-840a-6045bd03203c,,72ea4760-2f38-ef11-840a-6045bd03203c,,72ea4760-2f38-ef11-840a-6045bd03203c,dc5c7cb8-6921-ef11-840b-0022480a10b0,
N686,"Missing/incomplete/Invalid questionnaire needed to complete payment determination.
 ",Katherine Higgins,rhaildev,Active,RARC,Katherine Higgins,,2025-01-13T19:14:22Z,,Katherine Higgins,,2025-01-21T22:49:07Z,,,Active,,,31470953,98089996-e2d1-ef11-8eea-000d3a3b3075,72ea4760-2f38-ef11-840a-6045bd03203c,,72ea4760-2f38-ef11-840a-6045bd03203c,,72ea4760-2f38-ef11-840a-6045bd03203c,dc5c7cb8-6921-ef11-840b-0022480a10b0,
N687,Alert: This reversal is due to a retroactive disenrollment.,Katherine Higgins,rhaildev,Active,RARC,Katherine Higgins,,2025-01-13T19:14:22Z,,Katherine Higgins,,2025-01-21T22:49:07Z,,,Active,,,31470954,99089996-e2d1-ef11-8eea-000d3a3b3075,72ea4760-2f38-ef11-840a-6045bd03203c,,72ea4760-2f38-ef11-840a-6045bd03203c,,72ea4760-2f38-ef11-840a-6045bd03203c,dc5c7cb8-6921-ef11-840b-0022480a10b0,
N688,Alert: This reversal is due to a medical or utilization review decision.,Katherine Higgins,rhaildev,Active,RARC,Katherine Higgins,,2025-01-13T19:14:22Z,,Katherine Higgins,,2025-01-21T22:49:07Z,,,Active,,,31470955,9b089996-e2d1-ef11-8eea-000d3a3b3075,72ea4760-2f38-ef11-840a-6045bd03203c,,72ea4760-2f38-ef11-840a-6045bd03203c,,72ea4760-2f38-ef11-840a-6045bd03203c,dc5c7cb8-6921-ef11-840b-0022480a10b0,
N689,Alert: This reversal is due to a retroactive rate change.,Katherine Higgins,rhaildev,Active,RARC,Katherine Higgins,,2025-01-13T19:14:22Z,,Katherine Higgins,,2025-01-21T22:49:07Z,,,Active,,,31470956,9c089996-e2d1-ef11-8eea-000d3a3b3075,72ea4760-2f38-ef11-840a-6045bd03203c,,72ea4760-2f38-ef11-840a-6045bd03203c,,72ea4760-2f38-ef11-840a-6045bd03203c,dc5c7cb8-6921-ef11-840b-0022480a10b0,
N690,Alert: This reversal is due to a provider submitted appeal.,Katherine Higgins,rhaildev,Active,RARC,Katherine Higgins,,2025-01-13T19:14:22Z,,Katherine Higgins,,2025-01-21T22:49:07Z,,,Active,,,31470957,9d089996-e2d1-ef11-8eea-000d3a3b3075,72ea4760-2f38-ef11-840a-6045bd03203c,,72ea4760-2f38-ef11-840a-6045bd03203c,,72ea4760-2f38-ef11-840a-6045bd03203c,dc5c7cb8-6921-ef11-840b-0022480a10b0,
N691,Alert: This reversal is due to a patient submitted appeal.,Katherine Higgins,rhaildev,Active,RARC,Katherine Higgins,,2025-01-13T19:14:22Z,,Katherine Higgins,,2025-01-21T22:49:07Z,,,Active,,,31470958,9e089996-e2d1-ef11-8eea-000d3a3b3075,72ea4760-2f38-ef11-840a-6045bd03203c,,72ea4760-2f38-ef11-840a-6045bd03203c,,72ea4760-2f38-ef11-840a-6045bd03203c,dc5c7cb8-6921-ef11-840b-0022480a10b0,
N692,Alert: This reversal is due to an incorrect rate on the initial adjudication.,Katherine Higgins,rhaildev,Active,RARC,Katherine Higgins,,2025-01-13T19:14:22Z,,Katherine Higgins,,2025-01-21T22:49:07Z,,,Active,,,31470959,9f089996-e2d1-ef11-8eea-000d3a3b3075,72ea4760-2f38-ef11-840a-6045bd03203c,,72ea4760-2f38-ef11-840a-6045bd03203c,,72ea4760-2f38-ef11-840a-6045bd03203c,dc5c7cb8-6921-ef11-840b-0022480a10b0,
N693,Alert: This reversal is due to a cancellation of the claim by the provider.,Katherine Higgins,rhaildev,Active,RARC,Katherine Higgins,,2025-01-13T19:14:22Z,,Katherine Higgins,,2025-01-21T22:49:07Z,,,Active,,,31470960,a0089996-e2d1-ef11-8eea-000d3a3b3075,72ea4760-2f38-ef11-840a-6045bd03203c,,72ea4760-2f38-ef11-840a-6045bd03203c,,72ea4760-2f38-ef11-840a-6045bd03203c,dc5c7cb8-6921-ef11-840b-0022480a10b0,
N694,"Alert: This reversal is due to a resubmission/change to the claim by the provider.
 ",Katherine Higgins,rhaildev,Active,RARC,Katherine Higgins,,2025-01-13T19:14:22Z,,Katherine Higgins,,2025-01-21T22:49:07Z,,,Active,,,31470961,a1089996-e2d1-ef11-8eea-000d3a3b3075,72ea4760-2f38-ef11-840a-6045bd03203c,,72ea4760-2f38-ef11-840a-6045bd03203c,,72ea4760-2f38-ef11-840a-6045bd03203c,dc5c7cb8-6921-ef11-840b-0022480a10b0,
N695,"Alert: This reversal is due to incorrect patient financial responsibility information on the initial adjudication.
 ",Katherine Higgins,rhaildev,Active,RARC,Katherine Higgins,,2025-01-13T19:14:22Z,,Katherine Higgins,,2025-01-21T22:49:07Z,,,Active,,,31470962,a2089996-e2d1-ef11-8eea-000d3a3b3075,72ea4760-2f38-ef11-840a-6045bd03203c,,72ea4760-2f38-ef11-840a-6045bd03203c,,72ea4760-2f38-ef11-840a-6045bd03203c,dc5c7cb8-6921-ef11-840b-0022480a10b0,
N696,Alert: This reversal is due to a Coordination of Benefits or Third Party Liability Recovery retroactive adjustment.,Katherine Higgins,rhaildev,Active,RARC,Katherine Higgins,,2025-01-13T19:14:22Z,,Katherine Higgins,,2025-01-21T22:49:07Z,,,Active,,,31470963,a3089996-e2d1-ef11-8eea-000d3a3b3075,72ea4760-2f38-ef11-840a-6045bd03203c,,72ea4760-2f38-ef11-840a-6045bd03203c,,72ea4760-2f38-ef11-840a-6045bd03203c,dc5c7cb8-6921-ef11-840b-0022480a10b0,
N697,Alert: This reversal is due to a payer's retroactive contract incentive program adjustment.,Katherine Higgins,rhaildev,Active,RARC,Katherine Higgins,,2025-01-13T19:14:22Z,,Katherine Higgins,,2025-01-21T22:49:07Z,,,Active,,,31470964,a4089996-e2d1-ef11-8eea-000d3a3b3075,72ea4760-2f38-ef11-840a-6045bd03203c,,72ea4760-2f38-ef11-840a-6045bd03203c,,72ea4760-2f38-ef11-840a-6045bd03203c,dc5c7cb8-6921-ef11-840b-0022480a10b0,
N698,"Alert: This reversal is due to non-payment of the health insurance premiums (Health Insurance Exchange or other) by the end of the premium payment grace period, resulting in loss of coverage.
  ",Katherine Higgins,rhaildev,Active,RARC,Katherine Higgins,,2025-01-13T19:14:22Z,,Katherine Higgins,,2025-01-21T22:49:07Z,,,Active,,,31470965,a5089996-e2d1-ef11-8eea-000d3a3b3075,72ea4760-2f38-ef11-840a-6045bd03203c,,72ea4760-2f38-ef11-840a-6045bd03203c,,72ea4760-2f38-ef11-840a-6045bd03203c,dc5c7cb8-6921-ef11-840b-0022480a10b0,
N699,Payment adjusted based on the Physician Quality Reporting System (PQRS) Incentive Program.,Katherine Higgins,rhaildev,Active,RARC,Katherine Higgins,,2025-01-13T19:14:22Z,,Katherine Higgins,,2025-01-21T22:49:07Z,,,Active,,,31470966,a6089996-e2d1-ef11-8eea-000d3a3b3075,72ea4760-2f38-ef11-840a-6045bd03203c,,72ea4760-2f38-ef11-840a-6045bd03203c,,72ea4760-2f38-ef11-840a-6045bd03203c,dc5c7cb8-6921-ef11-840b-0022480a10b0,
N700,Payment adjusted based on the Electronic Health Records (EHR) Incentive Program.,Katherine Higgins,rhaildev,Active,RARC,Katherine Higgins,,2025-01-13T19:14:22Z,,Katherine Higgins,,2025-01-21T22:49:07Z,,,Active,,,31470967,a7089996-e2d1-ef11-8eea-000d3a3b3075,72ea4760-2f38-ef11-840a-6045bd03203c,,72ea4760-2f38-ef11-840a-6045bd03203c,,72ea4760-2f38-ef11-840a-6045bd03203c,dc5c7cb8-6921-ef11-840b-0022480a10b0,
N701,Payment adjusted based on the Value-based Payment Modifier.,Katherine Higgins,rhaildev,Active,RARC,Katherine Higgins,,2025-01-13T19:14:22Z,,Katherine Higgins,,2025-01-21T22:49:07Z,,,Active,,,31470968,a8089996-e2d1-ef11-8eea-000d3a3b3075,72ea4760-2f38-ef11-840a-6045bd03203c,,72ea4760-2f38-ef11-840a-6045bd03203c,,72ea4760-2f38-ef11-840a-6045bd03203c,dc5c7cb8-6921-ef11-840b-0022480a10b0,
N702,Decision based on review of previously adjudicated claims or for claims in process for the same/similar type of services.,Katherine Higgins,rhaildev,Active,RARC,Katherine Higgins,,2025-01-13T19:14:22Z,,Katherine Higgins,,2025-01-21T22:49:07Z,,,Active,,,31470969,a9089996-e2d1-ef11-8eea-000d3a3b3075,72ea4760-2f38-ef11-840a-6045bd03203c,,72ea4760-2f38-ef11-840a-6045bd03203c,,72ea4760-2f38-ef11-840a-6045bd03203c,dc5c7cb8-6921-ef11-840b-0022480a10b0,
N703,This service is incompatible with previously adjudicated claims or claims in process.,Katherine Higgins,rhaildev,Active,RARC,Katherine Higgins,,2025-01-13T19:14:22Z,,Katherine Higgins,,2025-01-21T22:49:07Z,,,Active,,,31470970,aa089996-e2d1-ef11-8eea-000d3a3b3075,72ea4760-2f38-ef11-840a-6045bd03203c,,72ea4760-2f38-ef11-840a-6045bd03203c,,72ea4760-2f38-ef11-840a-6045bd03203c,dc5c7cb8-6921-ef11-840b-0022480a10b0,
N704,"Alert: You may not appeal this decision but can resubmit this claim/service with corrected information if warranted.
Notes: (Modified 3/14/2014)",Katherine Higgins,rhaildev,Active,RARC,Katherine Higgins,,2025-01-13T19:14:22Z,,Katherine Higgins,,2025-01-22T23:31:23Z,,,Active,,,31491682,ab089996-e2d1-ef11-8eea-000d3a3b3075,72ea4760-2f38-ef11-840a-6045bd03203c,,72ea4760-2f38-ef11-840a-6045bd03203c,,72ea4760-2f38-ef11-840a-6045bd03203c,dc5c7cb8-6921-ef11-840b-0022480a10b0,
N705,Incomplete/invalid documentation.,Katherine Higgins,rhaildev,Active,RARC,Katherine Higgins,,2025-01-13T19:14:22Z,,Katherine Higgins,,2025-01-22T23:31:26Z,,,Active,,,31491684,ac089996-e2d1-ef11-8eea-000d3a3b3075,72ea4760-2f38-ef11-840a-6045bd03203c,,72ea4760-2f38-ef11-840a-6045bd03203c,,72ea4760-2f38-ef11-840a-6045bd03203c,dc5c7cb8-6921-ef11-840b-0022480a10b0,
N195,The technical component must be billed separately.,Katherine Higgins,rhaildev,Active,RARC,Katherine Higgins,,2025-01-13T19:14:12Z,,Katherine Higgins,,2025-01-22T23:11:16Z,,,Active,,,31490990,43cf8e8f-e2d1-ef11-8ee9-000d3a59454e,72ea4760-2f38-ef11-840a-6045bd03203c,,72ea4760-2f38-ef11-840a-6045bd03203c,,72ea4760-2f38-ef11-840a-6045bd03203c,dc5c7cb8-6921-ef11-840b-0022480a10b0,
N196,Alert: Patient eligible to apply for other coverage which may be primary.,Katherine Higgins,rhaildev,Active,RARC,Katherine Higgins,,2025-01-13T19:14:12Z,,Katherine Higgins,,2025-01-22T23:11:23Z,,,Active,,,31490992,44cf8e8f-e2d1-ef11-8ee9-000d3a59454e,72ea4760-2f38-ef11-840a-6045bd03203c,,72ea4760-2f38-ef11-840a-6045bd03203c,,72ea4760-2f38-ef11-840a-6045bd03203c,dc5c7cb8-6921-ef11-840b-0022480a10b0,
N197,The subscriber must update insurance information directly with payer.,Katherine Higgins,rhaildev,Active,RARC,Katherine Higgins,,2025-01-13T19:14:12Z,,Katherine Higgins,,2025-01-22T23:11:26Z,,,Active,,,31490994,45cf8e8f-e2d1-ef11-8ee9-000d3a59454e,72ea4760-2f38-ef11-840a-6045bd03203c,,72ea4760-2f38-ef11-840a-6045bd03203c,,72ea4760-2f38-ef11-840a-6045bd03203c,dc5c7cb8-6921-ef11-840b-0022480a10b0,
N198,Rendering provider must be affiliated with the pay-to provider.,Katherine Higgins,rhaildev,Active,RARC,Katherine Higgins,,2025-01-13T19:14:12Z,,Katherine Higgins,,2025-01-22T23:11:30Z,,,Active,,,31490996,46cf8e8f-e2d1-ef11-8ee9-000d3a59454e,72ea4760-2f38-ef11-840a-6045bd03203c,,72ea4760-2f38-ef11-840a-6045bd03203c,,72ea4760-2f38-ef11-840a-6045bd03203c,dc5c7cb8-6921-ef11-840b-0022480a10b0,
N199,Additional payment/recoupment approved based on payer-initiated review/audit.,Katherine Higgins,rhaildev,Active,RARC,Katherine Higgins,,2025-01-13T19:14:12Z,,Katherine Higgins,,2025-01-22T23:11:32Z,,,Active,,,31490998,47cf8e8f-e2d1-ef11-8ee9-000d3a59454e,72ea4760-2f38-ef11-840a-6045bd03203c,,72ea4760-2f38-ef11-840a-6045bd03203c,,72ea4760-2f38-ef11-840a-6045bd03203c,dc5c7cb8-6921-ef11-840b-0022480a10b0,
N200,The professional component must be billed separately.,Katherine Higgins,rhaildev,Active,RARC,Katherine Higgins,,2025-01-13T19:14:12Z,,Katherine Higgins,,2025-01-22T23:11:43Z,,,Active,,,31491004,48cf8e8f-e2d1-ef11-8ee9-000d3a59454e,72ea4760-2f38-ef11-840a-6045bd03203c,,72ea4760-2f38-ef11-840a-6045bd03203c,,72ea4760-2f38-ef11-840a-6045bd03203c,dc5c7cb8-6921-ef11-840b-0022480a10b0,
N202,Alert: Additional information/explanation will be sent separately.,Katherine Higgins,rhaildev,Active,RARC,Katherine Higgins,,2025-01-13T19:14:12Z,,Katherine Higgins,,2025-01-22T23:11:50Z,,,Active,,,31491006,49cf8e8f-e2d1-ef11-8ee9-000d3a59454e,72ea4760-2f38-ef11-840a-6045bd03203c,,72ea4760-2f38-ef11-840a-6045bd03203c,,72ea4760-2f38-ef11-840a-6045bd03203c,dc5c7cb8-6921-ef11-840b-0022480a10b0,
N203,Missing/incomplete/invalid anesthesia time/units.,Katherine Higgins,rhaildev,Active,RARC,Katherine Higgins,,2025-01-13T19:14:12Z,,Katherine Higgins,,2025-01-22T23:11:57Z,,,Active,,,31491008,4acf8e8f-e2d1-ef11-8ee9-000d3a59454e,72ea4760-2f38-ef11-840a-6045bd03203c,,72ea4760-2f38-ef11-840a-6045bd03203c,,72ea4760-2f38-ef11-840a-6045bd03203c,dc5c7cb8-6921-ef11-840b-0022480a10b0,
N204,Services under review for possible pre-existing condition. Send medical records for prior 12 months,Katherine Higgins,rhaildev,Active,RARC,Katherine Higgins,,2025-01-13T19:14:12Z,,Katherine Higgins,,2025-01-22T23:12:00Z,,,Active,,,31491010,4bcf8e8f-e2d1-ef11-8ee9-000d3a59454e,72ea4760-2f38-ef11-840a-6045bd03203c,,72ea4760-2f38-ef11-840a-6045bd03203c,,72ea4760-2f38-ef11-840a-6045bd03203c,dc5c7cb8-6921-ef11-840b-0022480a10b0,
N205,Information provided was illegible.,Katherine Higgins,rhaildev,Active,RARC,Katherine Higgins,,2025-01-13T19:14:12Z,,Katherine Higgins,,2025-01-22T23:12:04Z,,,Active,,,31491012,4ccf8e8f-e2d1-ef11-8ee9-000d3a59454e,72ea4760-2f38-ef11-840a-6045bd03203c,,72ea4760-2f38-ef11-840a-6045bd03203c,,72ea4760-2f38-ef11-840a-6045bd03203c,dc5c7cb8-6921-ef11-840b-0022480a10b0,
N206,"The supporting documentation does not match the information sent on the claim.
Notes: (Modified 3/6/12)",Katherine Higgins,rhaildev,Active,RARC,Katherine Higgins,,2025-01-13T19:14:12Z,,Katherine Higgins,,2025-01-22T23:12:07Z,,,Active,,,31491014,4dcf8e8f-e2d1-ef11-8ee9-000d3a59454e,72ea4760-2f38-ef11-840a-6045bd03203c,,72ea4760-2f38-ef11-840a-6045bd03203c,,72ea4760-2f38-ef11-840a-6045bd03203c,dc5c7cb8-6921-ef11-840b-0022480a10b0,
N207,Missing/incomplete/invalid weight.,Katherine Higgins,rhaildev,Active,RARC,Katherine Higgins,,2025-01-13T19:14:12Z,,Katherine Higgins,,2025-01-22T23:12:10Z,,,Active,,,31491017,4ecf8e8f-e2d1-ef11-8ee9-000d3a59454e,72ea4760-2f38-ef11-840a-6045bd03203c,,72ea4760-2f38-ef11-840a-6045bd03203c,,72ea4760-2f38-ef11-840a-6045bd03203c,dc5c7cb8-6921-ef11-840b-0022480a10b0,
N208,Missing/incomplete/invalid DRG code.,Katherine Higgins,rhaildev,Active,RARC,Katherine Higgins,,2025-01-13T19:14:12Z,,Katherine Higgins,,2025-01-22T23:12:14Z,,,Active,,,31491019,4fcf8e8f-e2d1-ef11-8ee9-000d3a59454e,72ea4760-2f38-ef11-840a-6045bd03203c,,72ea4760-2f38-ef11-840a-6045bd03203c,,72ea4760-2f38-ef11-840a-6045bd03203c,dc5c7cb8-6921-ef11-840b-0022480a10b0,
N209,Missing/incomplete/invalid taxpayer identification number (TIN).,Katherine Higgins,rhaildev,Active,RARC,Katherine Higgins,,2025-01-13T19:14:12Z,,Katherine Higgins,,2025-01-22T23:12:17Z,,,Active,,,31491021,50cf8e8f-e2d1-ef11-8ee9-000d3a59454e,72ea4760-2f38-ef11-840a-6045bd03203c,,72ea4760-2f38-ef11-840a-6045bd03203c,,72ea4760-2f38-ef11-840a-6045bd03203c,dc5c7cb8-6921-ef11-840b-0022480a10b0,
N210,Alert: You may appeal this decision.,Katherine Higgins,rhaildev,Active,RARC,Katherine Higgins,,2025-01-13T19:14:12Z,,Katherine Higgins,,2025-01-22T23:12:24Z,,,Active,,,31491025,51cf8e8f-e2d1-ef11-8ee9-000d3a59454e,72ea4760-2f38-ef11-840a-6045bd03203c,,72ea4760-2f38-ef11-840a-6045bd03203c,,72ea4760-2f38-ef11-840a-6045bd03203c,dc5c7cb8-6921-ef11-840b-0022480a10b0,
N211,Alert: You may not appeal this decision.,Katherine Higgins,rhaildev,Active,RARC,Katherine Higgins,,2025-01-13T19:14:12Z,,Katherine Higgins,,2025-01-22T23:12:27Z,,,Active,,,31491027,52cf8e8f-e2d1-ef11-8ee9-000d3a59454e,72ea4760-2f38-ef11-840a-6045bd03203c,,72ea4760-2f38-ef11-840a-6045bd03203c,,72ea4760-2f38-ef11-840a-6045bd03203c,dc5c7cb8-6921-ef11-840b-0022480a10b0,
N212,Charges processed under a Point of Service benefit.,Katherine Higgins,rhaildev,Active,RARC,Katherine Higgins,,2025-01-13T19:14:12Z,,Katherine Higgins,,2025-01-22T23:12:30Z,,,Active,,,31491029,53cf8e8f-e2d1-ef11-8ee9-000d3a59454e,72ea4760-2f38-ef11-840a-6045bd03203c,,72ea4760-2f38-ef11-840a-6045bd03203c,,72ea4760-2f38-ef11-840a-6045bd03203c,dc5c7cb8-6921-ef11-840b-0022480a10b0,
N213,Missing/incomplete/invalid facility/discrete unit DRG/DRG exempt status information.,Katherine Higgins,rhaildev,Active,RARC,Katherine Higgins,,2025-01-13T19:14:12Z,,Katherine Higgins,,2025-01-22T23:12:33Z,,,Active,,,31491031,54cf8e8f-e2d1-ef11-8ee9-000d3a59454e,72ea4760-2f38-ef11-840a-6045bd03203c,,72ea4760-2f38-ef11-840a-6045bd03203c,,72ea4760-2f38-ef11-840a-6045bd03203c,dc5c7cb8-6921-ef11-840b-0022480a10b0,
N214,Missing/incomplete/invalid history of the related initial surgical procedure(s).,Katherine Higgins,rhaildev,Active,RARC,Katherine Higgins,,2025-01-13T19:14:12Z,,Katherine Higgins,,2025-01-22T23:12:36Z,,,Active,,,31491033,55cf8e8f-e2d1-ef11-8ee9-000d3a59454e,72ea4760-2f38-ef11-840a-6045bd03203c,,72ea4760-2f38-ef11-840a-6045bd03203c,,72ea4760-2f38-ef11-840a-6045bd03203c,dc5c7cb8-6921-ef11-840b-0022480a10b0,
N215,Alert: A payer providing supplemental or secondary coverage shall not require a claims determination for this service from a primary payer as a condition of making its own claims determination.,Katherine Higgins,rhaildev,Active,RARC,Katherine Higgins,,2025-01-13T19:14:12Z,,Katherine Higgins,,2025-01-22T23:12:50Z,,,Active,,,31491041,56cf8e8f-e2d1-ef11-8ee9-000d3a59454e,72ea4760-2f38-ef11-840a-6045bd03203c,,72ea4760-2f38-ef11-840a-6045bd03203c,,72ea4760-2f38-ef11-840a-6045bd03203c,dc5c7cb8-6921-ef11-840b-0022480a10b0,
N216,We do not offer coverage for this type of service or the patient is not enrolled in this portion of our benefit package.,Katherine Higgins,rhaildev,Active,RARC,Katherine Higgins,,2025-01-13T19:14:12Z,,Katherine Higgins,,2025-01-22T23:12:47Z,,,Active,,,31491039,57cf8e8f-e2d1-ef11-8ee9-000d3a59454e,72ea4760-2f38-ef11-840a-6045bd03203c,,72ea4760-2f38-ef11-840a-6045bd03203c,,72ea4760-2f38-ef11-840a-6045bd03203c,dc5c7cb8-6921-ef11-840b-0022480a10b0,
N217,We pay only one site of service per provider per claim.,Katherine Higgins,rhaildev,Active,RARC,Katherine Higgins,,2025-01-13T19:14:12Z,,Katherine Higgins,,2025-01-22T23:12:53Z,,,Active,,,31491043,58cf8e8f-e2d1-ef11-8ee9-000d3a59454e,72ea4760-2f38-ef11-840a-6045bd03203c,,72ea4760-2f38-ef11-840a-6045bd03203c,,72ea4760-2f38-ef11-840a-6045bd03203c,dc5c7cb8-6921-ef11-840b-0022480a10b0,
N218,You must furnish and service this item for as long as the patient continues to need it. We can pay for maintenance and/or servicing for the time period specified in the contract or coverage manual.,Katherine Higgins,rhaildev,Active,RARC,Katherine Higgins,,2025-01-13T19:14:12Z,,Katherine Higgins,,2025-01-22T23:12:56Z,,,Active,,,31491045,59cf8e8f-e2d1-ef11-8ee9-000d3a59454e,72ea4760-2f38-ef11-840a-6045bd03203c,,72ea4760-2f38-ef11-840a-6045bd03203c,,72ea4760-2f38-ef11-840a-6045bd03203c,dc5c7cb8-6921-ef11-840b-0022480a10b0,
N219,Payment based on previous payer's allowed amount.,Katherine Higgins,rhaildev,Active,RARC,Katherine Higgins,,2025-01-13T19:14:12Z,,Katherine Higgins,,2025-01-22T23:13:00Z,,,Active,,,31491047,5acf8e8f-e2d1-ef11-8ee9-000d3a59454e,72ea4760-2f38-ef11-840a-6045bd03203c,,72ea4760-2f38-ef11-840a-6045bd03203c,,72ea4760-2f38-ef11-840a-6045bd03203c,dc5c7cb8-6921-ef11-840b-0022480a10b0,
N220,Alert: See the payer's web site or contact the payer's Customer Service department to obtain forms and instructions for filing a provider dispute.,Katherine Higgins,rhaildev,Active,RARC,Katherine Higgins,,2025-01-13T19:14:12Z,,Katherine Higgins,,2025-01-22T23:13:16Z,,,Active,,,31491058,5bcf8e8f-e2d1-ef11-8ee9-000d3a59454e,72ea4760-2f38-ef11-840a-6045bd03203c,,72ea4760-2f38-ef11-840a-6045bd03203c,,72ea4760-2f38-ef11-840a-6045bd03203c,dc5c7cb8-6921-ef11-840b-0022480a10b0,
N221,Missing Admitting History and Physical report.,Katherine Higgins,rhaildev,Active,RARC,Katherine Higgins,,2025-01-13T19:14:12Z,,Katherine Higgins,,2025-01-22T23:13:40Z,,,Active,,,31491060,5ccf8e8f-e2d1-ef11-8ee9-000d3a59454e,72ea4760-2f38-ef11-840a-6045bd03203c,,72ea4760-2f38-ef11-840a-6045bd03203c,,72ea4760-2f38-ef11-840a-6045bd03203c,dc5c7cb8-6921-ef11-840b-0022480a10b0,
N222,Incomplete/invalid Admitting History and Physical report.,Katherine Higgins,rhaildev,Active,RARC,Katherine Higgins,,2025-01-13T19:14:12Z,,Katherine Higgins,,2025-01-22T23:13:43Z,,,Active,,,31491062,5dcf8e8f-e2d1-ef11-8ee9-000d3a59454e,72ea4760-2f38-ef11-840a-6045bd03203c,,72ea4760-2f38-ef11-840a-6045bd03203c,,72ea4760-2f38-ef11-840a-6045bd03203c,dc5c7cb8-6921-ef11-840b-0022480a10b0,
N223,Missing documentation of benefit to the patient during initial treatment period.,Katherine Higgins,rhaildev,Active,RARC,Katherine Higgins,,2025-01-13T19:14:12Z,,Katherine Higgins,,2025-01-22T23:13:45Z,,,Active,,,31491064,5ecf8e8f-e2d1-ef11-8ee9-000d3a59454e,72ea4760-2f38-ef11-840a-6045bd03203c,,72ea4760-2f38-ef11-840a-6045bd03203c,,72ea4760-2f38-ef11-840a-6045bd03203c,dc5c7cb8-6921-ef11-840b-0022480a10b0,
N224,Incomplete/invalid documentation of benefit to the patient during initial treatment period.,Katherine Higgins,rhaildev,Active,RARC,Katherine Higgins,,2025-01-13T19:14:12Z,,Katherine Higgins,,2025-01-22T23:13:47Z,,,Active,,,31491066,5fcf8e8f-e2d1-ef11-8ee9-000d3a59454e,72ea4760-2f38-ef11-840a-6045bd03203c,,72ea4760-2f38-ef11-840a-6045bd03203c,,72ea4760-2f38-ef11-840a-6045bd03203c,dc5c7cb8-6921-ef11-840b-0022480a10b0,
N226,Incomplete/invalid American Diabetes Association Certificate of Recognition.,Katherine Higgins,rhaildev,Active,RARC,Katherine Higgins,,2025-01-13T19:14:12Z,,Katherine Higgins,,2025-01-22T23:13:51Z,,,Active,,,31491068,60cf8e8f-e2d1-ef11-8ee9-000d3a59454e,72ea4760-2f38-ef11-840a-6045bd03203c,,72ea4760-2f38-ef11-840a-6045bd03203c,,72ea4760-2f38-ef11-840a-6045bd03203c,dc5c7cb8-6921-ef11-840b-0022480a10b0,
N227,Incomplete/invalid Certificate of Medical Necessity.,Katherine Higgins,rhaildev,Active,RARC,Katherine Higgins,,2025-01-13T19:14:12Z,,Katherine Higgins,,2025-01-22T23:13:54Z,,,Active,,,31491070,61cf8e8f-e2d1-ef11-8ee9-000d3a59454e,72ea4760-2f38-ef11-840a-6045bd03203c,,72ea4760-2f38-ef11-840a-6045bd03203c,,72ea4760-2f38-ef11-840a-6045bd03203c,dc5c7cb8-6921-ef11-840b-0022480a10b0,
N228,Incomplete/invalid consent form.,Katherine Higgins,rhaildev,Active,RARC,Katherine Higgins,,2025-01-13T19:14:12Z,,Katherine Higgins,,2025-01-22T23:13:56Z,,,Active,,,31491073,62cf8e8f-e2d1-ef11-8ee9-000d3a59454e,72ea4760-2f38-ef11-840a-6045bd03203c,,72ea4760-2f38-ef11-840a-6045bd03203c,,72ea4760-2f38-ef11-840a-6045bd03203c,dc5c7cb8-6921-ef11-840b-0022480a10b0,
N229,Incomplete/invalid contract indicator.,Katherine Higgins,rhaildev,Active,RARC,Katherine Higgins,,2025-01-13T19:14:12Z,,Katherine Higgins,,2025-01-22T23:13:59Z,,,Active,,,31491075,63cf8e8f-e2d1-ef11-8ee9-000d3a59454e,72ea4760-2f38-ef11-840a-6045bd03203c,,72ea4760-2f38-ef11-840a-6045bd03203c,,72ea4760-2f38-ef11-840a-6045bd03203c,dc5c7cb8-6921-ef11-840b-0022480a10b0,
N230,Incomplete/invalid indication of whether the patient owns the equipment that requires the part or supply.,Katherine Higgins,rhaildev,Active,RARC,Katherine Higgins,,2025-01-13T19:14:12Z,,Katherine Higgins,,2025-01-22T23:14:04Z,,,Active,,,31491083,64cf8e8f-e2d1-ef11-8ee9-000d3a59454e,72ea4760-2f38-ef11-840a-6045bd03203c,,72ea4760-2f38-ef11-840a-6045bd03203c,,72ea4760-2f38-ef11-840a-6045bd03203c,dc5c7cb8-6921-ef11-840b-0022480a10b0,
N231,"Incomplete/invalid invoice or statement certifying the actual cost of the lens, less discounts, and/or the type of intraocular lens used.",Katherine Higgins,rhaildev,Active,RARC,Katherine Higgins,,2025-01-13T19:14:12Z,,Katherine Higgins,,2025-01-22T23:14:10Z,,,Active,,,31491085,65cf8e8f-e2d1-ef11-8ee9-000d3a59454e,72ea4760-2f38-ef11-840a-6045bd03203c,,72ea4760-2f38-ef11-840a-6045bd03203c,,72ea4760-2f38-ef11-840a-6045bd03203c,dc5c7cb8-6921-ef11-840b-0022480a10b0,
N232,Incomplete/invalid itemized bill/statement.,Katherine Higgins,rhaildev,Active,RARC,Katherine Higgins,,2025-01-13T19:14:12Z,,Katherine Higgins,,2025-01-22T23:14:13Z,,,Active,,,31491087,66cf8e8f-e2d1-ef11-8ee9-000d3a59454e,72ea4760-2f38-ef11-840a-6045bd03203c,,72ea4760-2f38-ef11-840a-6045bd03203c,,72ea4760-2f38-ef11-840a-6045bd03203c,dc5c7cb8-6921-ef11-840b-0022480a10b0,
N233,Incomplete/invalid operative note/report.,Katherine Higgins,rhaildev,Active,RARC,Katherine Higgins,,2025-01-13T19:14:12Z,,Katherine Higgins,,2025-01-22T23:14:23Z,,,Active,,,31491093,67cf8e8f-e2d1-ef11-8ee9-000d3a59454e,72ea4760-2f38-ef11-840a-6045bd03203c,,72ea4760-2f38-ef11-840a-6045bd03203c,,72ea4760-2f38-ef11-840a-6045bd03203c,dc5c7cb8-6921-ef11-840b-0022480a10b0,
N234,Incomplete/invalid oxygen certification/re-certification.,Katherine Higgins,rhaildev,Active,RARC,Katherine Higgins,,2025-01-13T19:14:12Z,,Katherine Higgins,,2025-01-22T23:14:20Z,,,Active,,,31491091,68cf8e8f-e2d1-ef11-8ee9-000d3a59454e,72ea4760-2f38-ef11-840a-6045bd03203c,,72ea4760-2f38-ef11-840a-6045bd03203c,,72ea4760-2f38-ef11-840a-6045bd03203c,dc5c7cb8-6921-ef11-840b-0022480a10b0,
N235,Incomplete/invalid pacemaker registration form.,Katherine Higgins,rhaildev,Active,RARC,Katherine Higgins,,2025-01-13T19:14:13Z,,Katherine Higgins,,2025-01-22T23:14:26Z,,,Active,,,31491095,69cf8e8f-e2d1-ef11-8ee9-000d3a59454e,72ea4760-2f38-ef11-840a-6045bd03203c,,72ea4760-2f38-ef11-840a-6045bd03203c,,72ea4760-2f38-ef11-840a-6045bd03203c,dc5c7cb8-6921-ef11-840b-0022480a10b0,
N236,Incomplete/invalid pathology report.,Katherine Higgins,rhaildev,Active,RARC,Katherine Higgins,,2025-01-13T19:14:13Z,,Katherine Higgins,,2025-01-22T23:14:29Z,,,Active,,,31491097,6acf8e8f-e2d1-ef11-8ee9-000d3a59454e,72ea4760-2f38-ef11-840a-6045bd03203c,,72ea4760-2f38-ef11-840a-6045bd03203c,,72ea4760-2f38-ef11-840a-6045bd03203c,dc5c7cb8-6921-ef11-840b-0022480a10b0,
N237,Incomplete/invalid patient medical record for this service.,Katherine Higgins,rhaildev,Active,RARC,Katherine Higgins,,2025-01-13T19:14:13Z,,Katherine Higgins,,2025-01-22T23:14:31Z,,,Active,,,31491099,6bcf8e8f-e2d1-ef11-8ee9-000d3a59454e,72ea4760-2f38-ef11-840a-6045bd03203c,,72ea4760-2f38-ef11-840a-6045bd03203c,,72ea4760-2f38-ef11-840a-6045bd03203c,dc5c7cb8-6921-ef11-840b-0022480a10b0,
N238,Incomplete/invalid physician certified plan of care.,Katherine Higgins,rhaildev,Active,RARC,Katherine Higgins,,2025-01-13T19:14:13Z,,Katherine Higgins,,2025-01-22T23:14:36Z,,,Active,,,31491112,6ccf8e8f-e2d1-ef11-8ee9-000d3a59454e,72ea4760-2f38-ef11-840a-6045bd03203c,,72ea4760-2f38-ef11-840a-6045bd03203c,,72ea4760-2f38-ef11-840a-6045bd03203c,dc5c7cb8-6921-ef11-840b-0022480a10b0,
N239,Incomplete/invalid physician financial relationship form.,Katherine Higgins,rhaildev,Active,RARC,Katherine Higgins,,2025-01-13T19:14:13Z,,Katherine Higgins,,2025-01-22T23:14:39Z,,,Active,,,31491114,6dcf8e8f-e2d1-ef11-8ee9-000d3a59454e,72ea4760-2f38-ef11-840a-6045bd03203c,,72ea4760-2f38-ef11-840a-6045bd03203c,,72ea4760-2f38-ef11-840a-6045bd03203c,dc5c7cb8-6921-ef11-840b-0022480a10b0,
N240,Incomplete/invalid radiology report.,Katherine Higgins,rhaildev,Active,RARC,Katherine Higgins,,2025-01-13T19:14:13Z,,Katherine Higgins,,2025-01-22T23:14:50Z,,,Active,,,31491120,6ecf8e8f-e2d1-ef11-8ee9-000d3a59454e,72ea4760-2f38-ef11-840a-6045bd03203c,,72ea4760-2f38-ef11-840a-6045bd03203c,,72ea4760-2f38-ef11-840a-6045bd03203c,dc5c7cb8-6921-ef11-840b-0022480a10b0,
N241,Incomplete/invalid review organization approval.,Katherine Higgins,rhaildev,Active,RARC,Katherine Higgins,,2025-01-13T19:14:13Z,,Katherine Higgins,,2025-01-22T23:14:57Z,,,Active,,,31491122,6fcf8e8f-e2d1-ef11-8ee9-000d3a59454e,72ea4760-2f38-ef11-840a-6045bd03203c,,72ea4760-2f38-ef11-840a-6045bd03203c,,72ea4760-2f38-ef11-840a-6045bd03203c,dc5c7cb8-6921-ef11-840b-0022480a10b0,
N242,Incomplete/invalid radiology film(s)/image(s).,Katherine Higgins,rhaildev,Active,RARC,Katherine Higgins,,2025-01-13T19:14:13Z,,Katherine Higgins,,2025-01-22T23:15:03Z,,,Active,,,31491124,70cf8e8f-e2d1-ef11-8ee9-000d3a59454e,72ea4760-2f38-ef11-840a-6045bd03203c,,72ea4760-2f38-ef11-840a-6045bd03203c,,72ea4760-2f38-ef11-840a-6045bd03203c,dc5c7cb8-6921-ef11-840b-0022480a10b0,
N243,Incomplete/invalid/not approved screening document.,Katherine Higgins,rhaildev,Active,RARC,Katherine Higgins,,2025-01-13T19:14:13Z,,Katherine Higgins,,2025-01-22T23:15:06Z,,,Active,,,31491126,71cf8e8f-e2d1-ef11-8ee9-000d3a59454e,72ea4760-2f38-ef11-840a-6045bd03203c,,72ea4760-2f38-ef11-840a-6045bd03203c,,72ea4760-2f38-ef11-840a-6045bd03203c,dc5c7cb8-6921-ef11-840b-0022480a10b0,
N244,Incomplete/Invalid pre-operative images/visual field results.,Katherine Higgins,rhaildev,Active,RARC,Katherine Higgins,,2025-01-13T19:14:13Z,,Katherine Higgins,,2025-01-22T23:15:10Z,,,Active,,,31491128,72cf8e8f-e2d1-ef11-8ee9-000d3a59454e,72ea4760-2f38-ef11-840a-6045bd03203c,,72ea4760-2f38-ef11-840a-6045bd03203c,,72ea4760-2f38-ef11-840a-6045bd03203c,dc5c7cb8-6921-ef11-840b-0022480a10b0,
N245,Incomplete/invalid plan information for other insurance.,Katherine Higgins,rhaildev,Active,RARC,Katherine Higgins,,2025-01-13T19:14:13Z,,Katherine Higgins,,2025-01-22T23:15:13Z,,,Active,,,31491130,73cf8e8f-e2d1-ef11-8ee9-000d3a59454e,72ea4760-2f38-ef11-840a-6045bd03203c,,72ea4760-2f38-ef11-840a-6045bd03203c,,72ea4760-2f38-ef11-840a-6045bd03203c,dc5c7cb8-6921-ef11-840b-0022480a10b0,
N246,State regulated patient payment limitations apply to this service.,Katherine Higgins,rhaildev,Active,RARC,Katherine Higgins,,2025-01-13T19:14:13Z,,Katherine Higgins,,2025-01-22T23:15:16Z,,,Active,,,31491132,74cf8e8f-e2d1-ef11-8ee9-000d3a59454e,72ea4760-2f38-ef11-840a-6045bd03203c,,72ea4760-2f38-ef11-840a-6045bd03203c,,72ea4760-2f38-ef11-840a-6045bd03203c,dc5c7cb8-6921-ef11-840b-0022480a10b0,
N247,Missing/incomplete/invalid assistant surgeon taxonomy.,Katherine Higgins,rhaildev,Active,RARC,Katherine Higgins,,2025-01-13T19:14:13Z,,Katherine Higgins,,2025-01-22T23:15:19Z,,,Active,,,31491134,75cf8e8f-e2d1-ef11-8ee9-000d3a59454e,72ea4760-2f38-ef11-840a-6045bd03203c,,72ea4760-2f38-ef11-840a-6045bd03203c,,72ea4760-2f38-ef11-840a-6045bd03203c,dc5c7cb8-6921-ef11-840b-0022480a10b0,
N248,Missing/incomplete/invalid assistant surgeon name.,Katherine Higgins,rhaildev,Active,RARC,Katherine Higgins,,2025-01-13T19:14:13Z,,Katherine Higgins,,2025-01-22T23:15:21Z,,,Active,,,31491136,76cf8e8f-e2d1-ef11-8ee9-000d3a59454e,72ea4760-2f38-ef11-840a-6045bd03203c,,72ea4760-2f38-ef11-840a-6045bd03203c,,72ea4760-2f38-ef11-840a-6045bd03203c,dc5c7cb8-6921-ef11-840b-0022480a10b0,
N249,Missing/incomplete/invalid assistant surgeon primary identifier.,Katherine Higgins,rhaildev,Active,RARC,Katherine Higgins,,2025-01-13T19:14:13Z,,Katherine Higgins,,2025-01-22T23:15:24Z,,,Active,,,31491138,77cf8e8f-e2d1-ef11-8ee9-000d3a59454e,72ea4760-2f38-ef11-840a-6045bd03203c,,72ea4760-2f38-ef11-840a-6045bd03203c,,72ea4760-2f38-ef11-840a-6045bd03203c,dc5c7cb8-6921-ef11-840b-0022480a10b0,
N250,Missing/incomplete/invalid assistant surgeon secondary identifier.,Katherine Higgins,rhaildev,Active,RARC,Katherine Higgins,,2025-01-13T19:14:13Z,,Katherine Higgins,,2025-01-22T23:15:33Z,,,Active,,,31491142,78cf8e8f-e2d1-ef11-8ee9-000d3a59454e,72ea4760-2f38-ef11-840a-6045bd03203c,,72ea4760-2f38-ef11-840a-6045bd03203c,,72ea4760-2f38-ef11-840a-6045bd03203c,dc5c7cb8-6921-ef11-840b-0022480a10b0,
N251,Missing/incomplete/invalid attending provider taxonomy.,Katherine Higgins,rhaildev,Active,RARC,Katherine Higgins,,2025-01-13T19:14:13Z,,Katherine Higgins,,2025-01-22T23:15:36Z,,,Active,,,31491144,79cf8e8f-e2d1-ef11-8ee9-000d3a59454e,72ea4760-2f38-ef11-840a-6045bd03203c,,72ea4760-2f38-ef11-840a-6045bd03203c,,72ea4760-2f38-ef11-840a-6045bd03203c,dc5c7cb8-6921-ef11-840b-0022480a10b0,
N252,Missing/incomplete/invalid attending provider name.,Katherine Higgins,rhaildev,Active,RARC,Katherine Higgins,,2025-01-13T19:14:13Z,,Katherine Higgins,,2025-01-22T23:15:39Z,,,Active,,,31491146,7acf8e8f-e2d1-ef11-8ee9-000d3a59454e,72ea4760-2f38-ef11-840a-6045bd03203c,,72ea4760-2f38-ef11-840a-6045bd03203c,,72ea4760-2f38-ef11-840a-6045bd03203c,dc5c7cb8-6921-ef11-840b-0022480a10b0,
N253,Missing/incomplete/invalid attending provider primary identifier.,Katherine Higgins,rhaildev,Active,RARC,Katherine Higgins,,2025-01-13T19:14:13Z,,Katherine Higgins,,2025-01-22T23:15:41Z,,,Active,,,31491148,7bcf8e8f-e2d1-ef11-8ee9-000d3a59454e,72ea4760-2f38-ef11-840a-6045bd03203c,,72ea4760-2f38-ef11-840a-6045bd03203c,,72ea4760-2f38-ef11-840a-6045bd03203c,dc5c7cb8-6921-ef11-840b-0022480a10b0,
N254,Missing/incomplete/invalid attending provider secondary identifier.,Katherine Higgins,rhaildev,Active,RARC,Katherine Higgins,,2025-01-13T19:14:13Z,,Katherine Higgins,,2025-01-22T23:15:45Z,,,Active,,,31491150,7ccf8e8f-e2d1-ef11-8ee9-000d3a59454e,72ea4760-2f38-ef11-840a-6045bd03203c,,72ea4760-2f38-ef11-840a-6045bd03203c,,72ea4760-2f38-ef11-840a-6045bd03203c,dc5c7cb8-6921-ef11-840b-0022480a10b0,
N255,Missing/incomplete/invalid billing provider taxonomy.,Katherine Higgins,rhaildev,Active,RARC,Katherine Higgins,,2025-01-13T19:14:13Z,,Katherine Higgins,,2025-01-22T23:15:48Z,,,Active,,,31491153,7dcf8e8f-e2d1-ef11-8ee9-000d3a59454e,72ea4760-2f38-ef11-840a-6045bd03203c,,72ea4760-2f38-ef11-840a-6045bd03203c,,72ea4760-2f38-ef11-840a-6045bd03203c,dc5c7cb8-6921-ef11-840b-0022480a10b0,
N256,Missing/incomplete/invalid billing provider/supplier name.,Katherine Higgins,rhaildev,Active,RARC,Katherine Higgins,,2025-01-13T19:14:13Z,,Katherine Higgins,,2025-01-22T23:15:50Z,,,Active,,,31491155,7ecf8e8f-e2d1-ef11-8ee9-000d3a59454e,72ea4760-2f38-ef11-840a-6045bd03203c,,72ea4760-2f38-ef11-840a-6045bd03203c,,72ea4760-2f38-ef11-840a-6045bd03203c,dc5c7cb8-6921-ef11-840b-0022480a10b0,
N257,Missing/incomplete/invalid billing provider/supplier primary identifier.,Katherine Higgins,rhaildev,Active,RARC,Katherine Higgins,,2025-01-13T19:14:13Z,,Katherine Higgins,,2025-01-22T23:15:53Z,,,Active,,,31491157,7fcf8e8f-e2d1-ef11-8ee9-000d3a59454e,72ea4760-2f38-ef11-840a-6045bd03203c,,72ea4760-2f38-ef11-840a-6045bd03203c,,72ea4760-2f38-ef11-840a-6045bd03203c,dc5c7cb8-6921-ef11-840b-0022480a10b0,
N258,Missing/incomplete/invalid billing provider/supplier address.,Katherine Higgins,rhaildev,Active,RARC,Katherine Higgins,,2025-01-13T19:14:13Z,,Katherine Higgins,,2025-01-22T23:15:55Z,,,Active,,,31491159,80cf8e8f-e2d1-ef11-8ee9-000d3a59454e,72ea4760-2f38-ef11-840a-6045bd03203c,,72ea4760-2f38-ef11-840a-6045bd03203c,,72ea4760-2f38-ef11-840a-6045bd03203c,dc5c7cb8-6921-ef11-840b-0022480a10b0,
N259,Missing/incomplete/invalid billing provider/supplier secondary identifier.,Katherine Higgins,rhaildev,Active,RARC,Katherine Higgins,,2025-01-13T19:14:13Z,,Katherine Higgins,,2025-01-22T23:15:59Z,,,Active,,,31491161,81cf8e8f-e2d1-ef11-8ee9-000d3a59454e,72ea4760-2f38-ef11-840a-6045bd03203c,,72ea4760-2f38-ef11-840a-6045bd03203c,,72ea4760-2f38-ef11-840a-6045bd03203c,dc5c7cb8-6921-ef11-840b-0022480a10b0,
N260,Missing/incomplete/invalid billing provider/supplier contact information.,Katherine Higgins,rhaildev,Active,RARC,Katherine Higgins,,2025-01-13T19:14:13Z,,Katherine Higgins,,2025-01-22T23:16:04Z,,,Active,,,31491165,82cf8e8f-e2d1-ef11-8ee9-000d3a59454e,72ea4760-2f38-ef11-840a-6045bd03203c,,72ea4760-2f38-ef11-840a-6045bd03203c,,72ea4760-2f38-ef11-840a-6045bd03203c,dc5c7cb8-6921-ef11-840b-0022480a10b0,
N261,Missing/incomplete/invalid operating provider name.,Katherine Higgins,rhaildev,Active,RARC,Katherine Higgins,,2025-01-13T19:14:13Z,,Katherine Higgins,,2025-01-22T23:16:06Z,,,Active,,,31491167,83cf8e8f-e2d1-ef11-8ee9-000d3a59454e,72ea4760-2f38-ef11-840a-6045bd03203c,,72ea4760-2f38-ef11-840a-6045bd03203c,,72ea4760-2f38-ef11-840a-6045bd03203c,dc5c7cb8-6921-ef11-840b-0022480a10b0,
N262,Missing/incomplete/invalid operating provider primary identifier.,Katherine Higgins,rhaildev,Active,RARC,Katherine Higgins,,2025-01-13T19:14:13Z,,Katherine Higgins,,2025-01-22T23:16:08Z,,,Active,,,31491169,84cf8e8f-e2d1-ef11-8ee9-000d3a59454e,72ea4760-2f38-ef11-840a-6045bd03203c,,72ea4760-2f38-ef11-840a-6045bd03203c,,72ea4760-2f38-ef11-840a-6045bd03203c,dc5c7cb8-6921-ef11-840b-0022480a10b0,
N263,Missing/incomplete/invalid operating provider secondary identifier.,Katherine Higgins,rhaildev,Active,RARC,Katherine Higgins,,2025-01-13T19:14:13Z,,Katherine Higgins,,2025-01-22T23:16:11Z,,,Active,,,31491170,86cf8e8f-e2d1-ef11-8ee9-000d3a59454e,72ea4760-2f38-ef11-840a-6045bd03203c,,72ea4760-2f38-ef11-840a-6045bd03203c,,72ea4760-2f38-ef11-840a-6045bd03203c,dc5c7cb8-6921-ef11-840b-0022480a10b0,
N264,Missing/incomplete/invalid ordering provider name.,Katherine Higgins,rhaildev,Active,RARC,Katherine Higgins,,2025-01-13T19:14:13Z,,Katherine Higgins,,2025-01-22T23:16:13Z,,,Active,,,31491172,87cf8e8f-e2d1-ef11-8ee9-000d3a59454e,72ea4760-2f38-ef11-840a-6045bd03203c,,72ea4760-2f38-ef11-840a-6045bd03203c,,72ea4760-2f38-ef11-840a-6045bd03203c,dc5c7cb8-6921-ef11-840b-0022480a10b0,
N265,Missing/incomplete/invalid ordering provider primary identifier.,Katherine Higgins,rhaildev,Active,RARC,Katherine Higgins,,2025-01-13T19:14:13Z,,Katherine Higgins,,2025-01-22T23:16:16Z,,,Active,,,31491174,88cf8e8f-e2d1-ef11-8ee9-000d3a59454e,72ea4760-2f38-ef11-840a-6045bd03203c,,72ea4760-2f38-ef11-840a-6045bd03203c,,72ea4760-2f38-ef11-840a-6045bd03203c,dc5c7cb8-6921-ef11-840b-0022480a10b0,
N266,Missing/incomplete/invalid ordering provider address.,Katherine Higgins,rhaildev,Active,RARC,Katherine Higgins,,2025-01-13T19:14:13Z,,Katherine Higgins,,2025-01-22T23:16:19Z,,,Active,,,31491176,89cf8e8f-e2d1-ef11-8ee9-000d3a59454e,72ea4760-2f38-ef11-840a-6045bd03203c,,72ea4760-2f38-ef11-840a-6045bd03203c,,72ea4760-2f38-ef11-840a-6045bd03203c,dc5c7cb8-6921-ef11-840b-0022480a10b0,
N267,Missing/incomplete/invalid ordering provider secondary identifier.,Katherine Higgins,rhaildev,Active,RARC,Katherine Higgins,,2025-01-13T19:14:13Z,,Katherine Higgins,,2025-01-22T23:16:21Z,,,Active,,,31491178,8acf8e8f-e2d1-ef11-8ee9-000d3a59454e,72ea4760-2f38-ef11-840a-6045bd03203c,,72ea4760-2f38-ef11-840a-6045bd03203c,,72ea4760-2f38-ef11-840a-6045bd03203c,dc5c7cb8-6921-ef11-840b-0022480a10b0,
N268,Missing/incomplete/invalid ordering provider contact information.,Katherine Higgins,rhaildev,Active,RARC,Katherine Higgins,,2025-01-13T19:14:13Z,,Katherine Higgins,,2025-01-22T23:16:23Z,,,Active,,,31491180,8bcf8e8f-e2d1-ef11-8ee9-000d3a59454e,72ea4760-2f38-ef11-840a-6045bd03203c,,72ea4760-2f38-ef11-840a-6045bd03203c,,72ea4760-2f38-ef11-840a-6045bd03203c,dc5c7cb8-6921-ef11-840b-0022480a10b0,
N269,Missing/incomplete/invalid other provider name.,Katherine Higgins,rhaildev,Active,RARC,Katherine Higgins,,2025-01-13T19:14:13Z,,Katherine Higgins,,2025-01-22T23:16:26Z,,,Active,,,31491182,8ccf8e8f-e2d1-ef11-8ee9-000d3a59454e,72ea4760-2f38-ef11-840a-6045bd03203c,,72ea4760-2f38-ef11-840a-6045bd03203c,,72ea4760-2f38-ef11-840a-6045bd03203c,dc5c7cb8-6921-ef11-840b-0022480a10b0,
N270,Missing/incomplete/invalid other provider primary identifier.,Katherine Higgins,rhaildev,Active,RARC,Katherine Higgins,,2025-01-13T19:14:13Z,,Katherine Higgins,,2025-01-22T23:16:32Z,,,Active,,,31491186,8dcf8e8f-e2d1-ef11-8ee9-000d3a59454e,72ea4760-2f38-ef11-840a-6045bd03203c,,72ea4760-2f38-ef11-840a-6045bd03203c,,72ea4760-2f38-ef11-840a-6045bd03203c,dc5c7cb8-6921-ef11-840b-0022480a10b0,
N271,Missing/incomplete/invalid other provider secondary identifier.,Katherine Higgins,rhaildev,Active,RARC,Katherine Higgins,,2025-01-13T19:14:13Z,,Katherine Higgins,,2025-01-22T23:16:35Z,,,Active,,,31491188,8ecf8e8f-e2d1-ef11-8ee9-000d3a59454e,72ea4760-2f38-ef11-840a-6045bd03203c,,72ea4760-2f38-ef11-840a-6045bd03203c,,72ea4760-2f38-ef11-840a-6045bd03203c,dc5c7cb8-6921-ef11-840b-0022480a10b0,
N272,Missing/incomplete/invalid other payer attending provider identifier.,Katherine Higgins,rhaildev,Active,RARC,Katherine Higgins,,2025-01-13T19:14:13Z,,Katherine Higgins,,2025-01-22T23:16:37Z,,,Active,,,31491190,8fcf8e8f-e2d1-ef11-8ee9-000d3a59454e,72ea4760-2f38-ef11-840a-6045bd03203c,,72ea4760-2f38-ef11-840a-6045bd03203c,,72ea4760-2f38-ef11-840a-6045bd03203c,dc5c7cb8-6921-ef11-840b-0022480a10b0,
N273,Missing/incomplete/invalid other payer operating provider identifier.,Katherine Higgins,rhaildev,Active,RARC,Katherine Higgins,,2025-01-13T19:14:13Z,,Katherine Higgins,,2025-01-22T23:16:41Z,,,Active,,,31491192,90cf8e8f-e2d1-ef11-8ee9-000d3a59454e,72ea4760-2f38-ef11-840a-6045bd03203c,,72ea4760-2f38-ef11-840a-6045bd03203c,,72ea4760-2f38-ef11-840a-6045bd03203c,dc5c7cb8-6921-ef11-840b-0022480a10b0,
N274,Missing/incomplete/invalid other payer other provider identifier.,Katherine Higgins,rhaildev,Active,RARC,Katherine Higgins,,2025-01-13T19:14:13Z,,Katherine Higgins,,2025-01-22T23:16:43Z,,,Active,,,31491194,91cf8e8f-e2d1-ef11-8ee9-000d3a59454e,72ea4760-2f38-ef11-840a-6045bd03203c,,72ea4760-2f38-ef11-840a-6045bd03203c,,72ea4760-2f38-ef11-840a-6045bd03203c,dc5c7cb8-6921-ef11-840b-0022480a10b0,
N275,Missing/incomplete/invalid other payer purchased service provider identifier.,Katherine Higgins,rhaildev,Active,RARC,Katherine Higgins,,2025-01-13T19:14:13Z,,Katherine Higgins,,2025-01-22T23:16:46Z,,,Active,,,31491196,92cf8e8f-e2d1-ef11-8ee9-000d3a59454e,72ea4760-2f38-ef11-840a-6045bd03203c,,72ea4760-2f38-ef11-840a-6045bd03203c,,72ea4760-2f38-ef11-840a-6045bd03203c,dc5c7cb8-6921-ef11-840b-0022480a10b0,
N276,Missing/incomplete/invalid other payer referring provider identifier.,Katherine Higgins,rhaildev,Active,RARC,Katherine Higgins,,2025-01-13T19:14:13Z,,Katherine Higgins,,2025-01-22T23:16:48Z,,,Active,,,31491198,93cf8e8f-e2d1-ef11-8ee9-000d3a59454e,72ea4760-2f38-ef11-840a-6045bd03203c,,72ea4760-2f38-ef11-840a-6045bd03203c,,72ea4760-2f38-ef11-840a-6045bd03203c,dc5c7cb8-6921-ef11-840b-0022480a10b0,
N277,Missing/incomplete/invalid other payer rendering provider identifier.,Katherine Higgins,rhaildev,Active,RARC,Katherine Higgins,,2025-01-13T19:14:13Z,,Katherine Higgins,,2025-01-22T23:16:50Z,,,Active,,,31491200,94cf8e8f-e2d1-ef11-8ee9-000d3a59454e,72ea4760-2f38-ef11-840a-6045bd03203c,,72ea4760-2f38-ef11-840a-6045bd03203c,,72ea4760-2f38-ef11-840a-6045bd03203c,dc5c7cb8-6921-ef11-840b-0022480a10b0,
N278,Missing/incomplete/invalid other payer service facility provider identifier.,Katherine Higgins,rhaildev,Active,RARC,Katherine Higgins,,2025-01-13T19:14:13Z,,Katherine Higgins,,2025-01-22T23:16:53Z,,,Active,,,31491202,95cf8e8f-e2d1-ef11-8ee9-000d3a59454e,72ea4760-2f38-ef11-840a-6045bd03203c,,72ea4760-2f38-ef11-840a-6045bd03203c,,72ea4760-2f38-ef11-840a-6045bd03203c,dc5c7cb8-6921-ef11-840b-0022480a10b0,
N279,Missing/incomplete/invalid pay-to provider name.,Katherine Higgins,rhaildev,Active,RARC,Katherine Higgins,,2025-01-13T19:14:13Z,,Katherine Higgins,,2025-01-22T23:16:56Z,,,Active,,,31491204,96cf8e8f-e2d1-ef11-8ee9-000d3a59454e,72ea4760-2f38-ef11-840a-6045bd03203c,,72ea4760-2f38-ef11-840a-6045bd03203c,,72ea4760-2f38-ef11-840a-6045bd03203c,dc5c7cb8-6921-ef11-840b-0022480a10b0,
N280,Missing/incomplete/invalid pay-to provider primary identifier.,Katherine Higgins,rhaildev,Active,RARC,Katherine Higgins,,2025-01-13T19:14:13Z,,Katherine Higgins,,2025-01-22T23:17:01Z,,,Active,,,31491208,97cf8e8f-e2d1-ef11-8ee9-000d3a59454e,72ea4760-2f38-ef11-840a-6045bd03203c,,72ea4760-2f38-ef11-840a-6045bd03203c,,72ea4760-2f38-ef11-840a-6045bd03203c,dc5c7cb8-6921-ef11-840b-0022480a10b0,
N281,Missing/incomplete/invalid pay-to provider address.,Katherine Higgins,rhaildev,Active,RARC,Katherine Higgins,,2025-01-13T19:14:13Z,,Katherine Higgins,,2025-01-22T23:17:04Z,,,Active,,,31491210,98cf8e8f-e2d1-ef11-8ee9-000d3a59454e,72ea4760-2f38-ef11-840a-6045bd03203c,,72ea4760-2f38-ef11-840a-6045bd03203c,,72ea4760-2f38-ef11-840a-6045bd03203c,dc5c7cb8-6921-ef11-840b-0022480a10b0,
N282,Missing/incomplete/invalid pay-to provider secondary identifier.,Katherine Higgins,rhaildev,Active,RARC,Katherine Higgins,,2025-01-13T19:14:13Z,,Katherine Higgins,,2025-01-22T23:17:07Z,,,Active,,,31491212,99cf8e8f-e2d1-ef11-8ee9-000d3a59454e,72ea4760-2f38-ef11-840a-6045bd03203c,,72ea4760-2f38-ef11-840a-6045bd03203c,,72ea4760-2f38-ef11-840a-6045bd03203c,dc5c7cb8-6921-ef11-840b-0022480a10b0,
N283,Missing/incomplete/invalid purchased service provider identifier.,Katherine Higgins,rhaildev,Active,RARC,Katherine Higgins,,2025-01-13T19:14:14Z,,Katherine Higgins,,2025-01-22T23:17:09Z,,,Active,,,31491214,9acf8e8f-e2d1-ef11-8ee9-000d3a59454e,72ea4760-2f38-ef11-840a-6045bd03203c,,72ea4760-2f38-ef11-840a-6045bd03203c,,72ea4760-2f38-ef11-840a-6045bd03203c,dc5c7cb8-6921-ef11-840b-0022480a10b0,
N284,Missing/incomplete/invalid referring provider taxonomy.,Katherine Higgins,rhaildev,Active,RARC,Katherine Higgins,,2025-01-13T19:14:14Z,,Katherine Higgins,,2025-01-22T23:17:13Z,,,Active,,,31491216,9bcf8e8f-e2d1-ef11-8ee9-000d3a59454e,72ea4760-2f38-ef11-840a-6045bd03203c,,72ea4760-2f38-ef11-840a-6045bd03203c,,72ea4760-2f38-ef11-840a-6045bd03203c,dc5c7cb8-6921-ef11-840b-0022480a10b0,
N285,Missing/incomplete/invalid referring provider name.,Katherine Higgins,rhaildev,Active,RARC,Katherine Higgins,,2025-01-13T19:14:14Z,,Katherine Higgins,,2025-01-22T23:17:16Z,,,Active,,,31491218,9ccf8e8f-e2d1-ef11-8ee9-000d3a59454e,72ea4760-2f38-ef11-840a-6045bd03203c,,72ea4760-2f38-ef11-840a-6045bd03203c,,72ea4760-2f38-ef11-840a-6045bd03203c,dc5c7cb8-6921-ef11-840b-0022480a10b0,
N286,Missing/incomplete/invalid referring provider primary identifier.,Katherine Higgins,rhaildev,Active,RARC,Katherine Higgins,,2025-01-13T19:14:14Z,,Katherine Higgins,,2025-01-22T23:17:18Z,,,Active,,,31491220,9dcf8e8f-e2d1-ef11-8ee9-000d3a59454e,72ea4760-2f38-ef11-840a-6045bd03203c,,72ea4760-2f38-ef11-840a-6045bd03203c,,72ea4760-2f38-ef11-840a-6045bd03203c,dc5c7cb8-6921-ef11-840b-0022480a10b0,
N287,Missing/incomplete/invalid referring provider secondary identifier.,Katherine Higgins,rhaildev,Active,RARC,Katherine Higgins,,2025-01-13T19:14:14Z,,Katherine Higgins,,2025-01-22T23:17:20Z,,,Active,,,31491222,9ecf8e8f-e2d1-ef11-8ee9-000d3a59454e,72ea4760-2f38-ef11-840a-6045bd03203c,,72ea4760-2f38-ef11-840a-6045bd03203c,,72ea4760-2f38-ef11-840a-6045bd03203c,dc5c7cb8-6921-ef11-840b-0022480a10b0,
N288,Missing/incomplete/invalid rendering provider taxonomy.,Katherine Higgins,rhaildev,Active,RARC,Katherine Higgins,,2025-01-13T19:14:14Z,,Katherine Higgins,,2025-01-22T23:17:22Z,,,Active,,,31491224,9fcf8e8f-e2d1-ef11-8ee9-000d3a59454e,72ea4760-2f38-ef11-840a-6045bd03203c,,72ea4760-2f38-ef11-840a-6045bd03203c,,72ea4760-2f38-ef11-840a-6045bd03203c,dc5c7cb8-6921-ef11-840b-0022480a10b0,
N289,Missing/incomplete/invalid rendering provider name.,Katherine Higgins,rhaildev,Active,RARC,Katherine Higgins,,2025-01-13T19:14:14Z,,Katherine Higgins,,2025-01-22T23:17:25Z,,,Active,,,31491226,a0cf8e8f-e2d1-ef11-8ee9-000d3a59454e,72ea4760-2f38-ef11-840a-6045bd03203c,,72ea4760-2f38-ef11-840a-6045bd03203c,,72ea4760-2f38-ef11-840a-6045bd03203c,dc5c7cb8-6921-ef11-840b-0022480a10b0,
N290,Missing/incomplete/invalid rendering provider primary identifier.,Katherine Higgins,rhaildev,Active,RARC,Katherine Higgins,,2025-01-13T19:14:14Z,,Katherine Higgins,,2025-01-22T23:17:28Z,,,Active,,,31491228,a1cf8e8f-e2d1-ef11-8ee9-000d3a59454e,72ea4760-2f38-ef11-840a-6045bd03203c,,72ea4760-2f38-ef11-840a-6045bd03203c,,72ea4760-2f38-ef11-840a-6045bd03203c,dc5c7cb8-6921-ef11-840b-0022480a10b0,
N291,Missing/incomplete/invalid rendering provider secondary identifier.,Katherine Higgins,rhaildev,Active,RARC,Katherine Higgins,,2025-01-13T19:14:14Z,,Katherine Higgins,,2025-01-22T23:17:31Z,,,Active,,,31491230,a2cf8e8f-e2d1-ef11-8ee9-000d3a59454e,72ea4760-2f38-ef11-840a-6045bd03203c,,72ea4760-2f38-ef11-840a-6045bd03203c,,72ea4760-2f38-ef11-840a-6045bd03203c,dc5c7cb8-6921-ef11-840b-0022480a10b0,
N292,Missing/incomplete/invalid service facility name.,Katherine Higgins,rhaildev,Active,RARC,Katherine Higgins,,2025-01-13T19:14:14Z,,Katherine Higgins,,2025-01-22T23:17:35Z,,,Active,,,31491232,a3cf8e8f-e2d1-ef11-8ee9-000d3a59454e,72ea4760-2f38-ef11-840a-6045bd03203c,,72ea4760-2f38-ef11-840a-6045bd03203c,,72ea4760-2f38-ef11-840a-6045bd03203c,dc5c7cb8-6921-ef11-840b-0022480a10b0,
N293,Missing/incomplete/invalid service facility primary identifier.,Katherine Higgins,rhaildev,Active,RARC,Katherine Higgins,,2025-01-13T19:14:14Z,,Katherine Higgins,,2025-01-22T23:17:37Z,,,Active,,,31491234,a4cf8e8f-e2d1-ef11-8ee9-000d3a59454e,72ea4760-2f38-ef11-840a-6045bd03203c,,72ea4760-2f38-ef11-840a-6045bd03203c,,72ea4760-2f38-ef11-840a-6045bd03203c,dc5c7cb8-6921-ef11-840b-0022480a10b0,
N294,Missing/incomplete/invalid service facility primary address.,Katherine Higgins,rhaildev,Active,RARC,Katherine Higgins,,2025-01-13T19:14:14Z,,Katherine Higgins,,2025-01-22T23:17:40Z,,,Active,,,31491238,a5cf8e8f-e2d1-ef11-8ee9-000d3a59454e,72ea4760-2f38-ef11-840a-6045bd03203c,,72ea4760-2f38-ef11-840a-6045bd03203c,,72ea4760-2f38-ef11-840a-6045bd03203c,dc5c7cb8-6921-ef11-840b-0022480a10b0,
N295,Missing/incomplete/invalid service facility secondary identifier.,Katherine Higgins,rhaildev,Active,RARC,Katherine Higgins,,2025-01-13T19:14:14Z,,Katherine Higgins,,2025-01-22T23:17:43Z,,,Active,,,31491240,a6cf8e8f-e2d1-ef11-8ee9-000d3a59454e,72ea4760-2f38-ef11-840a-6045bd03203c,,72ea4760-2f38-ef11-840a-6045bd03203c,,72ea4760-2f38-ef11-840a-6045bd03203c,dc5c7cb8-6921-ef11-840b-0022480a10b0,
N296,Missing/incomplete/invalid supervising provider name.,Katherine Higgins,rhaildev,Active,RARC,Katherine Higgins,,2025-01-13T19:14:14Z,,Katherine Higgins,,2025-01-22T23:17:47Z,,,Active,,,31491242,a7cf8e8f-e2d1-ef11-8ee9-000d3a59454e,72ea4760-2f38-ef11-840a-6045bd03203c,,72ea4760-2f38-ef11-840a-6045bd03203c,,72ea4760-2f38-ef11-840a-6045bd03203c,dc5c7cb8-6921-ef11-840b-0022480a10b0,
N399,Incomplete/invalid elective consent form.,Katherine Higgins,rhaildev,Active,RARC,Katherine Higgins,,2025-01-13T19:14:16Z,,Katherine Higgins,,2025-01-22T23:25:13Z,,,Active,,,31491491,70cb5792-e2d1-ef11-8eea-000d3a5a8e45,72ea4760-2f38-ef11-840a-6045bd03203c,,72ea4760-2f38-ef11-840a-6045bd03203c,,72ea4760-2f38-ef11-840a-6045bd03203c,dc5c7cb8-6921-ef11-840b-0022480a10b0,
N400,Alert: Electronically enabled providers should submit claims electronically.,Katherine Higgins,rhaildev,Active,RARC,Katherine Higgins,,2025-01-13T19:14:16Z,,Katherine Higgins,,2025-01-22T23:25:24Z,,,Active,,,31491497,71cb5792-e2d1-ef11-8eea-000d3a5a8e45,72ea4760-2f38-ef11-840a-6045bd03203c,,72ea4760-2f38-ef11-840a-6045bd03203c,,72ea4760-2f38-ef11-840a-6045bd03203c,dc5c7cb8-6921-ef11-840b-0022480a10b0,
N401,Missing periodontal charting.,Katherine Higgins,rhaildev,Active,RARC,Katherine Higgins,,2025-01-13T19:14:16Z,,Katherine Higgins,,2025-01-22T23:25:28Z,,,Active,,,31491499,72cb5792-e2d1-ef11-8eea-000d3a5a8e45,72ea4760-2f38-ef11-840a-6045bd03203c,,72ea4760-2f38-ef11-840a-6045bd03203c,,72ea4760-2f38-ef11-840a-6045bd03203c,dc5c7cb8-6921-ef11-840b-0022480a10b0,
N402,Incomplete/invalid periodontal charting.,Katherine Higgins,rhaildev,Active,RARC,Katherine Higgins,,2025-01-13T19:14:16Z,,Katherine Higgins,,2025-01-22T23:25:32Z,,,Active,,,31491501,73cb5792-e2d1-ef11-8eea-000d3a5a8e45,72ea4760-2f38-ef11-840a-6045bd03203c,,72ea4760-2f38-ef11-840a-6045bd03203c,,72ea4760-2f38-ef11-840a-6045bd03203c,dc5c7cb8-6921-ef11-840b-0022480a10b0,
N403,Missing facility certification.,Katherine Higgins,rhaildev,Active,RARC,Katherine Higgins,,2025-01-13T19:14:16Z,,Katherine Higgins,,2025-01-22T23:25:35Z,,,Active,,,31491503,74cb5792-e2d1-ef11-8eea-000d3a5a8e45,72ea4760-2f38-ef11-840a-6045bd03203c,,72ea4760-2f38-ef11-840a-6045bd03203c,,72ea4760-2f38-ef11-840a-6045bd03203c,dc5c7cb8-6921-ef11-840b-0022480a10b0,
N404,Incomplete/invalid facility certification.,Katherine Higgins,rhaildev,Active,RARC,Katherine Higgins,,2025-01-13T19:14:16Z,,Katherine Higgins,,2025-01-22T23:25:39Z,,,Active,,,31491505,75cb5792-e2d1-ef11-8eea-000d3a5a8e45,72ea4760-2f38-ef11-840a-6045bd03203c,,72ea4760-2f38-ef11-840a-6045bd03203c,,72ea4760-2f38-ef11-840a-6045bd03203c,dc5c7cb8-6921-ef11-840b-0022480a10b0,
N405,This service is only covered when the donor's insurer(s) do not provide coverage for the service.,Katherine Higgins,rhaildev,Active,RARC,Katherine Higgins,,2025-01-13T19:14:16Z,,Katherine Higgins,,2025-01-22T23:25:42Z,,,Active,,,31491507,76cb5792-e2d1-ef11-8eea-000d3a5a8e45,72ea4760-2f38-ef11-840a-6045bd03203c,,72ea4760-2f38-ef11-840a-6045bd03203c,,72ea4760-2f38-ef11-840a-6045bd03203c,dc5c7cb8-6921-ef11-840b-0022480a10b0,
N406,This service is only covered when the recipient's insurer(s) do not provide coverage for the service.,Katherine Higgins,rhaildev,Active,RARC,Katherine Higgins,,2025-01-13T19:14:16Z,,Katherine Higgins,,2025-01-22T23:25:47Z,,,Active,,,31491509,77cb5792-e2d1-ef11-8eea-000d3a5a8e45,72ea4760-2f38-ef11-840a-6045bd03203c,,72ea4760-2f38-ef11-840a-6045bd03203c,,72ea4760-2f38-ef11-840a-6045bd03203c,dc5c7cb8-6921-ef11-840b-0022480a10b0,
N407,You are not an approved submitter for this transmission format.,Katherine Higgins,rhaildev,Active,RARC,Katherine Higgins,,2025-01-13T19:14:16Z,,Katherine Higgins,,2025-01-22T23:25:50Z,,,Active,,,31491511,78cb5792-e2d1-ef11-8eea-000d3a5a8e45,72ea4760-2f38-ef11-840a-6045bd03203c,,72ea4760-2f38-ef11-840a-6045bd03203c,,72ea4760-2f38-ef11-840a-6045bd03203c,dc5c7cb8-6921-ef11-840b-0022480a10b0,
N408,This payer does not cover deductibles assessed by a previous payer.,Katherine Higgins,rhaildev,Active,RARC,Katherine Higgins,,2025-01-13T19:14:16Z,,Katherine Higgins,,2025-01-22T23:25:54Z,,,Active,,,31491513,79cb5792-e2d1-ef11-8eea-000d3a5a8e45,72ea4760-2f38-ef11-840a-6045bd03203c,,72ea4760-2f38-ef11-840a-6045bd03203c,,72ea4760-2f38-ef11-840a-6045bd03203c,dc5c7cb8-6921-ef11-840b-0022480a10b0,
N409,This service is related to an accidental injury and is not covered unless provided within a specific time frame from the date of the accident.,Katherine Higgins,rhaildev,Active,RARC,Katherine Higgins,,2025-01-13T19:14:16Z,,Katherine Higgins,,2025-01-22T23:25:58Z,,,Active,,,31491515,7acb5792-e2d1-ef11-8eea-000d3a5a8e45,72ea4760-2f38-ef11-840a-6045bd03203c,,72ea4760-2f38-ef11-840a-6045bd03203c,,72ea4760-2f38-ef11-840a-6045bd03203c,dc5c7cb8-6921-ef11-840b-0022480a10b0,
N410,Not covered unless the prescription changes.,Katherine Higgins,rhaildev,Active,RARC,Katherine Higgins,,2025-01-13T19:14:16Z,,Katherine Higgins,,2025-01-22T23:26:02Z,,,Active,,,31491517,7bcb5792-e2d1-ef11-8eea-000d3a5a8e45,72ea4760-2f38-ef11-840a-6045bd03203c,,72ea4760-2f38-ef11-840a-6045bd03203c,,72ea4760-2f38-ef11-840a-6045bd03203c,dc5c7cb8-6921-ef11-840b-0022480a10b0,
N411,This service is allowed one time in a 6-month period.,Katherine Higgins,rhaildev,Active,RARC,Katherine Higgins,,2025-01-13T19:14:16Z,,Katherine Higgins,,2025-01-22T23:26:08Z,,,Active,,,31491520,7ccb5792-e2d1-ef11-8eea-000d3a5a8e45,72ea4760-2f38-ef11-840a-6045bd03203c,,72ea4760-2f38-ef11-840a-6045bd03203c,,72ea4760-2f38-ef11-840a-6045bd03203c,dc5c7cb8-6921-ef11-840b-0022480a10b0,
N412,This service is allowed 2 times in a 12-month period.,Katherine Higgins,rhaildev,Active,RARC,Katherine Higgins,,2025-01-13T19:14:16Z,,Katherine Higgins,,2025-01-22T23:26:14Z,,,Active,,,31491522,7dcb5792-e2d1-ef11-8eea-000d3a5a8e45,72ea4760-2f38-ef11-840a-6045bd03203c,,72ea4760-2f38-ef11-840a-6045bd03203c,,72ea4760-2f38-ef11-840a-6045bd03203c,dc5c7cb8-6921-ef11-840b-0022480a10b0,
N413,This service is allowed 2 times in a benefit year.,Katherine Higgins,rhaildev,Active,RARC,Katherine Higgins,,2025-01-13T19:14:16Z,,Katherine Higgins,,2025-01-22T23:26:20Z,,,Active,,,31491524,7ecb5792-e2d1-ef11-8eea-000d3a5a8e45,72ea4760-2f38-ef11-840a-6045bd03203c,,72ea4760-2f38-ef11-840a-6045bd03203c,,72ea4760-2f38-ef11-840a-6045bd03203c,dc5c7cb8-6921-ef11-840b-0022480a10b0,
N414,This service is allowed 4 times in a 12-month period.,Katherine Higgins,rhaildev,Active,RARC,Katherine Higgins,,2025-01-13T19:14:16Z,,Katherine Higgins,,2025-01-22T23:26:29Z,,,Active,,,31491538,7fcb5792-e2d1-ef11-8eea-000d3a5a8e45,72ea4760-2f38-ef11-840a-6045bd03203c,,72ea4760-2f38-ef11-840a-6045bd03203c,,72ea4760-2f38-ef11-840a-6045bd03203c,dc5c7cb8-6921-ef11-840b-0022480a10b0,
N415,This service is allowed 1 time in an 18-month period.,Katherine Higgins,rhaildev,Active,RARC,Katherine Higgins,,2025-01-13T19:14:16Z,,Katherine Higgins,,2025-01-22T23:26:34Z,,,Active,,,31491541,80cb5792-e2d1-ef11-8eea-000d3a5a8e45,72ea4760-2f38-ef11-840a-6045bd03203c,,72ea4760-2f38-ef11-840a-6045bd03203c,,72ea4760-2f38-ef11-840a-6045bd03203c,dc5c7cb8-6921-ef11-840b-0022480a10b0,
N416,This service is allowed 1 time in a 3-year period.,Katherine Higgins,rhaildev,Active,RARC,Katherine Higgins,,2025-01-13T19:14:16Z,,Katherine Higgins,,2025-01-22T23:26:40Z,,,Active,,,31491543,81cb5792-e2d1-ef11-8eea-000d3a5a8e45,72ea4760-2f38-ef11-840a-6045bd03203c,,72ea4760-2f38-ef11-840a-6045bd03203c,,72ea4760-2f38-ef11-840a-6045bd03203c,dc5c7cb8-6921-ef11-840b-0022480a10b0,
N417,This service is allowed 1 time in a 5-year period.,Katherine Higgins,rhaildev,Active,RARC,Katherine Higgins,,2025-01-13T19:14:17Z,,Katherine Higgins,,2025-01-22T23:26:47Z,,,Active,,,31491553,82cb5792-e2d1-ef11-8eea-000d3a5a8e45,72ea4760-2f38-ef11-840a-6045bd03203c,,72ea4760-2f38-ef11-840a-6045bd03203c,,72ea4760-2f38-ef11-840a-6045bd03203c,dc5c7cb8-6921-ef11-840b-0022480a10b0,
N418,Misrouted claim. See the payer's claim submission instructions.,Katherine Higgins,rhaildev,Active,RARC,Katherine Higgins,,2025-01-13T19:14:17Z,,Katherine Higgins,,2025-01-22T23:26:52Z,,,Active,,,31491555,83cb5792-e2d1-ef11-8eea-000d3a5a8e45,72ea4760-2f38-ef11-840a-6045bd03203c,,72ea4760-2f38-ef11-840a-6045bd03203c,,72ea4760-2f38-ef11-840a-6045bd03203c,dc5c7cb8-6921-ef11-840b-0022480a10b0,
N419,Claim payment was the result of a payer's retroactive adjustment due to a retroactive rate change.,Katherine Higgins,rhaildev,Active,RARC,Katherine Higgins,,2025-01-13T19:14:17Z,,Katherine Higgins,,2025-01-22T23:26:56Z,,,Active,,,31491557,84cb5792-e2d1-ef11-8eea-000d3a5a8e45,72ea4760-2f38-ef11-840a-6045bd03203c,,72ea4760-2f38-ef11-840a-6045bd03203c,,72ea4760-2f38-ef11-840a-6045bd03203c,dc5c7cb8-6921-ef11-840b-0022480a10b0,
N420,Claim payment was the result of a payer's retroactive adjustment due to a Coordination of Benefits or Third Party Liability Recovery.,Katherine Higgins,rhaildev,Active,RARC,Katherine Higgins,,2025-01-13T19:14:17Z,,Katherine Higgins,,2025-01-22T23:27:04Z,,,Active,,,31491561,85cb5792-e2d1-ef11-8eea-000d3a5a8e45,72ea4760-2f38-ef11-840a-6045bd03203c,,72ea4760-2f38-ef11-840a-6045bd03203c,,72ea4760-2f38-ef11-840a-6045bd03203c,dc5c7cb8-6921-ef11-840b-0022480a10b0,
N421,Claim payment was the result of a payer's retroactive adjustment due to a review organization decision.,Katherine Higgins,rhaildev,Active,RARC,Katherine Higgins,,2025-01-13T19:14:17Z,,Katherine Higgins,,2025-01-22T23:27:08Z,,,Active,,,31491563,86cb5792-e2d1-ef11-8eea-000d3a5a8e45,72ea4760-2f38-ef11-840a-6045bd03203c,,72ea4760-2f38-ef11-840a-6045bd03203c,,72ea4760-2f38-ef11-840a-6045bd03203c,dc5c7cb8-6921-ef11-840b-0022480a10b0,
N422,Claim payment was the result of a payer's retroactive adjustment due to a payer's contract incentive program.,Katherine Higgins,rhaildev,Active,RARC,Katherine Higgins,,2025-01-13T19:14:17Z,,Katherine Higgins,,2025-01-22T23:27:21Z,,,Active,,,31491569,87cb5792-e2d1-ef11-8eea-000d3a5a8e45,72ea4760-2f38-ef11-840a-6045bd03203c,,72ea4760-2f38-ef11-840a-6045bd03203c,,72ea4760-2f38-ef11-840a-6045bd03203c,dc5c7cb8-6921-ef11-840b-0022480a10b0,
N423,Claim payment was the result of a payer's retroactive adjustment due to a non standard program.,Katherine Higgins,rhaildev,Active,RARC,Katherine Higgins,,2025-01-13T19:14:17Z,,Katherine Higgins,,2025-01-22T23:27:17Z,,,Active,,,31491567,88cb5792-e2d1-ef11-8eea-000d3a5a8e45,72ea4760-2f38-ef11-840a-6045bd03203c,,72ea4760-2f38-ef11-840a-6045bd03203c,,72ea4760-2f38-ef11-840a-6045bd03203c,dc5c7cb8-6921-ef11-840b-0022480a10b0,
N424,Patient does not reside in the geographic area required for this type of payment.,Katherine Higgins,rhaildev,Active,RARC,Katherine Higgins,,2025-01-13T19:14:17Z,,Katherine Higgins,,2025-01-22T23:27:26Z,,,Active,,,31491571,89cb5792-e2d1-ef11-8eea-000d3a5a8e45,72ea4760-2f38-ef11-840a-6045bd03203c,,72ea4760-2f38-ef11-840a-6045bd03203c,,72ea4760-2f38-ef11-840a-6045bd03203c,dc5c7cb8-6921-ef11-840b-0022480a10b0,
N425,Statutorily excluded service(s).,Katherine Higgins,rhaildev,Active,RARC,Katherine Higgins,,2025-01-13T19:14:17Z,,Katherine Higgins,,2025-01-22T23:27:29Z,,,Active,,,31491573,8acb5792-e2d1-ef11-8eea-000d3a5a8e45,72ea4760-2f38-ef11-840a-6045bd03203c,,72ea4760-2f38-ef11-840a-6045bd03203c,,72ea4760-2f38-ef11-840a-6045bd03203c,dc5c7cb8-6921-ef11-840b-0022480a10b0,
N426,No coverage when self-administered.,Katherine Higgins,rhaildev,Active,RARC,Katherine Higgins,,2025-01-13T19:14:17Z,,Katherine Higgins,,2025-01-22T23:27:33Z,,,Active,,,31491574,8bcb5792-e2d1-ef11-8eea-000d3a5a8e45,72ea4760-2f38-ef11-840a-6045bd03203c,,72ea4760-2f38-ef11-840a-6045bd03203c,,72ea4760-2f38-ef11-840a-6045bd03203c,dc5c7cb8-6921-ef11-840b-0022480a10b0,
N427,Payment for eyeglasses or contact lenses can be made only after cataract surgery.,Katherine Higgins,rhaildev,Active,RARC,Katherine Higgins,,2025-01-13T19:14:17Z,,Katherine Higgins,,2025-01-22T23:27:36Z,,,Active,,,31491576,8ccb5792-e2d1-ef11-8eea-000d3a5a8e45,72ea4760-2f38-ef11-840a-6045bd03203c,,72ea4760-2f38-ef11-840a-6045bd03203c,,72ea4760-2f38-ef11-840a-6045bd03203c,dc5c7cb8-6921-ef11-840b-0022480a10b0,
N428,Not covered when performed in this place of service.,Katherine Higgins,rhaildev,Active,RARC,Katherine Higgins,,2025-01-13T19:14:17Z,,Katherine Higgins,,2025-01-22T23:27:40Z,,,Active,,,31491578,8dcb5792-e2d1-ef11-8eea-000d3a5a8e45,72ea4760-2f38-ef11-840a-6045bd03203c,,72ea4760-2f38-ef11-840a-6045bd03203c,,72ea4760-2f38-ef11-840a-6045bd03203c,dc5c7cb8-6921-ef11-840b-0022480a10b0,
N429,Not covered when considered routine.,Katherine Higgins,rhaildev,Active,RARC,Katherine Higgins,,2025-01-13T19:14:17Z,,Katherine Higgins,,2025-01-22T23:27:44Z,,,Active,,,31491580,8ecb5792-e2d1-ef11-8eea-000d3a5a8e45,72ea4760-2f38-ef11-840a-6045bd03203c,,72ea4760-2f38-ef11-840a-6045bd03203c,,72ea4760-2f38-ef11-840a-6045bd03203c,dc5c7cb8-6921-ef11-840b-0022480a10b0,
N430,Procedure code is inconsistent with the units billed.,Katherine Higgins,rhaildev,Active,RARC,Katherine Higgins,,2025-01-13T19:14:17Z,,Katherine Higgins,,2025-01-22T23:27:51Z,,,Active,,,31491585,8fcb5792-e2d1-ef11-8eea-000d3a5a8e45,72ea4760-2f38-ef11-840a-6045bd03203c,,72ea4760-2f38-ef11-840a-6045bd03203c,,72ea4760-2f38-ef11-840a-6045bd03203c,dc5c7cb8-6921-ef11-840b-0022480a10b0,
N431,Not covered with this procedure.,Katherine Higgins,rhaildev,Active,RARC,Katherine Higgins,,2025-01-13T19:14:17Z,,Katherine Higgins,,2025-01-22T23:27:55Z,,,Active,,,31491587,90cb5792-e2d1-ef11-8eea-000d3a5a8e45,72ea4760-2f38-ef11-840a-6045bd03203c,,72ea4760-2f38-ef11-840a-6045bd03203c,,72ea4760-2f38-ef11-840a-6045bd03203c,dc5c7cb8-6921-ef11-840b-0022480a10b0,
N432,Alert: Adjustment based on a Recovery Audit.,Katherine Higgins,rhaildev,Active,RARC,Katherine Higgins,,2025-01-13T19:14:17Z,,Katherine Higgins,,2025-01-22T23:27:59Z,,,Active,,,31491589,91cb5792-e2d1-ef11-8eea-000d3a5a8e45,72ea4760-2f38-ef11-840a-6045bd03203c,,72ea4760-2f38-ef11-840a-6045bd03203c,,72ea4760-2f38-ef11-840a-6045bd03203c,dc5c7cb8-6921-ef11-840b-0022480a10b0,
N433,Resubmit this claim using only your National Provider Identifier (NPI).,Katherine Higgins,rhaildev,Active,RARC,Katherine Higgins,,2025-01-13T19:14:17Z,,Katherine Higgins,,2025-01-22T23:28:03Z,,,Active,,,31491591,92cb5792-e2d1-ef11-8eea-000d3a5a8e45,72ea4760-2f38-ef11-840a-6045bd03203c,,72ea4760-2f38-ef11-840a-6045bd03203c,,72ea4760-2f38-ef11-840a-6045bd03203c,dc5c7cb8-6921-ef11-840b-0022480a10b0,
N434,"Missing/Incomplete/Invalid Present on Admission indicator.
",Katherine Higgins,rhaildev,Active,RARC,Katherine Higgins,,2025-01-13T19:14:17Z,,Katherine Higgins,,2025-01-21T22:49:07Z,,,Active,,,31470971,93cb5792-e2d1-ef11-8eea-000d3a5a8e45,72ea4760-2f38-ef11-840a-6045bd03203c,,72ea4760-2f38-ef11-840a-6045bd03203c,,72ea4760-2f38-ef11-840a-6045bd03203c,dc5c7cb8-6921-ef11-840b-0022480a10b0,
N435,"Exceeds number/frequency approved /allowed within time period without support documentation.
",Katherine Higgins,rhaildev,Active,RARC,Katherine Higgins,,2025-01-13T19:14:17Z,,Katherine Higgins,,2025-01-21T22:49:07Z,,,Active,,,31470972,94cb5792-e2d1-ef11-8eea-000d3a5a8e45,72ea4760-2f38-ef11-840a-6045bd03203c,,72ea4760-2f38-ef11-840a-6045bd03203c,,72ea4760-2f38-ef11-840a-6045bd03203c,dc5c7cb8-6921-ef11-840b-0022480a10b0,
N436,"The injury claim has not been accepted and a mandatory medical reimbursement has been made.
",Katherine Higgins,rhaildev,Active,RARC,Katherine Higgins,,2025-01-13T19:14:17Z,,Katherine Higgins,,2025-01-21T22:49:07Z,,,Active,,,31470973,95cb5792-e2d1-ef11-8eea-000d3a5a8e45,72ea4760-2f38-ef11-840a-6045bd03203c,,72ea4760-2f38-ef11-840a-6045bd03203c,,72ea4760-2f38-ef11-840a-6045bd03203c,dc5c7cb8-6921-ef11-840b-0022480a10b0,
N437,"Alert: If the injury claim is accepted, these charges will be reconsidered.
",Katherine Higgins,rhaildev,Active,RARC,Katherine Higgins,,2025-01-13T19:14:17Z,,Katherine Higgins,,2025-01-21T22:49:08Z,,,Active,,,31470975,96cb5792-e2d1-ef11-8eea-000d3a5a8e45,72ea4760-2f38-ef11-840a-6045bd03203c,,72ea4760-2f38-ef11-840a-6045bd03203c,,72ea4760-2f38-ef11-840a-6045bd03203c,dc5c7cb8-6921-ef11-840b-0022480a10b0,
N438,This jurisdiction only accepts paper claims.,Katherine Higgins,rhaildev,Active,RARC,Katherine Higgins,,2025-01-13T19:14:17Z,,Katherine Higgins,,2025-01-22T23:28:08Z,,,Active,,,31491593,97cb5792-e2d1-ef11-8eea-000d3a5a8e45,72ea4760-2f38-ef11-840a-6045bd03203c,,72ea4760-2f38-ef11-840a-6045bd03203c,,72ea4760-2f38-ef11-840a-6045bd03203c,dc5c7cb8-6921-ef11-840b-0022480a10b0,
N439,"Missing anesthesia physical status report/indicators.
",Katherine Higgins,rhaildev,Active,RARC,Katherine Higgins,,2025-01-13T19:14:17Z,,Katherine Higgins,,2025-01-21T22:49:08Z,,,Active,,,31470978,98cb5792-e2d1-ef11-8eea-000d3a5a8e45,72ea4760-2f38-ef11-840a-6045bd03203c,,72ea4760-2f38-ef11-840a-6045bd03203c,,72ea4760-2f38-ef11-840a-6045bd03203c,dc5c7cb8-6921-ef11-840b-0022480a10b0,
N440,"Incomplete/invalid anesthesia physical status report/indicators.
",Katherine Higgins,rhaildev,Active,RARC,Katherine Higgins,,2025-01-13T19:14:17Z,,Katherine Higgins,,2025-01-21T22:49:08Z,,,Active,,,31470979,99cb5792-e2d1-ef11-8eea-000d3a5a8e45,72ea4760-2f38-ef11-840a-6045bd03203c,,72ea4760-2f38-ef11-840a-6045bd03203c,,72ea4760-2f38-ef11-840a-6045bd03203c,dc5c7cb8-6921-ef11-840b-0022480a10b0,
N441,This missed/cancelled appointment is not covered.,Katherine Higgins,rhaildev,Active,RARC,Katherine Higgins,,2025-01-13T19:14:17Z,,Katherine Higgins,,2025-01-22T23:28:13Z,,,Active,,,31491595,9acb5792-e2d1-ef11-8eea-000d3a5a8e45,72ea4760-2f38-ef11-840a-6045bd03203c,,72ea4760-2f38-ef11-840a-6045bd03203c,,72ea4760-2f38-ef11-840a-6045bd03203c,dc5c7cb8-6921-ef11-840b-0022480a10b0,
N442,"Payment based on an alternate fee schedule.
",Katherine Higgins,rhaildev,Active,RARC,Katherine Higgins,,2025-01-13T19:14:17Z,,Katherine Higgins,,2025-01-21T22:49:08Z,,,Active,,,31470981,9bcb5792-e2d1-ef11-8eea-000d3a5a8e45,72ea4760-2f38-ef11-840a-6045bd03203c,,72ea4760-2f38-ef11-840a-6045bd03203c,,72ea4760-2f38-ef11-840a-6045bd03203c,dc5c7cb8-6921-ef11-840b-0022480a10b0,
N443,"Missing/incomplete/invalid total time or begin/end time.
",Katherine Higgins,rhaildev,Active,RARC,Katherine Higgins,,2025-01-13T19:14:17Z,,Katherine Higgins,,2025-01-21T22:49:08Z,,,Active,,,31470982,9ccb5792-e2d1-ef11-8eea-000d3a5a8e45,72ea4760-2f38-ef11-840a-6045bd03203c,,72ea4760-2f38-ef11-840a-6045bd03203c,,72ea4760-2f38-ef11-840a-6045bd03203c,dc5c7cb8-6921-ef11-840b-0022480a10b0,
N444,"Alert: This facility has not filed the Election for High Cost Outlier form with the Division of Workers' Compensation.
",Katherine Higgins,rhaildev,Active,RARC,Katherine Higgins,,2025-01-13T19:14:17Z,,Katherine Higgins,,2025-01-21T22:49:08Z,,,Active,,,31470983,9dcb5792-e2d1-ef11-8eea-000d3a5a8e45,72ea4760-2f38-ef11-840a-6045bd03203c,,72ea4760-2f38-ef11-840a-6045bd03203c,,72ea4760-2f38-ef11-840a-6045bd03203c,dc5c7cb8-6921-ef11-840b-0022480a10b0,
N445,"Missing document for actual cost or paid amount.
",Katherine Higgins,rhaildev,Active,RARC,Katherine Higgins,,2025-01-13T19:14:17Z,,Katherine Higgins,,2025-01-21T22:49:08Z,,,Active,,,31470984,9ecb5792-e2d1-ef11-8eea-000d3a5a8e45,72ea4760-2f38-ef11-840a-6045bd03203c,,72ea4760-2f38-ef11-840a-6045bd03203c,,72ea4760-2f38-ef11-840a-6045bd03203c,dc5c7cb8-6921-ef11-840b-0022480a10b0,
N446,"Incomplete/invalid document for actual cost or paid amount.
",Katherine Higgins,rhaildev,Active,RARC,Katherine Higgins,,2025-01-13T19:14:17Z,,Katherine Higgins,,2025-01-21T22:49:08Z,,,Active,,,31470985,9fcb5792-e2d1-ef11-8eea-000d3a5a8e45,72ea4760-2f38-ef11-840a-6045bd03203c,,72ea4760-2f38-ef11-840a-6045bd03203c,,72ea4760-2f38-ef11-840a-6045bd03203c,dc5c7cb8-6921-ef11-840b-0022480a10b0,
N447,"Payment is based on a generic equivalent as required documentation was not provided.
",Katherine Higgins,rhaildev,Active,RARC,Katherine Higgins,,2025-01-13T19:14:17Z,,Katherine Higgins,,2025-01-21T22:49:08Z,,,Active,,,31470986,a0cb5792-e2d1-ef11-8eea-000d3a5a8e45,72ea4760-2f38-ef11-840a-6045bd03203c,,72ea4760-2f38-ef11-840a-6045bd03203c,,72ea4760-2f38-ef11-840a-6045bd03203c,dc5c7cb8-6921-ef11-840b-0022480a10b0,
N448,This drug/service/supply is not included in the fee schedule or contracted/legislated fee arrangement.,Katherine Higgins,rhaildev,Active,RARC,Katherine Higgins,,2025-01-13T19:14:17Z,,Katherine Higgins,,2025-01-22T23:28:17Z,,,Active,,,31491597,a1cb5792-e2d1-ef11-8eea-000d3a5a8e45,72ea4760-2f38-ef11-840a-6045bd03203c,,72ea4760-2f38-ef11-840a-6045bd03203c,,72ea4760-2f38-ef11-840a-6045bd03203c,dc5c7cb8-6921-ef11-840b-0022480a10b0,
N449,"Payment based on a comparable drug/service/supply.
",Katherine Higgins,rhaildev,Active,RARC,Katherine Higgins,,2025-01-13T19:14:17Z,,Katherine Higgins,,2025-01-21T22:49:08Z,,,Active,,,31470988,a2cb5792-e2d1-ef11-8eea-000d3a5a8e45,72ea4760-2f38-ef11-840a-6045bd03203c,,72ea4760-2f38-ef11-840a-6045bd03203c,,72ea4760-2f38-ef11-840a-6045bd03203c,dc5c7cb8-6921-ef11-840b-0022480a10b0,
N450,"Covered only when performed by the primary treating physician or the designee.
",Katherine Higgins,rhaildev,Active,RARC,Katherine Higgins,,2025-01-13T19:14:17Z,,Katherine Higgins,,2025-01-21T22:49:08Z,,,Active,,,31470989,a3cb5792-e2d1-ef11-8eea-000d3a5a8e45,72ea4760-2f38-ef11-840a-6045bd03203c,,72ea4760-2f38-ef11-840a-6045bd03203c,,72ea4760-2f38-ef11-840a-6045bd03203c,dc5c7cb8-6921-ef11-840b-0022480a10b0,
N451,"Missing Admission Summary Report.
",Katherine Higgins,rhaildev,Active,RARC,Katherine Higgins,,2025-01-13T19:14:17Z,,Katherine Higgins,,2025-01-21T22:49:08Z,,,Active,,,31470990,a4cb5792-e2d1-ef11-8eea-000d3a5a8e45,72ea4760-2f38-ef11-840a-6045bd03203c,,72ea4760-2f38-ef11-840a-6045bd03203c,,72ea4760-2f38-ef11-840a-6045bd03203c,dc5c7cb8-6921-ef11-840b-0022480a10b0,
N452,"Incomplete/invalid Admission Summary Report.
",Katherine Higgins,rhaildev,Active,RARC,Katherine Higgins,,2025-01-13T19:14:17Z,,Katherine Higgins,,2025-01-21T22:49:08Z,,,Active,,,31470991,a5cb5792-e2d1-ef11-8eea-000d3a5a8e45,72ea4760-2f38-ef11-840a-6045bd03203c,,72ea4760-2f38-ef11-840a-6045bd03203c,,72ea4760-2f38-ef11-840a-6045bd03203c,dc5c7cb8-6921-ef11-840b-0022480a10b0,
N453,"Missing Consultation Report.
",Katherine Higgins,rhaildev,Active,RARC,Katherine Higgins,,2025-01-13T19:14:17Z,,Katherine Higgins,,2025-01-21T22:49:08Z,,,Active,,,31470992,a6cb5792-e2d1-ef11-8eea-000d3a5a8e45,72ea4760-2f38-ef11-840a-6045bd03203c,,72ea4760-2f38-ef11-840a-6045bd03203c,,72ea4760-2f38-ef11-840a-6045bd03203c,dc5c7cb8-6921-ef11-840b-0022480a10b0,
N454,"Incomplete/invalid Consultation Report.
",Katherine Higgins,rhaildev,Active,RARC,Katherine Higgins,,2025-01-13T19:14:17Z,,Katherine Higgins,,2025-01-21T22:49:08Z,,,Active,,,31470993,a7cb5792-e2d1-ef11-8eea-000d3a5a8e45,72ea4760-2f38-ef11-840a-6045bd03203c,,72ea4760-2f38-ef11-840a-6045bd03203c,,72ea4760-2f38-ef11-840a-6045bd03203c,dc5c7cb8-6921-ef11-840b-0022480a10b0,
N455,"Missing Physician Order.
",Katherine Higgins,rhaildev,Active,RARC,Katherine Higgins,,2025-01-13T19:14:17Z,,Katherine Higgins,,2025-01-21T22:49:08Z,,,Active,,,31470994,a8cb5792-e2d1-ef11-8eea-000d3a5a8e45,72ea4760-2f38-ef11-840a-6045bd03203c,,72ea4760-2f38-ef11-840a-6045bd03203c,,72ea4760-2f38-ef11-840a-6045bd03203c,dc5c7cb8-6921-ef11-840b-0022480a10b0,
N456,"Incomplete/invalid Physician Order.
",Katherine Higgins,rhaildev,Active,RARC,Katherine Higgins,,2025-01-13T19:14:17Z,,Katherine Higgins,,2025-01-21T22:49:08Z,,,Active,,,31470995,a9cb5792-e2d1-ef11-8eea-000d3a5a8e45,72ea4760-2f38-ef11-840a-6045bd03203c,,72ea4760-2f38-ef11-840a-6045bd03203c,,72ea4760-2f38-ef11-840a-6045bd03203c,dc5c7cb8-6921-ef11-840b-0022480a10b0,
N457,"Missing Diagnostic Report.
",Katherine Higgins,rhaildev,Active,RARC,Katherine Higgins,,2025-01-13T19:14:17Z,,Katherine Higgins,,2025-01-21T22:49:08Z,,,Active,,,31470996,aacb5792-e2d1-ef11-8eea-000d3a5a8e45,72ea4760-2f38-ef11-840a-6045bd03203c,,72ea4760-2f38-ef11-840a-6045bd03203c,,72ea4760-2f38-ef11-840a-6045bd03203c,dc5c7cb8-6921-ef11-840b-0022480a10b0,
N458,"Incomplete/invalid Diagnostic Report.
",Katherine Higgins,rhaildev,Active,RARC,Katherine Higgins,,2025-01-13T19:14:17Z,,Katherine Higgins,,2025-01-21T22:49:08Z,,,Active,,,31470997,abcb5792-e2d1-ef11-8eea-000d3a5a8e45,72ea4760-2f38-ef11-840a-6045bd03203c,,72ea4760-2f38-ef11-840a-6045bd03203c,,72ea4760-2f38-ef11-840a-6045bd03203c,dc5c7cb8-6921-ef11-840b-0022480a10b0,
N459,"Missing Discharge Summary.
",Katherine Higgins,rhaildev,Active,RARC,Katherine Higgins,,2025-01-13T19:14:17Z,,Katherine Higgins,,2025-01-21T22:49:08Z,,,Active,,,31470998,accb5792-e2d1-ef11-8eea-000d3a5a8e45,72ea4760-2f38-ef11-840a-6045bd03203c,,72ea4760-2f38-ef11-840a-6045bd03203c,,72ea4760-2f38-ef11-840a-6045bd03203c,dc5c7cb8-6921-ef11-840b-0022480a10b0,
N460,"Incomplete/invalid Discharge Summary.
",Katherine Higgins,rhaildev,Active,RARC,Katherine Higgins,,2025-01-13T19:14:17Z,,Katherine Higgins,,2025-01-21T22:49:08Z,,,Active,,,31470999,adcb5792-e2d1-ef11-8eea-000d3a5a8e45,72ea4760-2f38-ef11-840a-6045bd03203c,,72ea4760-2f38-ef11-840a-6045bd03203c,,72ea4760-2f38-ef11-840a-6045bd03203c,dc5c7cb8-6921-ef11-840b-0022480a10b0,
N461,"Missing Nursing Notes.
",Katherine Higgins,rhaildev,Active,RARC,Katherine Higgins,,2025-01-13T19:14:17Z,,Katherine Higgins,,2025-01-21T22:49:08Z,,,Active,,,31471000,aecb5792-e2d1-ef11-8eea-000d3a5a8e45,72ea4760-2f38-ef11-840a-6045bd03203c,,72ea4760-2f38-ef11-840a-6045bd03203c,,72ea4760-2f38-ef11-840a-6045bd03203c,dc5c7cb8-6921-ef11-840b-0022480a10b0,
N462,"Incomplete/invalid Nursing Notes.
",Katherine Higgins,rhaildev,Active,RARC,Katherine Higgins,,2025-01-13T19:14:17Z,,Katherine Higgins,,2025-01-21T22:49:08Z,,,Active,,,31471001,afcb5792-e2d1-ef11-8eea-000d3a5a8e45,72ea4760-2f38-ef11-840a-6045bd03203c,,72ea4760-2f38-ef11-840a-6045bd03203c,,72ea4760-2f38-ef11-840a-6045bd03203c,dc5c7cb8-6921-ef11-840b-0022480a10b0,
N463,"Missing support data for claim.
",Katherine Higgins,rhaildev,Active,RARC,Katherine Higgins,,2025-01-13T19:14:17Z,,Katherine Higgins,,2025-01-21T22:49:08Z,,,Active,,,31471002,b0cb5792-e2d1-ef11-8eea-000d3a5a8e45,72ea4760-2f38-ef11-840a-6045bd03203c,,72ea4760-2f38-ef11-840a-6045bd03203c,,72ea4760-2f38-ef11-840a-6045bd03203c,dc5c7cb8-6921-ef11-840b-0022480a10b0,
N464,"Incomplete/invalid support data for claim.
",Katherine Higgins,rhaildev,Active,RARC,Katherine Higgins,,2025-01-13T19:14:17Z,,Katherine Higgins,,2025-01-21T22:49:08Z,,,Active,,,31471003,b1cb5792-e2d1-ef11-8eea-000d3a5a8e45,72ea4760-2f38-ef11-840a-6045bd03203c,,72ea4760-2f38-ef11-840a-6045bd03203c,,72ea4760-2f38-ef11-840a-6045bd03203c,dc5c7cb8-6921-ef11-840b-0022480a10b0,
N465,"Missing Physical Therapy Notes/Report.
",Katherine Higgins,rhaildev,Active,RARC,Katherine Higgins,,2025-01-13T19:14:17Z,,Katherine Higgins,,2025-01-21T22:49:08Z,,,Active,,,31471004,b2cb5792-e2d1-ef11-8eea-000d3a5a8e45,72ea4760-2f38-ef11-840a-6045bd03203c,,72ea4760-2f38-ef11-840a-6045bd03203c,,72ea4760-2f38-ef11-840a-6045bd03203c,dc5c7cb8-6921-ef11-840b-0022480a10b0,
N466,"Incomplete/invalid Physical Therapy Notes/Report.
",Katherine Higgins,rhaildev,Active,RARC,Katherine Higgins,,2025-01-13T19:14:17Z,,Katherine Higgins,,2025-01-21T22:49:08Z,,,Active,,,31471005,b3cb5792-e2d1-ef11-8eea-000d3a5a8e45,72ea4760-2f38-ef11-840a-6045bd03203c,,72ea4760-2f38-ef11-840a-6045bd03203c,,72ea4760-2f38-ef11-840a-6045bd03203c,dc5c7cb8-6921-ef11-840b-0022480a10b0,
N467,Missing Tests and Analysis Report.,Katherine Higgins,rhaildev,Active,RARC,Katherine Higgins,,2025-01-13T19:14:17Z,,Katherine Higgins,,2025-01-22T23:28:30Z,,,Active,,,31491603,b4cb5792-e2d1-ef11-8eea-000d3a5a8e45,72ea4760-2f38-ef11-840a-6045bd03203c,,72ea4760-2f38-ef11-840a-6045bd03203c,,72ea4760-2f38-ef11-840a-6045bd03203c,dc5c7cb8-6921-ef11-840b-0022480a10b0,
N468,"Incomplete/invalid Report of Tests and Analysis Report.
",Katherine Higgins,rhaildev,Active,RARC,Katherine Higgins,,2025-01-13T19:14:17Z,,Katherine Higgins,,2025-01-21T22:49:08Z,,,Active,,,31471007,b5cb5792-e2d1-ef11-8eea-000d3a5a8e45,72ea4760-2f38-ef11-840a-6045bd03203c,,72ea4760-2f38-ef11-840a-6045bd03203c,,72ea4760-2f38-ef11-840a-6045bd03203c,dc5c7cb8-6921-ef11-840b-0022480a10b0,
N469,"Alert: Claim/Service(s) subject to appeal process, see section 935 of Medicare Prescription Drug, Improvement, and Modernization Act of 2003 (MMA).
",Katherine Higgins,rhaildev,Active,RARC,Katherine Higgins,,2025-01-13T19:14:17Z,,Katherine Higgins,,2025-01-21T22:49:08Z,,,Active,,,31471008,b6cb5792-e2d1-ef11-8eea-000d3a5a8e45,72ea4760-2f38-ef11-840a-6045bd03203c,,72ea4760-2f38-ef11-840a-6045bd03203c,,72ea4760-2f38-ef11-840a-6045bd03203c,dc5c7cb8-6921-ef11-840b-0022480a10b0,
N470,"This payment will complete the mandatory medical reimbursement limit.
",Katherine Higgins,rhaildev,Active,RARC,Katherine Higgins,,2025-01-13T19:14:17Z,,Katherine Higgins,,2025-01-21T22:49:08Z,,,Active,,,31471009,b7cb5792-e2d1-ef11-8eea-000d3a5a8e45,72ea4760-2f38-ef11-840a-6045bd03203c,,72ea4760-2f38-ef11-840a-6045bd03203c,,72ea4760-2f38-ef11-840a-6045bd03203c,dc5c7cb8-6921-ef11-840b-0022480a10b0,
N471,"Missing/incomplete/invalid HIPPS Rate Code.
",Katherine Higgins,rhaildev,Active,RARC,Katherine Higgins,,2025-01-13T19:14:17Z,,Katherine Higgins,,2025-01-21T22:49:08Z,,,Active,,,31471010,b8cb5792-e2d1-ef11-8eea-000d3a5a8e45,72ea4760-2f38-ef11-840a-6045bd03203c,,72ea4760-2f38-ef11-840a-6045bd03203c,,72ea4760-2f38-ef11-840a-6045bd03203c,dc5c7cb8-6921-ef11-840b-0022480a10b0,
N472,"Payment for this service has been issued to another provider.
",Katherine Higgins,rhaildev,Active,RARC,Katherine Higgins,,2025-01-13T19:14:17Z,,Katherine Higgins,,2025-01-21T22:49:08Z,,,Active,,,31471011,b9cb5792-e2d1-ef11-8eea-000d3a5a8e45,72ea4760-2f38-ef11-840a-6045bd03203c,,72ea4760-2f38-ef11-840a-6045bd03203c,,72ea4760-2f38-ef11-840a-6045bd03203c,dc5c7cb8-6921-ef11-840b-0022480a10b0,
N473,"Missing certification.
",Katherine Higgins,rhaildev,Active,RARC,Katherine Higgins,,2025-01-13T19:14:17Z,,Katherine Higgins,,2025-01-21T22:49:08Z,,,Active,,,31471012,bacb5792-e2d1-ef11-8eea-000d3a5a8e45,72ea4760-2f38-ef11-840a-6045bd03203c,,72ea4760-2f38-ef11-840a-6045bd03203c,,72ea4760-2f38-ef11-840a-6045bd03203c,dc5c7cb8-6921-ef11-840b-0022480a10b0,
N474,Incomplete/invalid certification.,Katherine Higgins,rhaildev,Active,RARC,Katherine Higgins,,2025-01-13T19:14:17Z,,Katherine Higgins,,2025-01-22T23:28:37Z,,,Active,,,31491607,bbcb5792-e2d1-ef11-8eea-000d3a5a8e45,72ea4760-2f38-ef11-840a-6045bd03203c,,72ea4760-2f38-ef11-840a-6045bd03203c,,72ea4760-2f38-ef11-840a-6045bd03203c,dc5c7cb8-6921-ef11-840b-0022480a10b0,
N475,"Missing completed referral form.
",Katherine Higgins,rhaildev,Active,RARC,Katherine Higgins,,2025-01-13T19:14:17Z,,Katherine Higgins,,2025-01-21T22:49:08Z,,,Active,,,31471014,bccb5792-e2d1-ef11-8eea-000d3a5a8e45,72ea4760-2f38-ef11-840a-6045bd03203c,,72ea4760-2f38-ef11-840a-6045bd03203c,,72ea4760-2f38-ef11-840a-6045bd03203c,dc5c7cb8-6921-ef11-840b-0022480a10b0,
N476,Incomplete/invalid completed referral form.,Katherine Higgins,rhaildev,Active,RARC,Katherine Higgins,,2025-01-13T19:14:17Z,,Katherine Higgins,,2025-01-22T23:28:41Z,,,Active,,,31491609,bdcb5792-e2d1-ef11-8eea-000d3a5a8e45,72ea4760-2f38-ef11-840a-6045bd03203c,,72ea4760-2f38-ef11-840a-6045bd03203c,,72ea4760-2f38-ef11-840a-6045bd03203c,dc5c7cb8-6921-ef11-840b-0022480a10b0,
N477,"Missing Dental Models.
",Katherine Higgins,rhaildev,Active,RARC,Katherine Higgins,,2025-01-13T19:14:18Z,,Katherine Higgins,,2025-01-21T22:49:08Z,,,Active,,,31471016,becb5792-e2d1-ef11-8eea-000d3a5a8e45,72ea4760-2f38-ef11-840a-6045bd03203c,,72ea4760-2f38-ef11-840a-6045bd03203c,,72ea4760-2f38-ef11-840a-6045bd03203c,dc5c7cb8-6921-ef11-840b-0022480a10b0,
N478,Incomplete/invalid Dental Models.,Katherine Higgins,rhaildev,Active,RARC,Katherine Higgins,,2025-01-13T19:14:18Z,,Katherine Higgins,,2025-01-22T23:28:45Z,,,Active,,,31491611,bfcb5792-e2d1-ef11-8eea-000d3a5a8e45,72ea4760-2f38-ef11-840a-6045bd03203c,,72ea4760-2f38-ef11-840a-6045bd03203c,,72ea4760-2f38-ef11-840a-6045bd03203c,dc5c7cb8-6921-ef11-840b-0022480a10b0,
N479,"Missing Explanation of Benefits (Coordination of Benefits or Medicare Secondary Payer).
",Katherine Higgins,rhaildev,Active,RARC,Katherine Higgins,,2025-01-13T19:14:18Z,,Katherine Higgins,,2025-01-21T22:49:08Z,,,Active,,,31471018,c0cb5792-e2d1-ef11-8eea-000d3a5a8e45,72ea4760-2f38-ef11-840a-6045bd03203c,,72ea4760-2f38-ef11-840a-6045bd03203c,,72ea4760-2f38-ef11-840a-6045bd03203c,dc5c7cb8-6921-ef11-840b-0022480a10b0,
N480,"Incomplete/invalid Explanation of Benefits (Coordination of Benefits or Medicare Secondary Payer).
",Katherine Higgins,rhaildev,Active,RARC,Katherine Higgins,,2025-01-13T19:14:18Z,,Katherine Higgins,,2025-01-21T22:49:08Z,,,Active,,,31471019,c1cb5792-e2d1-ef11-8eea-000d3a5a8e45,72ea4760-2f38-ef11-840a-6045bd03203c,,72ea4760-2f38-ef11-840a-6045bd03203c,,72ea4760-2f38-ef11-840a-6045bd03203c,dc5c7cb8-6921-ef11-840b-0022480a10b0,
N481,"Missing Models.
",Katherine Higgins,rhaildev,Active,RARC,Katherine Higgins,,2025-01-13T19:14:18Z,,Katherine Higgins,,2025-01-21T22:49:08Z,,,Active,,,31471020,c2cb5792-e2d1-ef11-8eea-000d3a5a8e45,72ea4760-2f38-ef11-840a-6045bd03203c,,72ea4760-2f38-ef11-840a-6045bd03203c,,72ea4760-2f38-ef11-840a-6045bd03203c,dc5c7cb8-6921-ef11-840b-0022480a10b0,
N482,Incomplete/invalid Models.,Katherine Higgins,rhaildev,Active,RARC,Katherine Higgins,,2025-01-13T19:14:18Z,,Katherine Higgins,,2025-01-22T23:28:56Z,,,Active,,,31491614,c3cb5792-e2d1-ef11-8eea-000d3a5a8e45,72ea4760-2f38-ef11-840a-6045bd03203c,,72ea4760-2f38-ef11-840a-6045bd03203c,,72ea4760-2f38-ef11-840a-6045bd03203c,dc5c7cb8-6921-ef11-840b-0022480a10b0,
N485,"Missing Physical Therapy Certification.
",Katherine Higgins,rhaildev,Active,RARC,Katherine Higgins,,2025-01-13T19:14:18Z,,Katherine Higgins,,2025-01-21T22:49:08Z,,,Active,,,31471022,c4cb5792-e2d1-ef11-8eea-000d3a5a8e45,72ea4760-2f38-ef11-840a-6045bd03203c,,72ea4760-2f38-ef11-840a-6045bd03203c,,72ea4760-2f38-ef11-840a-6045bd03203c,dc5c7cb8-6921-ef11-840b-0022480a10b0,
N486,"Incomplete/invalid Physical Therapy Certification.
",Katherine Higgins,rhaildev,Active,RARC,Katherine Higgins,,2025-01-13T19:14:18Z,,Katherine Higgins,,2025-01-21T22:49:08Z,,,Active,,,31471023,c5cb5792-e2d1-ef11-8eea-000d3a5a8e45,72ea4760-2f38-ef11-840a-6045bd03203c,,72ea4760-2f38-ef11-840a-6045bd03203c,,72ea4760-2f38-ef11-840a-6045bd03203c,dc5c7cb8-6921-ef11-840b-0022480a10b0,
N487,"Missing Prosthetics or Orthotics Certification.
",Katherine Higgins,rhaildev,Active,RARC,Katherine Higgins,,2025-01-13T19:14:18Z,,Katherine Higgins,,2025-01-21T22:49:08Z,,,Active,,,31471024,c6cb5792-e2d1-ef11-8eea-000d3a5a8e45,72ea4760-2f38-ef11-840a-6045bd03203c,,72ea4760-2f38-ef11-840a-6045bd03203c,,72ea4760-2f38-ef11-840a-6045bd03203c,dc5c7cb8-6921-ef11-840b-0022480a10b0,
N488,Incomplete/invalid Prosthetics or Orthotics Certification.,Katherine Higgins,rhaildev,Active,RARC,Katherine Higgins,,2025-01-13T19:14:18Z,,Katherine Higgins,,2025-01-22T23:29:00Z,,,Active,,,31491616,c7cb5792-e2d1-ef11-8eea-000d3a5a8e45,72ea4760-2f38-ef11-840a-6045bd03203c,,72ea4760-2f38-ef11-840a-6045bd03203c,,72ea4760-2f38-ef11-840a-6045bd03203c,dc5c7cb8-6921-ef11-840b-0022480a10b0,
N489,"Missing referral form.
",Katherine Higgins,rhaildev,Active,RARC,Katherine Higgins,,2025-01-13T19:14:18Z,,Katherine Higgins,,2025-01-21T22:49:08Z,,,Active,,,31471026,c8cb5792-e2d1-ef11-8eea-000d3a5a8e45,72ea4760-2f38-ef11-840a-6045bd03203c,,72ea4760-2f38-ef11-840a-6045bd03203c,,72ea4760-2f38-ef11-840a-6045bd03203c,dc5c7cb8-6921-ef11-840b-0022480a10b0,
N490,Incomplete/invalid referral form.,Katherine Higgins,rhaildev,Active,RARC,Katherine Higgins,,2025-01-13T19:14:18Z,,Katherine Higgins,,2025-01-22T23:29:08Z,,,Active,,,31491620,c9cb5792-e2d1-ef11-8eea-000d3a5a8e45,72ea4760-2f38-ef11-840a-6045bd03203c,,72ea4760-2f38-ef11-840a-6045bd03203c,,72ea4760-2f38-ef11-840a-6045bd03203c,dc5c7cb8-6921-ef11-840b-0022480a10b0,
N491,"Missing/Incomplete/Invalid Exclusionary Rider Condition.
",Katherine Higgins,rhaildev,Active,RARC,Katherine Higgins,,2025-01-13T19:14:18Z,,Katherine Higgins,,2025-01-21T22:49:09Z,,,Active,,,31471028,cacb5792-e2d1-ef11-8eea-000d3a5a8e45,72ea4760-2f38-ef11-840a-6045bd03203c,,72ea4760-2f38-ef11-840a-6045bd03203c,,72ea4760-2f38-ef11-840a-6045bd03203c,dc5c7cb8-6921-ef11-840b-0022480a10b0,
N492,"Alert: A network provider may bill the member for this service if the member requested the service and agreed in writing, prior to receiving the service, to be financially responsible for the billed charge.
",Katherine Higgins,rhaildev,Active,RARC,Katherine Higgins,,2025-01-13T19:14:18Z,,Katherine Higgins,,2025-01-21T22:49:09Z,,,Active,,,31471029,cbcb5792-e2d1-ef11-8eea-000d3a5a8e45,72ea4760-2f38-ef11-840a-6045bd03203c,,72ea4760-2f38-ef11-840a-6045bd03203c,,72ea4760-2f38-ef11-840a-6045bd03203c,dc5c7cb8-6921-ef11-840b-0022480a10b0,
N493,"Missing Doctor First Report of Injury.
",Katherine Higgins,rhaildev,Active,RARC,Katherine Higgins,,2025-01-13T19:14:18Z,,Katherine Higgins,,2025-01-21T22:49:09Z,,,Active,,,31471030,cccb5792-e2d1-ef11-8eea-000d3a5a8e45,72ea4760-2f38-ef11-840a-6045bd03203c,,72ea4760-2f38-ef11-840a-6045bd03203c,,72ea4760-2f38-ef11-840a-6045bd03203c,dc5c7cb8-6921-ef11-840b-0022480a10b0,
N494,"Incomplete/invalid Doctor First Report of Injury.
",Katherine Higgins,rhaildev,Active,RARC,Katherine Higgins,,2025-01-13T19:14:18Z,,Katherine Higgins,,2025-01-21T22:49:09Z,,,Active,,,31471031,cdcb5792-e2d1-ef11-8eea-000d3a5a8e45,72ea4760-2f38-ef11-840a-6045bd03203c,,72ea4760-2f38-ef11-840a-6045bd03203c,,72ea4760-2f38-ef11-840a-6045bd03203c,dc5c7cb8-6921-ef11-840b-0022480a10b0,
N495,"Missing Supplemental Medical Report.
",Katherine Higgins,rhaildev,Active,RARC,Katherine Higgins,,2025-01-13T19:14:18Z,,Katherine Higgins,,2025-01-21T22:49:09Z,,,Active,,,31471032,cecb5792-e2d1-ef11-8eea-000d3a5a8e45,72ea4760-2f38-ef11-840a-6045bd03203c,,72ea4760-2f38-ef11-840a-6045bd03203c,,72ea4760-2f38-ef11-840a-6045bd03203c,dc5c7cb8-6921-ef11-840b-0022480a10b0,
N496,"Incomplete/invalid Supplemental Medical Report.
",Katherine Higgins,rhaildev,Active,RARC,Katherine Higgins,,2025-01-13T19:14:18Z,,Katherine Higgins,,2025-01-21T22:49:09Z,,,Active,,,31471033,cfcb5792-e2d1-ef11-8eea-000d3a5a8e45,72ea4760-2f38-ef11-840a-6045bd03203c,,72ea4760-2f38-ef11-840a-6045bd03203c,,72ea4760-2f38-ef11-840a-6045bd03203c,dc5c7cb8-6921-ef11-840b-0022480a10b0,
N497,"Missing Medical Permanent Impairment or Disability Report.
",Katherine Higgins,rhaildev,Active,RARC,Katherine Higgins,,2025-01-13T19:14:18Z,,Katherine Higgins,,2025-01-21T22:49:09Z,,,Active,,,31471034,d0cb5792-e2d1-ef11-8eea-000d3a5a8e45,72ea4760-2f38-ef11-840a-6045bd03203c,,72ea4760-2f38-ef11-840a-6045bd03203c,,72ea4760-2f38-ef11-840a-6045bd03203c,dc5c7cb8-6921-ef11-840b-0022480a10b0,
N498,"Incomplete/invalid Medical Permanent Impairment or Disability Report.
",Katherine Higgins,rhaildev,Active,RARC,Katherine Higgins,,2025-01-13T19:14:18Z,,Katherine Higgins,,2025-01-21T22:49:09Z,,,Active,,,31471035,d1cb5792-e2d1-ef11-8eea-000d3a5a8e45,72ea4760-2f38-ef11-840a-6045bd03203c,,72ea4760-2f38-ef11-840a-6045bd03203c,,72ea4760-2f38-ef11-840a-6045bd03203c,dc5c7cb8-6921-ef11-840b-0022480a10b0,
N499,"Missing Medical Legal Report.
",Katherine Higgins,rhaildev,Active,RARC,Katherine Higgins,,2025-01-13T19:14:18Z,,Katherine Higgins,,2025-01-21T22:49:09Z,,,Active,,,31471036,d2cb5792-e2d1-ef11-8eea-000d3a5a8e45,72ea4760-2f38-ef11-840a-6045bd03203c,,72ea4760-2f38-ef11-840a-6045bd03203c,,72ea4760-2f38-ef11-840a-6045bd03203c,dc5c7cb8-6921-ef11-840b-0022480a10b0,
N500,"Incomplete/invalid Medical Legal Report.
",Katherine Higgins,rhaildev,Active,RARC,Katherine Higgins,,2025-01-13T19:14:18Z,,Katherine Higgins,,2025-01-21T22:49:09Z,,,Active,,,31471037,d3cb5792-e2d1-ef11-8eea-000d3a5a8e45,72ea4760-2f38-ef11-840a-6045bd03203c,,72ea4760-2f38-ef11-840a-6045bd03203c,,72ea4760-2f38-ef11-840a-6045bd03203c,dc5c7cb8-6921-ef11-840b-0022480a10b0,
N706,Missing documentation.,Katherine Higgins,rhaildev,Active,RARC,Katherine Higgins,,2025-01-13T19:14:22Z,,Katherine Higgins,,2025-01-22T23:31:28Z,,,Active,,,31491686,9d68aa93-e2d1-ef11-8eea-00224804c5e5,72ea4760-2f38-ef11-840a-6045bd03203c,,72ea4760-2f38-ef11-840a-6045bd03203c,,72ea4760-2f38-ef11-840a-6045bd03203c,dc5c7cb8-6921-ef11-840b-0022480a10b0,
N707,Incomplete/invalid orders.,Katherine Higgins,rhaildev,Active,RARC,Katherine Higgins,,2025-01-13T19:14:22Z,,Katherine Higgins,,2025-01-22T23:31:31Z,,,Active,,,31491688,9e68aa93-e2d1-ef11-8eea-00224804c5e5,72ea4760-2f38-ef11-840a-6045bd03203c,,72ea4760-2f38-ef11-840a-6045bd03203c,,72ea4760-2f38-ef11-840a-6045bd03203c,dc5c7cb8-6921-ef11-840b-0022480a10b0,
N708,Missing orders.,Katherine Higgins,rhaildev,Active,RARC,Katherine Higgins,,2025-01-13T19:14:22Z,,Katherine Higgins,,2025-01-22T23:31:34Z,,,Active,,,31491690,9f68aa93-e2d1-ef11-8eea-00224804c5e5,72ea4760-2f38-ef11-840a-6045bd03203c,,72ea4760-2f38-ef11-840a-6045bd03203c,,72ea4760-2f38-ef11-840a-6045bd03203c,dc5c7cb8-6921-ef11-840b-0022480a10b0,
N709,Incomplete/invalid notes.,Katherine Higgins,rhaildev,Active,RARC,Katherine Higgins,,2025-01-13T19:14:22Z,,Katherine Higgins,,2025-01-22T23:31:37Z,,,Active,,,31491692,a068aa93-e2d1-ef11-8eea-00224804c5e5,72ea4760-2f38-ef11-840a-6045bd03203c,,72ea4760-2f38-ef11-840a-6045bd03203c,,72ea4760-2f38-ef11-840a-6045bd03203c,dc5c7cb8-6921-ef11-840b-0022480a10b0,
N710,Missing notes.,Katherine Higgins,rhaildev,Active,RARC,Katherine Higgins,,2025-01-13T19:14:22Z,,Katherine Higgins,,2025-01-22T23:31:47Z,,,Active,,,31491696,a168aa93-e2d1-ef11-8eea-00224804c5e5,72ea4760-2f38-ef11-840a-6045bd03203c,,72ea4760-2f38-ef11-840a-6045bd03203c,,72ea4760-2f38-ef11-840a-6045bd03203c,dc5c7cb8-6921-ef11-840b-0022480a10b0,
N711,Incomplete/invalid summary.,Katherine Higgins,rhaildev,Active,RARC,Katherine Higgins,,2025-01-13T19:14:23Z,,Katherine Higgins,,2025-01-22T23:31:51Z,,,Active,,,31491698,a268aa93-e2d1-ef11-8eea-00224804c5e5,72ea4760-2f38-ef11-840a-6045bd03203c,,72ea4760-2f38-ef11-840a-6045bd03203c,,72ea4760-2f38-ef11-840a-6045bd03203c,dc5c7cb8-6921-ef11-840b-0022480a10b0,
N712,Missing summary.,Katherine Higgins,rhaildev,Active,RARC,Katherine Higgins,,2025-01-13T19:14:23Z,,Katherine Higgins,,2025-01-22T23:31:54Z,,,Active,,,31491700,a368aa93-e2d1-ef11-8eea-00224804c5e5,72ea4760-2f38-ef11-840a-6045bd03203c,,72ea4760-2f38-ef11-840a-6045bd03203c,,72ea4760-2f38-ef11-840a-6045bd03203c,dc5c7cb8-6921-ef11-840b-0022480a10b0,
N713,Incomplete/invalid report.,Katherine Higgins,rhaildev,Active,RARC,Katherine Higgins,,2025-01-13T19:14:23Z,,Katherine Higgins,,2025-01-22T23:31:57Z,,,Active,,,31491702,a468aa93-e2d1-ef11-8eea-00224804c5e5,72ea4760-2f38-ef11-840a-6045bd03203c,,72ea4760-2f38-ef11-840a-6045bd03203c,,72ea4760-2f38-ef11-840a-6045bd03203c,dc5c7cb8-6921-ef11-840b-0022480a10b0,
N714,Missing report.,Katherine Higgins,rhaildev,Active,RARC,Katherine Higgins,,2025-01-13T19:14:23Z,,Katherine Higgins,,2025-01-22T23:32:03Z,,,Active,,,31491704,a568aa93-e2d1-ef11-8eea-00224804c5e5,72ea4760-2f38-ef11-840a-6045bd03203c,,72ea4760-2f38-ef11-840a-6045bd03203c,,72ea4760-2f38-ef11-840a-6045bd03203c,dc5c7cb8-6921-ef11-840b-0022480a10b0,
N715,Incomplete/invalid chart.,Katherine Higgins,rhaildev,Active,RARC,Katherine Higgins,,2025-01-13T19:14:23Z,,Katherine Higgins,,2025-01-22T23:32:05Z,,,Active,,,31491706,a668aa93-e2d1-ef11-8eea-00224804c5e5,72ea4760-2f38-ef11-840a-6045bd03203c,,72ea4760-2f38-ef11-840a-6045bd03203c,,72ea4760-2f38-ef11-840a-6045bd03203c,dc5c7cb8-6921-ef11-840b-0022480a10b0,
N716,Missing chart.,Katherine Higgins,rhaildev,Active,RARC,Katherine Higgins,,2025-01-13T19:14:23Z,,Katherine Higgins,,2025-01-22T23:32:08Z,,,Active,,,31491708,a768aa93-e2d1-ef11-8eea-00224804c5e5,72ea4760-2f38-ef11-840a-6045bd03203c,,72ea4760-2f38-ef11-840a-6045bd03203c,,72ea4760-2f38-ef11-840a-6045bd03203c,dc5c7cb8-6921-ef11-840b-0022480a10b0,
N717,Incomplete/Invalid documentation of face-to-face examination.,Katherine Higgins,rhaildev,Active,RARC,Katherine Higgins,,2025-01-13T19:14:23Z,,Katherine Higgins,,2025-01-22T23:32:11Z,,,Active,,,31491710,a868aa93-e2d1-ef11-8eea-00224804c5e5,72ea4760-2f38-ef11-840a-6045bd03203c,,72ea4760-2f38-ef11-840a-6045bd03203c,,72ea4760-2f38-ef11-840a-6045bd03203c,dc5c7cb8-6921-ef11-840b-0022480a10b0,
N718,Missing documentation of face-to-face examination.,Katherine Higgins,rhaildev,Active,RARC,Katherine Higgins,,2025-01-13T19:14:23Z,,Katherine Higgins,,2025-01-22T23:32:15Z,,,Active,,,31491712,a968aa93-e2d1-ef11-8eea-00224804c5e5,72ea4760-2f38-ef11-840a-6045bd03203c,,72ea4760-2f38-ef11-840a-6045bd03203c,,72ea4760-2f38-ef11-840a-6045bd03203c,dc5c7cb8-6921-ef11-840b-0022480a10b0,
N719,Penalty applied based on plan requirements not being met.,Katherine Higgins,rhaildev,Active,RARC,Katherine Higgins,,2025-01-13T19:14:23Z,,Katherine Higgins,,2025-01-22T23:32:17Z,,,Active,,,31491714,aa68aa93-e2d1-ef11-8eea-00224804c5e5,72ea4760-2f38-ef11-840a-6045bd03203c,,72ea4760-2f38-ef11-840a-6045bd03203c,,72ea4760-2f38-ef11-840a-6045bd03203c,dc5c7cb8-6921-ef11-840b-0022480a10b0,
N720,Alert: The patient overpaid you. You may need to issue the patient a refund for the difference between the patient's payment and the amount shown as patient responsibility on this notice.,Katherine Higgins,rhaildev,Active,RARC,Katherine Higgins,,2025-01-13T19:14:23Z,,Katherine Higgins,,2025-01-22T23:32:24Z,,,Active,,,31491718,ab68aa93-e2d1-ef11-8eea-00224804c5e5,72ea4760-2f38-ef11-840a-6045bd03203c,,72ea4760-2f38-ef11-840a-6045bd03203c,,72ea4760-2f38-ef11-840a-6045bd03203c,dc5c7cb8-6921-ef11-840b-0022480a10b0,
N721,This service is only covered when performed as part of a clinical trial.,Katherine Higgins,rhaildev,Active,RARC,Katherine Higgins,,2025-01-13T19:14:23Z,,Katherine Higgins,,2025-01-22T23:32:31Z,,,Active,,,31491722,ac68aa93-e2d1-ef11-8eea-00224804c5e5,72ea4760-2f38-ef11-840a-6045bd03203c,,72ea4760-2f38-ef11-840a-6045bd03203c,,72ea4760-2f38-ef11-840a-6045bd03203c,dc5c7cb8-6921-ef11-840b-0022480a10b0,
N722,Patient must use Workers' Compensation Set-Aside (WCSA) funds to pay for the medical service or item.,Katherine Higgins,rhaildev,Active,RARC,Katherine Higgins,,2025-01-13T19:14:23Z,,Katherine Higgins,,2025-01-22T23:32:34Z,,,Active,,,31491724,ad68aa93-e2d1-ef11-8eea-00224804c5e5,72ea4760-2f38-ef11-840a-6045bd03203c,,72ea4760-2f38-ef11-840a-6045bd03203c,,72ea4760-2f38-ef11-840a-6045bd03203c,dc5c7cb8-6921-ef11-840b-0022480a10b0,
N723,Patient must use Liability set-aside (LSA) funds to pay for the medical service or item.,Katherine Higgins,rhaildev,Active,RARC,Katherine Higgins,,2025-01-13T19:14:23Z,,Katherine Higgins,,2025-01-22T23:32:36Z,,,Active,,,31491726,ae68aa93-e2d1-ef11-8eea-00224804c5e5,72ea4760-2f38-ef11-840a-6045bd03203c,,72ea4760-2f38-ef11-840a-6045bd03203c,,72ea4760-2f38-ef11-840a-6045bd03203c,dc5c7cb8-6921-ef11-840b-0022480a10b0,
N724,Patient must use No-Fault set-aside (NFSA) funds to pay for the medical service or item.,Katherine Higgins,rhaildev,Active,RARC,Katherine Higgins,,2025-01-13T19:14:23Z,,Katherine Higgins,,2025-01-22T23:32:39Z,,,Active,,,31491728,af68aa93-e2d1-ef11-8eea-00224804c5e5,72ea4760-2f38-ef11-840a-6045bd03203c,,72ea4760-2f38-ef11-840a-6045bd03203c,,72ea4760-2f38-ef11-840a-6045bd03203c,dc5c7cb8-6921-ef11-840b-0022480a10b0,
N725,A liability insurer has reported having ongoing responsibility for medical services (ORM) for this diagnosis.,Katherine Higgins,rhaildev,Active,RARC,Katherine Higgins,,2025-01-13T19:14:23Z,,Katherine Higgins,,2025-01-22T23:32:42Z,,,Active,,,31491730,b068aa93-e2d1-ef11-8eea-00224804c5e5,72ea4760-2f38-ef11-840a-6045bd03203c,,72ea4760-2f38-ef11-840a-6045bd03203c,,72ea4760-2f38-ef11-840a-6045bd03203c,dc5c7cb8-6921-ef11-840b-0022480a10b0,
N726,A conditional payment is not allowed.,Katherine Higgins,rhaildev,Active,RARC,Katherine Higgins,,2025-01-13T19:14:23Z,,Katherine Higgins,,2025-01-22T23:32:44Z,,,Active,,,31491732,b168aa93-e2d1-ef11-8eea-00224804c5e5,72ea4760-2f38-ef11-840a-6045bd03203c,,72ea4760-2f38-ef11-840a-6045bd03203c,,72ea4760-2f38-ef11-840a-6045bd03203c,dc5c7cb8-6921-ef11-840b-0022480a10b0,
N727,A no-fault insurer has reported having ongoing responsibility for medical services (ORM) for this diagnosis.,Katherine Higgins,rhaildev,Active,RARC,Katherine Higgins,,2025-01-13T19:14:23Z,,Katherine Higgins,,2025-01-22T23:32:49Z,,,Active,,,31491735,b268aa93-e2d1-ef11-8eea-00224804c5e5,72ea4760-2f38-ef11-840a-6045bd03203c,,72ea4760-2f38-ef11-840a-6045bd03203c,,72ea4760-2f38-ef11-840a-6045bd03203c,dc5c7cb8-6921-ef11-840b-0022480a10b0,
N728,A workers' compensation insurer has reported having ongoing responsibility for medical services (ORM) for this diagnosis.,Katherine Higgins,rhaildev,Active,RARC,Katherine Higgins,,2025-01-13T19:14:23Z,,Katherine Higgins,,2025-01-22T23:32:52Z,,,Active,,,31491737,b368aa93-e2d1-ef11-8eea-00224804c5e5,72ea4760-2f38-ef11-840a-6045bd03203c,,72ea4760-2f38-ef11-840a-6045bd03203c,,72ea4760-2f38-ef11-840a-6045bd03203c,dc5c7cb8-6921-ef11-840b-0022480a10b0,
N729,Missing patient medical/dental record for this service.,Katherine Higgins,rhaildev,Active,RARC,Katherine Higgins,,2025-01-13T19:14:23Z,,Katherine Higgins,,2025-01-22T23:32:54Z,,,Active,,,31491739,b468aa93-e2d1-ef11-8eea-00224804c5e5,72ea4760-2f38-ef11-840a-6045bd03203c,,72ea4760-2f38-ef11-840a-6045bd03203c,,72ea4760-2f38-ef11-840a-6045bd03203c,dc5c7cb8-6921-ef11-840b-0022480a10b0,
N730,Incomplete/invalid patient medical/dental record for this service.,Katherine Higgins,rhaildev,Active,RARC,Katherine Higgins,,2025-01-13T19:14:23Z,,Katherine Higgins,,2025-01-22T23:32:57Z,,,Active,,,31491740,b568aa93-e2d1-ef11-8eea-00224804c5e5,72ea4760-2f38-ef11-840a-6045bd03203c,,72ea4760-2f38-ef11-840a-6045bd03203c,,72ea4760-2f38-ef11-840a-6045bd03203c,dc5c7cb8-6921-ef11-840b-0022480a10b0,
N731,Incomplete/Invalid mental health assessment.,Katherine Higgins,rhaildev,Active,RARC,Katherine Higgins,,2025-01-13T19:14:23Z,,Katherine Higgins,,2025-01-22T23:33:00Z,,,Active,,,31491742,b668aa93-e2d1-ef11-8eea-00224804c5e5,72ea4760-2f38-ef11-840a-6045bd03203c,,72ea4760-2f38-ef11-840a-6045bd03203c,,72ea4760-2f38-ef11-840a-6045bd03203c,dc5c7cb8-6921-ef11-840b-0022480a10b0,
N732,Services performed at an unlicensed facility are not reimbursable.,Katherine Higgins,rhaildev,Active,RARC,Katherine Higgins,,2025-01-13T19:14:23Z,,Katherine Higgins,,2025-01-22T23:33:03Z,,,Active,,,31491744,b768aa93-e2d1-ef11-8eea-00224804c5e5,72ea4760-2f38-ef11-840a-6045bd03203c,,72ea4760-2f38-ef11-840a-6045bd03203c,,72ea4760-2f38-ef11-840a-6045bd03203c,dc5c7cb8-6921-ef11-840b-0022480a10b0,
N733,Regulatory surcharges are paid directly to the state.,Katherine Higgins,rhaildev,Active,RARC,Katherine Higgins,,2025-01-13T19:14:23Z,,Katherine Higgins,,2025-01-22T23:33:05Z,,,Active,,,31491746,b868aa93-e2d1-ef11-8eea-00224804c5e5,72ea4760-2f38-ef11-840a-6045bd03203c,,72ea4760-2f38-ef11-840a-6045bd03203c,,72ea4760-2f38-ef11-840a-6045bd03203c,dc5c7cb8-6921-ef11-840b-0022480a10b0,
N734,The patient is eligible for these medical services only when unable to work or perform normal activities due to an illness or injury.,Katherine Higgins,rhaildev,Active,RARC,Katherine Higgins,,2025-01-13T19:14:23Z,,Katherine Higgins,,2025-01-22T23:33:08Z,,,Active,,,31491748,b968aa93-e2d1-ef11-8eea-00224804c5e5,72ea4760-2f38-ef11-840a-6045bd03203c,,72ea4760-2f38-ef11-840a-6045bd03203c,,72ea4760-2f38-ef11-840a-6045bd03203c,dc5c7cb8-6921-ef11-840b-0022480a10b0,
N736,Incomplete/invalid Sleep Study Report.,Katherine Higgins,rhaildev,Active,RARC,Katherine Higgins,,2025-01-13T19:14:23Z,,Katherine Higgins,,2025-01-22T23:33:10Z,,,Active,,,31491750,ba68aa93-e2d1-ef11-8eea-00224804c5e5,72ea4760-2f38-ef11-840a-6045bd03203c,,72ea4760-2f38-ef11-840a-6045bd03203c,,72ea4760-2f38-ef11-840a-6045bd03203c,dc5c7cb8-6921-ef11-840b-0022480a10b0,
N737,Missing Sleep Study Report.,Katherine Higgins,rhaildev,Active,RARC,Katherine Higgins,,2025-01-13T19:14:23Z,,Katherine Higgins,,2025-01-22T23:33:15Z,,,Active,,,31491756,bb68aa93-e2d1-ef11-8eea-00224804c5e5,72ea4760-2f38-ef11-840a-6045bd03203c,,72ea4760-2f38-ef11-840a-6045bd03203c,,72ea4760-2f38-ef11-840a-6045bd03203c,dc5c7cb8-6921-ef11-840b-0022480a10b0,
N738,Incomplete/invalid Vein Study Report.,Katherine Higgins,rhaildev,Active,RARC,Katherine Higgins,,2025-01-13T19:14:23Z,,Katherine Higgins,,2025-01-22T23:33:18Z,,,Active,,,31491758,bc68aa93-e2d1-ef11-8eea-00224804c5e5,72ea4760-2f38-ef11-840a-6045bd03203c,,72ea4760-2f38-ef11-840a-6045bd03203c,,72ea4760-2f38-ef11-840a-6045bd03203c,dc5c7cb8-6921-ef11-840b-0022480a10b0,
N739,Missing Vein Study Report.,Katherine Higgins,rhaildev,Active,RARC,Katherine Higgins,,2025-01-13T19:14:23Z,,Katherine Higgins,,2025-01-22T23:33:21Z,,,Active,,,31491760,bd68aa93-e2d1-ef11-8eea-00224804c5e5,72ea4760-2f38-ef11-840a-6045bd03203c,,72ea4760-2f38-ef11-840a-6045bd03203c,,72ea4760-2f38-ef11-840a-6045bd03203c,dc5c7cb8-6921-ef11-840b-0022480a10b0,
N740,The member's Consumer Spending Account does not contain sufficient funds to cover the member's liability for this claim/service.,Katherine Higgins,rhaildev,Active,RARC,Katherine Higgins,,2025-01-13T19:14:23Z,,Katherine Higgins,,2025-01-22T23:33:28Z,,,Active,,,31491764,be68aa93-e2d1-ef11-8eea-00224804c5e5,72ea4760-2f38-ef11-840a-6045bd03203c,,72ea4760-2f38-ef11-840a-6045bd03203c,,72ea4760-2f38-ef11-840a-6045bd03203c,dc5c7cb8-6921-ef11-840b-0022480a10b0,
N741,This is a site neutral payment.,Katherine Higgins,rhaildev,Active,RARC,Katherine Higgins,,2025-01-13T19:14:23Z,,Katherine Higgins,,2025-01-22T23:33:32Z,,,Active,,,31491766,bf68aa93-e2d1-ef11-8eea-00224804c5e5,72ea4760-2f38-ef11-840a-6045bd03203c,,72ea4760-2f38-ef11-840a-6045bd03203c,,72ea4760-2f38-ef11-840a-6045bd03203c,dc5c7cb8-6921-ef11-840b-0022480a10b0,
N743,Adjusted because the services may be related to an employment accident.,Katherine Higgins,rhaildev,Active,RARC,Katherine Higgins,,2025-01-13T19:14:23Z,,Katherine Higgins,,2025-01-22T23:33:35Z,,,Active,,,31491768,c068aa93-e2d1-ef11-8eea-00224804c5e5,72ea4760-2f38-ef11-840a-6045bd03203c,,72ea4760-2f38-ef11-840a-6045bd03203c,,72ea4760-2f38-ef11-840a-6045bd03203c,dc5c7cb8-6921-ef11-840b-0022480a10b0,
N744,Adjusted because the services may be related to an auto/other accident.,Katherine Higgins,rhaildev,Active,RARC,Katherine Higgins,,2025-01-13T19:14:23Z,,Katherine Higgins,,2025-01-22T23:33:38Z,,,Active,,,31491770,c168aa93-e2d1-ef11-8eea-00224804c5e5,72ea4760-2f38-ef11-840a-6045bd03203c,,72ea4760-2f38-ef11-840a-6045bd03203c,,72ea4760-2f38-ef11-840a-6045bd03203c,dc5c7cb8-6921-ef11-840b-0022480a10b0,
N745,Missing Ambulance Report.,Katherine Higgins,rhaildev,Active,RARC,Katherine Higgins,,2025-01-13T19:14:23Z,,Katherine Higgins,,2025-01-22T23:33:41Z,,,Active,,,31491772,c268aa93-e2d1-ef11-8eea-00224804c5e5,72ea4760-2f38-ef11-840a-6045bd03203c,,72ea4760-2f38-ef11-840a-6045bd03203c,,72ea4760-2f38-ef11-840a-6045bd03203c,dc5c7cb8-6921-ef11-840b-0022480a10b0,
N746,Incomplete/invalid Ambulance Report.,Katherine Higgins,rhaildev,Active,RARC,Katherine Higgins,,2025-01-13T19:14:23Z,,Katherine Higgins,,2025-01-22T23:33:44Z,,,Active,,,31491774,c368aa93-e2d1-ef11-8eea-00224804c5e5,72ea4760-2f38-ef11-840a-6045bd03203c,,72ea4760-2f38-ef11-840a-6045bd03203c,,72ea4760-2f38-ef11-840a-6045bd03203c,dc5c7cb8-6921-ef11-840b-0022480a10b0,
N747,This is a misdirected claim/service. Submit the claim to the payer/plan where the patient resides.,Katherine Higgins,rhaildev,Active,RARC,Katherine Higgins,,2025-01-13T19:14:23Z,,Katherine Higgins,,2025-01-22T23:33:47Z,,,Active,,,31491780,c468aa93-e2d1-ef11-8eea-00224804c5e5,72ea4760-2f38-ef11-840a-6045bd03203c,,72ea4760-2f38-ef11-840a-6045bd03203c,,72ea4760-2f38-ef11-840a-6045bd03203c,dc5c7cb8-6921-ef11-840b-0022480a10b0,
N748,Adjusted because the related hospital charges have not been received.,Katherine Higgins,rhaildev,Active,RARC,Katherine Higgins,,2025-01-13T19:14:23Z,,Katherine Higgins,,2025-01-22T23:33:50Z,,,Active,,,31491781,c568aa93-e2d1-ef11-8eea-00224804c5e5,72ea4760-2f38-ef11-840a-6045bd03203c,,72ea4760-2f38-ef11-840a-6045bd03203c,,72ea4760-2f38-ef11-840a-6045bd03203c,dc5c7cb8-6921-ef11-840b-0022480a10b0,
N749,Missing Blood Gas Report.,Katherine Higgins,rhaildev,Active,RARC,Katherine Higgins,,2025-01-13T19:14:23Z,,Katherine Higgins,,2025-01-22T23:33:52Z,,,Active,,,31491783,c668aa93-e2d1-ef11-8eea-00224804c5e5,72ea4760-2f38-ef11-840a-6045bd03203c,,72ea4760-2f38-ef11-840a-6045bd03203c,,72ea4760-2f38-ef11-840a-6045bd03203c,dc5c7cb8-6921-ef11-840b-0022480a10b0,
N750,Incomplete/invalid Blood Gas Report.,Katherine Higgins,rhaildev,Active,RARC,Katherine Higgins,,2025-01-13T19:14:23Z,,Katherine Higgins,,2025-01-22T23:34:03Z,,,Active,,,31491787,c768aa93-e2d1-ef11-8eea-00224804c5e5,72ea4760-2f38-ef11-840a-6045bd03203c,,72ea4760-2f38-ef11-840a-6045bd03203c,,72ea4760-2f38-ef11-840a-6045bd03203c,dc5c7cb8-6921-ef11-840b-0022480a10b0,
N751,Adjusted because the patient is covered under a Medicare Part D plan.,Katherine Higgins,rhaildev,Active,RARC,Katherine Higgins,,2025-01-13T19:14:23Z,,Katherine Higgins,,2025-01-22T23:34:21Z,,,Active,,,31491795,c868aa93-e2d1-ef11-8eea-00224804c5e5,72ea4760-2f38-ef11-840a-6045bd03203c,,72ea4760-2f38-ef11-840a-6045bd03203c,,72ea4760-2f38-ef11-840a-6045bd03203c,dc5c7cb8-6921-ef11-840b-0022480a10b0,
N752,Missing/incomplete/invalid HIPPS Treatment Authorization Code (TAC).,Katherine Higgins,rhaildev,Active,RARC,Katherine Higgins,,2025-01-13T19:14:23Z,,Katherine Higgins,,2025-01-22T23:34:09Z,,,Active,,,31491791,c968aa93-e2d1-ef11-8eea-00224804c5e5,72ea4760-2f38-ef11-840a-6045bd03203c,,72ea4760-2f38-ef11-840a-6045bd03203c,,72ea4760-2f38-ef11-840a-6045bd03203c,dc5c7cb8-6921-ef11-840b-0022480a10b0,
N753,Missing/incomplete/invalid Attachment Control Number.,Katherine Higgins,rhaildev,Active,RARC,Katherine Higgins,,2025-01-13T19:14:23Z,,Katherine Higgins,,2025-01-22T23:34:15Z,,,Active,,,31491793,ca68aa93-e2d1-ef11-8eea-00224804c5e5,72ea4760-2f38-ef11-840a-6045bd03203c,,72ea4760-2f38-ef11-840a-6045bd03203c,,72ea4760-2f38-ef11-840a-6045bd03203c,dc5c7cb8-6921-ef11-840b-0022480a10b0,
N754,Missing/incomplete/invalid Referring Provider or Other Source Qualifier on the 1500 Claim Form.,Katherine Higgins,rhaildev,Active,RARC,Katherine Higgins,,2025-01-13T19:14:23Z,,Katherine Higgins,,2025-01-22T23:34:27Z,,,Active,,,31491797,cb68aa93-e2d1-ef11-8eea-00224804c5e5,72ea4760-2f38-ef11-840a-6045bd03203c,,72ea4760-2f38-ef11-840a-6045bd03203c,,72ea4760-2f38-ef11-840a-6045bd03203c,dc5c7cb8-6921-ef11-840b-0022480a10b0,
N755,Missing/incomplete/invalid ICD Indicator.,Katherine Higgins,rhaildev,Active,RARC,Katherine Higgins,,2025-01-13T19:14:23Z,,Katherine Higgins,,2025-01-22T23:34:31Z,,,Active,,,31491803,cc68aa93-e2d1-ef11-8eea-00224804c5e5,72ea4760-2f38-ef11-840a-6045bd03203c,,72ea4760-2f38-ef11-840a-6045bd03203c,,72ea4760-2f38-ef11-840a-6045bd03203c,dc5c7cb8-6921-ef11-840b-0022480a10b0,
N756,Missing/incomplete/invalid point of drop-off address.,Katherine Higgins,rhaildev,Active,RARC,Katherine Higgins,,2025-01-13T19:14:23Z,,Katherine Higgins,,2025-01-22T23:34:33Z,,,Active,,,31491809,cd68aa93-e2d1-ef11-8eea-00224804c5e5,72ea4760-2f38-ef11-840a-6045bd03203c,,72ea4760-2f38-ef11-840a-6045bd03203c,,72ea4760-2f38-ef11-840a-6045bd03203c,dc5c7cb8-6921-ef11-840b-0022480a10b0,
N757,Adjusted based on the Federal Indian Fees schedule (MLR).,Katherine Higgins,rhaildev,Active,RARC,Katherine Higgins,,2025-01-13T19:14:23Z,,Katherine Higgins,,2025-01-22T23:34:36Z,,,Active,,,31491811,ce68aa93-e2d1-ef11-8eea-00224804c5e5,72ea4760-2f38-ef11-840a-6045bd03203c,,72ea4760-2f38-ef11-840a-6045bd03203c,,72ea4760-2f38-ef11-840a-6045bd03203c,dc5c7cb8-6921-ef11-840b-0022480a10b0,
N758,Adjusted based on the prior authorization decision.,Katherine Higgins,rhaildev,Active,RARC,Katherine Higgins,,2025-01-13T19:14:23Z,,Katherine Higgins,,2025-01-22T23:34:39Z,,,Active,,,31491813,cf68aa93-e2d1-ef11-8eea-00224804c5e5,72ea4760-2f38-ef11-840a-6045bd03203c,,72ea4760-2f38-ef11-840a-6045bd03203c,,72ea4760-2f38-ef11-840a-6045bd03203c,dc5c7cb8-6921-ef11-840b-0022480a10b0,
N759,Payment adjusted based on the National Electrical Manufacturers Association (NEMA) Standard XR-29-2013.,Katherine Higgins,rhaildev,Active,RARC,Katherine Higgins,,2025-01-13T19:14:23Z,,Katherine Higgins,,2025-01-22T23:34:46Z,,,Active,,,31491815,d068aa93-e2d1-ef11-8eea-00224804c5e5,72ea4760-2f38-ef11-840a-6045bd03203c,,72ea4760-2f38-ef11-840a-6045bd03203c,,72ea4760-2f38-ef11-840a-6045bd03203c,dc5c7cb8-6921-ef11-840b-0022480a10b0,
N760,This facility is not authorized to receive payment for the service(s).,Katherine Higgins,rhaildev,Active,RARC,Katherine Higgins,,2025-01-13T19:14:23Z,,Katherine Higgins,,2025-01-22T23:34:52Z,,,Active,,,31491819,d168aa93-e2d1-ef11-8eea-00224804c5e5,72ea4760-2f38-ef11-840a-6045bd03203c,,72ea4760-2f38-ef11-840a-6045bd03203c,,72ea4760-2f38-ef11-840a-6045bd03203c,dc5c7cb8-6921-ef11-840b-0022480a10b0,
N761,This provider is not authorized to receive payment for the service(s).,Katherine Higgins,rhaildev,Active,RARC,Katherine Higgins,,2025-01-13T19:14:23Z,,Katherine Higgins,,2025-01-22T23:34:55Z,,,Active,,,31491821,d268aa93-e2d1-ef11-8eea-00224804c5e5,72ea4760-2f38-ef11-840a-6045bd03203c,,72ea4760-2f38-ef11-840a-6045bd03203c,,72ea4760-2f38-ef11-840a-6045bd03203c,dc5c7cb8-6921-ef11-840b-0022480a10b0,
N762,This facility is not certified for Tomosynthesis (3-D) mammography.,Katherine Higgins,rhaildev,Active,RARC,Katherine Higgins,,2025-01-13T19:14:23Z,,Katherine Higgins,,2025-01-22T23:34:59Z,,,Active,,,31491823,d368aa93-e2d1-ef11-8eea-00224804c5e5,72ea4760-2f38-ef11-840a-6045bd03203c,,72ea4760-2f38-ef11-840a-6045bd03203c,,72ea4760-2f38-ef11-840a-6045bd03203c,dc5c7cb8-6921-ef11-840b-0022480a10b0,
N763,The demonstration code is not appropriate for this claim; resubmit without a demonstration code.,Katherine Higgins,rhaildev,Active,RARC,Katherine Higgins,,2025-01-13T19:14:23Z,,Katherine Higgins,,2025-01-22T23:35:01Z,,,Active,,,31491825,d468aa93-e2d1-ef11-8eea-00224804c5e5,72ea4760-2f38-ef11-840a-6045bd03203c,,72ea4760-2f38-ef11-840a-6045bd03203c,,72ea4760-2f38-ef11-840a-6045bd03203c,dc5c7cb8-6921-ef11-840b-0022480a10b0,
N764,Missing/incomplete/invalid Hematocrit (HCT) value.,Katherine Higgins,rhaildev,Active,RARC,Katherine Higgins,,2025-01-13T19:14:24Z,,Katherine Higgins,,2025-01-22T23:35:05Z,,,Active,,,31491827,d568aa93-e2d1-ef11-8eea-00224804c5e5,72ea4760-2f38-ef11-840a-6045bd03203c,,72ea4760-2f38-ef11-840a-6045bd03203c,,72ea4760-2f38-ef11-840a-6045bd03203c,dc5c7cb8-6921-ef11-840b-0022480a10b0,
N765,This payer does not cover coinsurance assessed by a previous payer.,Katherine Higgins,rhaildev,Active,RARC,Katherine Higgins,,2025-01-13T19:14:24Z,,Katherine Higgins,,2025-01-22T23:35:07Z,,,Active,,,31491829,d668aa93-e2d1-ef11-8eea-00224804c5e5,72ea4760-2f38-ef11-840a-6045bd03203c,,72ea4760-2f38-ef11-840a-6045bd03203c,,72ea4760-2f38-ef11-840a-6045bd03203c,dc5c7cb8-6921-ef11-840b-0022480a10b0,
N766,This payer does not cover co-payment assessed by a previous payer.,Katherine Higgins,rhaildev,Active,RARC,Katherine Higgins,,2025-01-13T19:14:24Z,,Katherine Higgins,,2025-01-22T23:35:12Z,,,Active,,,31491831,d768aa93-e2d1-ef11-8eea-00224804c5e5,72ea4760-2f38-ef11-840a-6045bd03203c,,72ea4760-2f38-ef11-840a-6045bd03203c,,72ea4760-2f38-ef11-840a-6045bd03203c,dc5c7cb8-6921-ef11-840b-0022480a10b0,
N767,The Medicaid state requires provider to be enrolled in the member's Medicaid state program prior to any claim benefits being processed.,Katherine Higgins,rhaildev,Active,RARC,Katherine Higgins,,2025-01-13T19:14:24Z,,Katherine Higgins,,2025-01-22T23:35:15Z,,,Active,,,31491833,d868aa93-e2d1-ef11-8eea-00224804c5e5,72ea4760-2f38-ef11-840a-6045bd03203c,,72ea4760-2f38-ef11-840a-6045bd03203c,,72ea4760-2f38-ef11-840a-6045bd03203c,dc5c7cb8-6921-ef11-840b-0022480a10b0,
N768,Incomplete/invalid initial evaluation report.,Katherine Higgins,rhaildev,Active,RARC,Katherine Higgins,,2025-01-13T19:14:24Z,,Katherine Higgins,,2025-01-22T23:35:19Z,,,Active,,,31491835,d968aa93-e2d1-ef11-8eea-00224804c5e5,72ea4760-2f38-ef11-840a-6045bd03203c,,72ea4760-2f38-ef11-840a-6045bd03203c,,72ea4760-2f38-ef11-840a-6045bd03203c,dc5c7cb8-6921-ef11-840b-0022480a10b0,
N769,A lateral diagnosis is required.,Katherine Higgins,rhaildev,Active,RARC,Katherine Higgins,,2025-01-13T19:14:24Z,,Katherine Higgins,,2025-01-22T23:35:22Z,,,Active,,,31491837,da68aa93-e2d1-ef11-8eea-00224804c5e5,72ea4760-2f38-ef11-840a-6045bd03203c,,72ea4760-2f38-ef11-840a-6045bd03203c,,72ea4760-2f38-ef11-840a-6045bd03203c,dc5c7cb8-6921-ef11-840b-0022480a10b0,
N770,The adjustment request received from the provider has been processed. Your original claim has been adjusted based on the information received.,Katherine Higgins,rhaildev,Active,RARC,Katherine Higgins,,2025-01-13T19:14:24Z,,Katherine Higgins,,2025-01-22T23:35:28Z,,,Active,,,31491842,db68aa93-e2d1-ef11-8eea-00224804c5e5,72ea4760-2f38-ef11-840a-6045bd03203c,,72ea4760-2f38-ef11-840a-6045bd03203c,,72ea4760-2f38-ef11-840a-6045bd03203c,dc5c7cb8-6921-ef11-840b-0022480a10b0,
N771,Alert: Under Federal law you cannot charge more than the limiting charge amount.,Katherine Higgins,rhaildev,Active,RARC,Katherine Higgins,,2025-01-13T19:14:24Z,,Katherine Higgins,,2025-01-22T23:35:31Z,,,Active,,,31491844,dc68aa93-e2d1-ef11-8eea-00224804c5e5,72ea4760-2f38-ef11-840a-6045bd03203c,,72ea4760-2f38-ef11-840a-6045bd03203c,,72ea4760-2f38-ef11-840a-6045bd03203c,dc5c7cb8-6921-ef11-840b-0022480a10b0,
N772,Alert: Rebill urgent/emergent and ancillary services separately.,Katherine Higgins,rhaildev,Active,RARC,Katherine Higgins,,2025-01-13T19:14:24Z,,Katherine Higgins,,2025-01-22T23:35:33Z,,,Active,,,31491846,dd68aa93-e2d1-ef11-8eea-00224804c5e5,72ea4760-2f38-ef11-840a-6045bd03203c,,72ea4760-2f38-ef11-840a-6045bd03203c,,72ea4760-2f38-ef11-840a-6045bd03203c,dc5c7cb8-6921-ef11-840b-0022480a10b0,
N773,Drug supplied not obtained from specialty vendor.,Katherine Higgins,rhaildev,Active,RARC,Katherine Higgins,,2025-01-13T19:14:24Z,,Katherine Higgins,,2025-01-22T23:35:36Z,,,Active,,,31491848,de68aa93-e2d1-ef11-8eea-00224804c5e5,72ea4760-2f38-ef11-840a-6045bd03203c,,72ea4760-2f38-ef11-840a-6045bd03203c,,72ea4760-2f38-ef11-840a-6045bd03203c,dc5c7cb8-6921-ef11-840b-0022480a10b0,
N774,Alert: Refer to your Third Party Processor Agreement for specific information on fees associated with this payment type.,Katherine Higgins,rhaildev,Active,RARC,Katherine Higgins,,2025-01-13T19:14:24Z,,Katherine Higgins,,2025-01-22T23:35:38Z,,,Active,,,31491850,df68aa93-e2d1-ef11-8eea-00224804c5e5,72ea4760-2f38-ef11-840a-6045bd03203c,,72ea4760-2f38-ef11-840a-6045bd03203c,,72ea4760-2f38-ef11-840a-6045bd03203c,dc5c7cb8-6921-ef11-840b-0022480a10b0,
N775,Payment adjusted based on x-ray radiograph on film.,Katherine Higgins,rhaildev,Active,RARC,Katherine Higgins,,2025-01-13T19:14:24Z,,Katherine Higgins,,2025-01-22T23:35:42Z,,,Active,,,31491852,e068aa93-e2d1-ef11-8eea-00224804c5e5,72ea4760-2f38-ef11-840a-6045bd03203c,,72ea4760-2f38-ef11-840a-6045bd03203c,,72ea4760-2f38-ef11-840a-6045bd03203c,dc5c7cb8-6921-ef11-840b-0022480a10b0,
N776,This service is not a covered Telehealth service.,Katherine Higgins,rhaildev,Active,RARC,Katherine Higgins,,2025-01-13T19:14:24Z,,Katherine Higgins,,2025-01-22T23:35:45Z,,,Active,,,31491858,e168aa93-e2d1-ef11-8eea-00224804c5e5,72ea4760-2f38-ef11-840a-6045bd03203c,,72ea4760-2f38-ef11-840a-6045bd03203c,,72ea4760-2f38-ef11-840a-6045bd03203c,dc5c7cb8-6921-ef11-840b-0022480a10b0,
N777,Missing Assignment of Benefits Indicator.,Katherine Higgins,rhaildev,Active,RARC,Katherine Higgins,,2025-01-13T19:14:24Z,,Katherine Higgins,,2025-01-22T23:35:47Z,,,Active,,,31491860,e268aa93-e2d1-ef11-8eea-00224804c5e5,72ea4760-2f38-ef11-840a-6045bd03203c,,72ea4760-2f38-ef11-840a-6045bd03203c,,72ea4760-2f38-ef11-840a-6045bd03203c,dc5c7cb8-6921-ef11-840b-0022480a10b0,
N778,Missing Primary Care Physician Information.,Katherine Higgins,rhaildev,Active,RARC,Katherine Higgins,,2025-01-13T19:14:24Z,,Katherine Higgins,,2025-01-22T23:35:50Z,,,Active,,,31491862,e368aa93-e2d1-ef11-8eea-00224804c5e5,72ea4760-2f38-ef11-840a-6045bd03203c,,72ea4760-2f38-ef11-840a-6045bd03203c,,72ea4760-2f38-ef11-840a-6045bd03203c,dc5c7cb8-6921-ef11-840b-0022480a10b0,
N779,Replacement/Void claims cannot be submitted until the original claim has finalized. Please resubmit once payment or denial is received.,Katherine Higgins,rhaildev,Active,RARC,Katherine Higgins,,2025-01-13T19:14:24Z,,Katherine Higgins,,2025-01-22T23:35:53Z,,,Active,,,31491864,e468aa93-e2d1-ef11-8eea-00224804c5e5,72ea4760-2f38-ef11-840a-6045bd03203c,,72ea4760-2f38-ef11-840a-6045bd03203c,,72ea4760-2f38-ef11-840a-6045bd03203c,dc5c7cb8-6921-ef11-840b-0022480a10b0,
N780,Missing/incomplete/invalid end therapy date.,Katherine Higgins,rhaildev,Active,RARC,Katherine Higgins,,2025-01-13T19:14:24Z,,Katherine Higgins,,2025-01-22T23:36:01Z,,,Active,,,31491868,e568aa93-e2d1-ef11-8eea-00224804c5e5,72ea4760-2f38-ef11-840a-6045bd03203c,,72ea4760-2f38-ef11-840a-6045bd03203c,,72ea4760-2f38-ef11-840a-6045bd03203c,dc5c7cb8-6921-ef11-840b-0022480a10b0,
N781,"Alert: Patient is a Medicaid/ Qualified Medicare Beneficiary. Review your records for any wrongfully collected deductible. This amount may be billed to a subsequent payer.
Notes: (Modified 3/1/2018)",Katherine Higgins,rhaildev,Active,RARC,Katherine Higgins,,2025-01-13T19:14:24Z,,Katherine Higgins,,2025-01-22T23:36:06Z,,,Active,,,31491870,e668aa93-e2d1-ef11-8eea-00224804c5e5,72ea4760-2f38-ef11-840a-6045bd03203c,,72ea4760-2f38-ef11-840a-6045bd03203c,,72ea4760-2f38-ef11-840a-6045bd03203c,dc5c7cb8-6921-ef11-840b-0022480a10b0,
N782,Alert: Patient is a Medicaid/ Qualified Medicare Beneficiary. Review your records for any wrongfully collected coinsurance. This amount may be billed to a subsequent payer.,Katherine Higgins,rhaildev,Active,RARC,Katherine Higgins,,2025-01-13T19:14:24Z,,Katherine Higgins,,2025-01-22T23:36:10Z,,,Active,,,31491872,e768aa93-e2d1-ef11-8eea-00224804c5e5,72ea4760-2f38-ef11-840a-6045bd03203c,,72ea4760-2f38-ef11-840a-6045bd03203c,,72ea4760-2f38-ef11-840a-6045bd03203c,dc5c7cb8-6921-ef11-840b-0022480a10b0,
N783,Alert: Patient is a Medicaid/ Qualified Medicare Beneficiary. Review your records for any wrongfully collected copayment. This amount may be billed to a subsequent payer.,Katherine Higgins,rhaildev,Active,RARC,Katherine Higgins,,2025-01-13T19:14:24Z,,Katherine Higgins,,2025-01-22T23:36:13Z,,,Active,,,31491874,e868aa93-e2d1-ef11-8eea-00224804c5e5,72ea4760-2f38-ef11-840a-6045bd03203c,,72ea4760-2f38-ef11-840a-6045bd03203c,,72ea4760-2f38-ef11-840a-6045bd03203c,dc5c7cb8-6921-ef11-840b-0022480a10b0,
N784,Missing comprehensive procedure code.,Katherine Higgins,rhaildev,Active,RARC,Katherine Higgins,,2025-01-13T19:14:24Z,,Katherine Higgins,,2025-01-22T23:36:17Z,,,Active,,,31491877,e968aa93-e2d1-ef11-8eea-00224804c5e5,72ea4760-2f38-ef11-840a-6045bd03203c,,72ea4760-2f38-ef11-840a-6045bd03203c,,72ea4760-2f38-ef11-840a-6045bd03203c,dc5c7cb8-6921-ef11-840b-0022480a10b0,
N785,Missing current radiology film/images.,Katherine Higgins,rhaildev,Active,RARC,Katherine Higgins,,2025-01-13T19:14:24Z,,Katherine Higgins,,2025-01-22T23:36:31Z,,,Active,,,31491881,ea68aa93-e2d1-ef11-8eea-00224804c5e5,72ea4760-2f38-ef11-840a-6045bd03203c,,72ea4760-2f38-ef11-840a-6045bd03203c,,72ea4760-2f38-ef11-840a-6045bd03203c,dc5c7cb8-6921-ef11-840b-0022480a10b0,
N786,Benefit limitation for the orthodontic active and/or retention phase of treatment.,Katherine Higgins,rhaildev,Active,RARC,Katherine Higgins,,2025-01-13T19:14:24Z,,Katherine Higgins,,2025-01-22T23:36:34Z,,,Active,,,31491883,eb68aa93-e2d1-ef11-8eea-00224804c5e5,72ea4760-2f38-ef11-840a-6045bd03203c,,72ea4760-2f38-ef11-840a-6045bd03203c,,72ea4760-2f38-ef11-840a-6045bd03203c,dc5c7cb8-6921-ef11-840b-0022480a10b0,
N787,"Alert: Under 42 CFR 410.43, an eligible Partial Hospitalization Program (PHP) patient/beneficiary requires a minimum of 20 hours of PHP services per week, as evidenced in the plan of care. PHP services must be furnished in accordance with the plan of care.",Katherine Higgins,rhaildev,Active,RARC,Katherine Higgins,,2025-01-13T19:14:24Z,,Katherine Higgins,,2025-01-22T23:36:38Z,,,Active,,,31491885,ed68aa93-e2d1-ef11-8eea-00224804c5e5,72ea4760-2f38-ef11-840a-6045bd03203c,,72ea4760-2f38-ef11-840a-6045bd03203c,,72ea4760-2f38-ef11-840a-6045bd03203c,dc5c7cb8-6921-ef11-840b-0022480a10b0,
N788,Alert: The third-party administrator/review organization did not receive the required information.,Katherine Higgins,rhaildev,Active,RARC,Katherine Higgins,,2025-01-13T19:14:24Z,,Katherine Higgins,,2025-01-22T23:36:45Z,,,Active,,,31491887,ee68aa93-e2d1-ef11-8eea-00224804c5e5,72ea4760-2f38-ef11-840a-6045bd03203c,,72ea4760-2f38-ef11-840a-6045bd03203c,,72ea4760-2f38-ef11-840a-6045bd03203c,dc5c7cb8-6921-ef11-840b-0022480a10b0,
N789,Clinical Trial is not a covered benefit.,Katherine Higgins,rhaildev,Active,RARC,Katherine Higgins,,2025-01-13T19:14:24Z,,Katherine Higgins,,2025-01-22T23:36:48Z,,,Active,,,31491889,ef68aa93-e2d1-ef11-8eea-00224804c5e5,72ea4760-2f38-ef11-840a-6045bd03203c,,72ea4760-2f38-ef11-840a-6045bd03203c,,72ea4760-2f38-ef11-840a-6045bd03203c,dc5c7cb8-6921-ef11-840b-0022480a10b0,
N790,Provider/supplier not accredited for product/service.,Katherine Higgins,rhaildev,Active,RARC,Katherine Higgins,,2025-01-13T19:14:24Z,,Katherine Higgins,,2025-01-22T23:36:53Z,,,Active,,,31491893,f068aa93-e2d1-ef11-8eea-00224804c5e5,72ea4760-2f38-ef11-840a-6045bd03203c,,72ea4760-2f38-ef11-840a-6045bd03203c,,72ea4760-2f38-ef11-840a-6045bd03203c,dc5c7cb8-6921-ef11-840b-0022480a10b0,
N791,Missing history & physical report.,Katherine Higgins,rhaildev,Active,RARC,Katherine Higgins,,2025-01-13T19:14:24Z,,Katherine Higgins,,2025-01-22T23:36:57Z,,,Active,,,31491895,f168aa93-e2d1-ef11-8eea-00224804c5e5,72ea4760-2f38-ef11-840a-6045bd03203c,,72ea4760-2f38-ef11-840a-6045bd03203c,,72ea4760-2f38-ef11-840a-6045bd03203c,dc5c7cb8-6921-ef11-840b-0022480a10b0,
N792,Incomplete/invalid history & physical report.,Katherine Higgins,rhaildev,Active,RARC,Katherine Higgins,,2025-01-13T19:14:24Z,,Katherine Higgins,,2025-01-22T23:37:00Z,,,Active,,,31491897,f268aa93-e2d1-ef11-8eea-00224804c5e5,72ea4760-2f38-ef11-840a-6045bd03203c,,72ea4760-2f38-ef11-840a-6045bd03203c,,72ea4760-2f38-ef11-840a-6045bd03203c,dc5c7cb8-6921-ef11-840b-0022480a10b0,
N794,Payment adjusted based on type of technology used.,Katherine Higgins,rhaildev,Active,RARC,Katherine Higgins,,2025-01-13T19:14:24Z,,Katherine Higgins,,2025-01-22T23:37:04Z,,,Active,,,31491899,f368aa93-e2d1-ef11-8eea-00224804c5e5,72ea4760-2f38-ef11-840a-6045bd03203c,,72ea4760-2f38-ef11-840a-6045bd03203c,,72ea4760-2f38-ef11-840a-6045bd03203c,dc5c7cb8-6921-ef11-840b-0022480a10b0,
N795,"Item must be resubmitted as a purchase.
  ",Katherine Higgins,rhaildev,Active,RARC,Katherine Higgins,,2025-01-13T19:14:24Z,,Katherine Higgins,,2025-01-21T22:49:09Z,,,Active,,,31471038,f468aa93-e2d1-ef11-8eea-00224804c5e5,72ea4760-2f38-ef11-840a-6045bd03203c,,72ea4760-2f38-ef11-840a-6045bd03203c,,72ea4760-2f38-ef11-840a-6045bd03203c,dc5c7cb8-6921-ef11-840b-0022480a10b0,
N796,"Missing/incomplete/invalid Hemoglobin (Hb or Hgb) value.
  ",Katherine Higgins,rhaildev,Active,RARC,Katherine Higgins,,2025-01-13T19:14:24Z,,Katherine Higgins,,2025-01-21T22:49:09Z,,,Active,,,31471039,f568aa93-e2d1-ef11-8eea-00224804c5e5,72ea4760-2f38-ef11-840a-6045bd03203c,,72ea4760-2f38-ef11-840a-6045bd03203c,,72ea4760-2f38-ef11-840a-6045bd03203c,dc5c7cb8-6921-ef11-840b-0022480a10b0,
N797,"Missing/incomplete/invalid date qualifier.
  ",Katherine Higgins,rhaildev,Active,RARC,Katherine Higgins,,2025-01-13T19:14:24Z,,Katherine Higgins,,2025-01-21T22:49:09Z,,,Active,,,31471040,f668aa93-e2d1-ef11-8eea-00224804c5e5,72ea4760-2f38-ef11-840a-6045bd03203c,,72ea4760-2f38-ef11-840a-6045bd03203c,,72ea4760-2f38-ef11-840a-6045bd03203c,dc5c7cb8-6921-ef11-840b-0022480a10b0,
N798,"Submit a void request for the original claim and resubmit a new claim.
  ",Katherine Higgins,rhaildev,Active,RARC,Katherine Higgins,,2025-01-13T19:14:24Z,,Katherine Higgins,,2025-01-21T22:49:09Z,,,Active,,,31471041,f768aa93-e2d1-ef11-8eea-00224804c5e5,72ea4760-2f38-ef11-840a-6045bd03203c,,72ea4760-2f38-ef11-840a-6045bd03203c,,72ea4760-2f38-ef11-840a-6045bd03203c,dc5c7cb8-6921-ef11-840b-0022480a10b0,
N799,"Submitted identifier must be an individual identifier, not group identifier.
Notes: (Modified 3/1/2018)",Katherine Higgins,rhaildev,Active,RARC,Katherine Higgins,,2025-01-13T19:14:24Z,,Katherine Higgins,,2025-01-22T23:37:08Z,,,Active,,,31491901,f868aa93-e2d1-ef11-8eea-00224804c5e5,72ea4760-2f38-ef11-840a-6045bd03203c,,72ea4760-2f38-ef11-840a-6045bd03203c,,72ea4760-2f38-ef11-840a-6045bd03203c,dc5c7cb8-6921-ef11-840b-0022480a10b0,
N800,Only one service date is allowed per claim.,Katherine Higgins,rhaildev,Active,RARC,Katherine Higgins,,2025-01-13T19:14:24Z,,Katherine Higgins,,2025-01-22T23:37:17Z,,,Active,,,31491907,f968aa93-e2d1-ef11-8eea-00224804c5e5,72ea4760-2f38-ef11-840a-6045bd03203c,,72ea4760-2f38-ef11-840a-6045bd03203c,,72ea4760-2f38-ef11-840a-6045bd03203c,dc5c7cb8-6921-ef11-840b-0022480a10b0,
N801,"Services performed in a Medicare participating or CAH facility under a self-insured tribal Group Health Plan, in accordance with Federal Regulation 42 CFR 136.",Katherine Higgins,rhaildev,Active,RARC,Katherine Higgins,,2025-01-13T19:14:24Z,,Katherine Higgins,,2025-01-22T23:37:20Z,,,Active,,,31491909,fa68aa93-e2d1-ef11-8eea-00224804c5e5,72ea4760-2f38-ef11-840a-6045bd03203c,,72ea4760-2f38-ef11-840a-6045bd03203c,,72ea4760-2f38-ef11-840a-6045bd03203c,dc5c7cb8-6921-ef11-840b-0022480a10b0,
N802,This claim/service is not payable under our service area. The claim must be filed to the Payer/Plan in whose service area the Rendering Physician is located.,Katherine Higgins,rhaildev,Active,RARC,Katherine Higgins,,2025-01-13T19:14:24Z,,Katherine Higgins,,2025-01-22T23:37:24Z,,,Active,,,31491911,fb68aa93-e2d1-ef11-8eea-00224804c5e5,72ea4760-2f38-ef11-840a-6045bd03203c,,72ea4760-2f38-ef11-840a-6045bd03203c,,72ea4760-2f38-ef11-840a-6045bd03203c,dc5c7cb8-6921-ef11-840b-0022480a10b0,
N803,Submission of the claim for the service rendered is the responsibility of the Contracted Medical Group or Hospital.,Katherine Higgins,rhaildev,Active,RARC,Katherine Higgins,,2025-01-13T19:14:24Z,,Katherine Higgins,,2025-01-22T23:37:26Z,,,Active,,,31491913,fc68aa93-e2d1-ef11-8eea-00224804c5e5,72ea4760-2f38-ef11-840a-6045bd03203c,,72ea4760-2f38-ef11-840a-6045bd03203c,,72ea4760-2f38-ef11-840a-6045bd03203c,dc5c7cb8-6921-ef11-840b-0022480a10b0,
N804,Alert: The claim/service was processed through the Outpatient Code Editor (OCE).,Katherine Higgins,rhaildev,Active,RARC,Katherine Higgins,,2025-01-13T19:14:24Z,,Katherine Higgins,,2025-01-22T23:37:29Z,,,Active,,,31491915,fd68aa93-e2d1-ef11-8eea-00224804c5e5,72ea4760-2f38-ef11-840a-6045bd03203c,,72ea4760-2f38-ef11-840a-6045bd03203c,,72ea4760-2f38-ef11-840a-6045bd03203c,dc5c7cb8-6921-ef11-840b-0022480a10b0,
N805,Alert: The claim/service was processed through the Correct Code Editor (CCE).,Katherine Higgins,rhaildev,Active,RARC,Katherine Higgins,,2025-01-13T19:14:24Z,,Katherine Higgins,,2025-01-22T23:37:31Z,,,Active,,,31491917,fe68aa93-e2d1-ef11-8eea-00224804c5e5,72ea4760-2f38-ef11-840a-6045bd03203c,,72ea4760-2f38-ef11-840a-6045bd03203c,,72ea4760-2f38-ef11-840a-6045bd03203c,dc5c7cb8-6921-ef11-840b-0022480a10b0,
N806,Payment is included in the Global transplant allowance.,Katherine Higgins,rhaildev,Active,RARC,Katherine Higgins,,2025-01-13T19:14:24Z,,Katherine Higgins,,2025-01-22T23:37:34Z,,,Active,,,31491919,ff68aa93-e2d1-ef11-8eea-00224804c5e5,72ea4760-2f38-ef11-840a-6045bd03203c,,72ea4760-2f38-ef11-840a-6045bd03203c,,72ea4760-2f38-ef11-840a-6045bd03203c,dc5c7cb8-6921-ef11-840b-0022480a10b0,
N807,Payment adjustment based on the Merit-based Incentive Payment System (MIPS).,Katherine Higgins,rhaildev,Active,RARC,Katherine Higgins,,2025-01-13T19:14:24Z,,Katherine Higgins,,2025-01-22T23:37:36Z,,,Active,,,31491921,0069aa93-e2d1-ef11-8eea-00224804c5e5,72ea4760-2f38-ef11-840a-6045bd03203c,,72ea4760-2f38-ef11-840a-6045bd03203c,,72ea4760-2f38-ef11-840a-6045bd03203c,dc5c7cb8-6921-ef11-840b-0022480a10b0,
N808,Not covered for this provider type / provider specialty.,Katherine Higgins,rhaildev,Active,RARC,Katherine Higgins,,2025-01-13T19:14:24Z,,Katherine Higgins,,2025-01-22T23:37:40Z,,,Active,,,31491923,0169aa93-e2d1-ef11-8eea-00224804c5e5,72ea4760-2f38-ef11-840a-6045bd03203c,,72ea4760-2f38-ef11-840a-6045bd03203c,,72ea4760-2f38-ef11-840a-6045bd03203c,dc5c7cb8-6921-ef11-840b-0022480a10b0,
1,Deductible Amount,Katherine Higgins,rhaildev,Active,CARC,Katherine Higgins,,2025-01-13T19:13:54Z,,Katherine Higgins,,2025-01-22T17:28:48Z,,,Active,,,31486302,23032f83-e2d1-ef11-8ee9-0022480ba400,72ea4760-2f38-ef11-840a-6045bd03203c,,72ea4760-2f38-ef11-840a-6045bd03203c,,72ea4760-2f38-ef11-840a-6045bd03203c,dc5c7cb8-6921-ef11-840b-0022480a10b0,
2,Coinsurance Amount,Katherine Higgins,rhaildev,Active,CARC,Katherine Higgins,,2025-01-13T19:13:54Z,,Katherine Higgins,,2025-01-22T19:43:25Z,,,Active,,,31487362,27032f83-e2d1-ef11-8ee9-0022480ba400,72ea4760-2f38-ef11-840a-6045bd03203c,,72ea4760-2f38-ef11-840a-6045bd03203c,,72ea4760-2f38-ef11-840a-6045bd03203c,dc5c7cb8-6921-ef11-840b-0022480a10b0,
3,Co-payment Amount,Katherine Higgins,rhaildev,Active,CARC,Katherine Higgins,,2025-01-13T19:13:54Z,,Katherine Higgins,,2025-01-22T19:52:11Z,,,Active,,,31488222,28032f83-e2d1-ef11-8ee9-0022480ba400,72ea4760-2f38-ef11-840a-6045bd03203c,,72ea4760-2f38-ef11-840a-6045bd03203c,,72ea4760-2f38-ef11-840a-6045bd03203c,dc5c7cb8-6921-ef11-840b-0022480a10b0,
4,"The procedure code is inconsistent with the modifier used. Usage: Refer to the 835 Healthcare Policy Identification Segment (loop 2110 Service Payment Information REF), if present.",Katherine Higgins,rhaildev,Active,CARC,Katherine Higgins,,2025-01-13T19:13:54Z,,Katherine Higgins,,2025-01-22T19:53:23Z,,,Active,,,31488264,29032f83-e2d1-ef11-8ee9-0022480ba400,72ea4760-2f38-ef11-840a-6045bd03203c,,72ea4760-2f38-ef11-840a-6045bd03203c,,72ea4760-2f38-ef11-840a-6045bd03203c,dc5c7cb8-6921-ef11-840b-0022480a10b0,
5,"The procedure code/type of bill is inconsistent with the place of service. Usage: Refer to the 835 Healthcare Policy Identification Segment (loop 2110 Service Payment Information REF), if present.",Katherine Higgins,rhaildev,Active,CARC,Katherine Higgins,,2025-01-13T19:13:54Z,,Katherine Higgins,,2025-01-22T19:54:06Z,,,Active,,,31488287,2a032f83-e2d1-ef11-8ee9-0022480ba400,72ea4760-2f38-ef11-840a-6045bd03203c,,72ea4760-2f38-ef11-840a-6045bd03203c,,72ea4760-2f38-ef11-840a-6045bd03203c,dc5c7cb8-6921-ef11-840b-0022480a10b0,
6,"The procedure/revenue code is inconsistent with the patient's age. Usage: Refer to the 835 Healthcare Policy Identification Segment (loop 2110 Service Payment Information REF), if present.",Katherine Higgins,rhaildev,Active,CARC,Katherine Higgins,,2025-01-13T19:13:54Z,,Katherine Higgins,,2025-01-22T22:29:43Z,,,Active,,,31490212,2b032f83-e2d1-ef11-8ee9-0022480ba400,72ea4760-2f38-ef11-840a-6045bd03203c,,72ea4760-2f38-ef11-840a-6045bd03203c,,72ea4760-2f38-ef11-840a-6045bd03203c,dc5c7cb8-6921-ef11-840b-0022480a10b0,
7,"The procedure/revenue code is inconsistent with the patient's gender. Usage: Refer to the 835 Healthcare Policy Identification Segment (loop 2110 Service Payment Information REF), if present.",Katherine Higgins,rhaildev,Active,CARC,Katherine Higgins,,2025-01-13T19:13:54Z,,Katherine Higgins,,2025-01-22T22:30:28Z,,,Active,,,31490233,2c032f83-e2d1-ef11-8ee9-0022480ba400,72ea4760-2f38-ef11-840a-6045bd03203c,,72ea4760-2f38-ef11-840a-6045bd03203c,,72ea4760-2f38-ef11-840a-6045bd03203c,dc5c7cb8-6921-ef11-840b-0022480a10b0,
8,"The procedure code is inconsistent with the provider type/specialty (taxonomy). Usage: Refer to the 835 Healthcare Policy Identification Segment (loop 2110 Service Payment Information REF), if present.",Katherine Higgins,rhaildev,Active,CARC,Katherine Higgins,,2025-01-13T19:13:54Z,,Katherine Higgins,,2025-01-22T22:31:08Z,,,Active,,,31490260,2d032f83-e2d1-ef11-8ee9-0022480ba400,72ea4760-2f38-ef11-840a-6045bd03203c,,72ea4760-2f38-ef11-840a-6045bd03203c,,72ea4760-2f38-ef11-840a-6045bd03203c,dc5c7cb8-6921-ef11-840b-0022480a10b0,
9,"The diagnosis is inconsistent with the patient's age. Usage: Refer to the 835 Healthcare Policy Identification Segment (loop 2110 Service Payment Information REF), if present.",Katherine Higgins,rhaildev,Active,CARC,Katherine Higgins,,2025-01-13T19:13:54Z,,Katherine Higgins,,2025-01-22T22:31:48Z,,,Active,,,31490323,2e032f83-e2d1-ef11-8ee9-0022480ba400,72ea4760-2f38-ef11-840a-6045bd03203c,,72ea4760-2f38-ef11-840a-6045bd03203c,,72ea4760-2f38-ef11-840a-6045bd03203c,dc5c7cb8-6921-ef11-840b-0022480a10b0,
10,"The diagnosis is inconsistent with the patient's gender. Usage: Refer to the 835 Healthcare Policy Identification Segment (loop 2110 Service Payment Information REF), if present.",Katherine Higgins,rhaildev,Active,CARC,Katherine Higgins,,2025-01-13T19:13:54Z,,Katherine Higgins,,2025-01-22T17:29:07Z,,,Active,,,31486305,2f032f83-e2d1-ef11-8ee9-0022480ba400,72ea4760-2f38-ef11-840a-6045bd03203c,,72ea4760-2f38-ef11-840a-6045bd03203c,,72ea4760-2f38-ef11-840a-6045bd03203c,dc5c7cb8-6921-ef11-840b-0022480a10b0,
11,"The diagnosis is inconsistent with the procedure. Usage: Refer to the 835 Healthcare Policy Identification Segment (loop 2110 Service Payment Information REF), if present.
",Katherine Higgins,rhaildev,Active,CARC,Katherine Higgins,,2025-01-13T19:13:54Z,,Katherine Higgins,,2025-01-22T17:30:31Z,,,Active,,,31486332,30032f83-e2d1-ef11-8ee9-0022480ba400,72ea4760-2f38-ef11-840a-6045bd03203c,,72ea4760-2f38-ef11-840a-6045bd03203c,,72ea4760-2f38-ef11-840a-6045bd03203c,dc5c7cb8-6921-ef11-840b-0022480a10b0,
12,"The diagnosis is inconsistent with the provider type. Usage: Refer to the 835 Healthcare Policy Identification Segment (loop 2110 Service Payment Information REF), if present",Katherine Higgins,rhaildev,Active,CARC,Katherine Higgins,,2025-01-13T19:13:54Z,,Katherine Higgins,,2025-01-22T17:34:27Z,,,Active,,,31486373,31032f83-e2d1-ef11-8ee9-0022480ba400,72ea4760-2f38-ef11-840a-6045bd03203c,,72ea4760-2f38-ef11-840a-6045bd03203c,,72ea4760-2f38-ef11-840a-6045bd03203c,dc5c7cb8-6921-ef11-840b-0022480a10b0,
13,The date of death precedes the date of service.,Katherine Higgins,rhaildev,Active,CARC,Katherine Higgins,,2025-01-13T19:13:54Z,,Katherine Higgins,,2025-01-22T17:36:07Z,,,Active,,,31486400,32032f83-e2d1-ef11-8ee9-0022480ba400,72ea4760-2f38-ef11-840a-6045bd03203c,,72ea4760-2f38-ef11-840a-6045bd03203c,,72ea4760-2f38-ef11-840a-6045bd03203c,dc5c7cb8-6921-ef11-840b-0022480a10b0,
14,The date of birth follows the date of service.,Katherine Higgins,rhaildev,Active,CARC,Katherine Higgins,,2025-01-13T19:13:54Z,,Katherine Higgins,,2025-01-22T17:36:54Z,,,Active,,,31486466,33032f83-e2d1-ef11-8ee9-0022480ba400,72ea4760-2f38-ef11-840a-6045bd03203c,,72ea4760-2f38-ef11-840a-6045bd03203c,,72ea4760-2f38-ef11-840a-6045bd03203c,dc5c7cb8-6921-ef11-840b-0022480a10b0,
15,"The authorization number is missing, invalid, or does not apply to the billed services or provider.",Katherine Higgins,rhaildev,Active,CARC,Katherine Higgins,,2025-01-13T19:13:54Z,,Katherine Higgins,,2025-01-22T17:37:40Z,,,Active,,,31486488,34032f83-e2d1-ef11-8ee9-0022480ba400,72ea4760-2f38-ef11-840a-6045bd03203c,,72ea4760-2f38-ef11-840a-6045bd03203c,,72ea4760-2f38-ef11-840a-6045bd03203c,dc5c7cb8-6921-ef11-840b-0022480a10b0,
16,"Claim/service lacks information or has submission/billing error(s). Usage: Do not use this code for claims attachment(s)/other documentation. At least one Remark Code must be provided (may be comprised of either the NCPDP Reject Reason Code, or Remittance Advice Remark Code that is not an ALERT.) Refer to the 835 Healthcare Policy Identification Segment (loop 2110 Service Payment Information REF), if present.",Katherine Higgins,rhaildev,Active,CARC,Katherine Higgins,,2025-01-13T19:13:54Z,,Katherine Higgins,,2025-01-22T17:38:28Z,,,Active,,,31486511,35032f83-e2d1-ef11-8ee9-0022480ba400,72ea4760-2f38-ef11-840a-6045bd03203c,,72ea4760-2f38-ef11-840a-6045bd03203c,,72ea4760-2f38-ef11-840a-6045bd03203c,dc5c7cb8-6921-ef11-840b-0022480a10b0,
17,Requested information was not provided or was insufficient/incomplete. At least one Remark Code must be provided (may be comprised of either the Remittance Advice Remark Code or NCPDP Reject Reason Code.),Katherine Higgins,rhaildev,Active,CARC,Katherine Higgins,,2025-01-13T19:13:54Z,,Katherine Higgins,,2025-01-22T17:39:18Z,,,Active,,,31486535,36032f83-e2d1-ef11-8ee9-0022480ba400,72ea4760-2f38-ef11-840a-6045bd03203c,,72ea4760-2f38-ef11-840a-6045bd03203c,,72ea4760-2f38-ef11-840a-6045bd03203c,dc5c7cb8-6921-ef11-840b-0022480a10b0,
18,Exact duplicate claim/service (Use only with Group Code OA except where state workers' compensation regulations requires CO),Katherine Higgins,rhaildev,Active,CARC,Katherine Higgins,,2025-01-13T19:13:54Z,,Katherine Higgins,,2025-01-22T17:40:39Z,,,Active,,,31486570,37032f83-e2d1-ef11-8ee9-0022480ba400,72ea4760-2f38-ef11-840a-6045bd03203c,,72ea4760-2f38-ef11-840a-6045bd03203c,,72ea4760-2f38-ef11-840a-6045bd03203c,dc5c7cb8-6921-ef11-840b-0022480a10b0,
19,This is a work-related injury/illness and thus the liability of the Worker's Compensation Carrier.,Katherine Higgins,rhaildev,Active,CARC,Katherine Higgins,,2025-01-13T19:13:54Z,,Katherine Higgins,,2025-01-22T19:42:39Z,,,Active,,,31487341,38032f83-e2d1-ef11-8ee9-0022480ba400,72ea4760-2f38-ef11-840a-6045bd03203c,,72ea4760-2f38-ef11-840a-6045bd03203c,,72ea4760-2f38-ef11-840a-6045bd03203c,dc5c7cb8-6921-ef11-840b-0022480a10b0,
20,This injury/illness is covered by the liability carrier.,Katherine Higgins,rhaildev,Active,CARC,Katherine Higgins,,2025-01-13T19:13:54Z,,Katherine Higgins,,2025-01-22T19:43:28Z,,,Active,,,31487364,39032f83-e2d1-ef11-8ee9-0022480ba400,72ea4760-2f38-ef11-840a-6045bd03203c,,72ea4760-2f38-ef11-840a-6045bd03203c,,72ea4760-2f38-ef11-840a-6045bd03203c,dc5c7cb8-6921-ef11-840b-0022480a10b0,
21,This injury/illness is the liability of the no-fault carrier.,Katherine Higgins,rhaildev,Active,CARC,Katherine Higgins,,2025-01-13T19:13:54Z,,Katherine Higgins,,2025-01-22T19:44:12Z,,,Active,,,31487425,3a032f83-e2d1-ef11-8ee9-0022480ba400,72ea4760-2f38-ef11-840a-6045bd03203c,,72ea4760-2f38-ef11-840a-6045bd03203c,,72ea4760-2f38-ef11-840a-6045bd03203c,dc5c7cb8-6921-ef11-840b-0022480a10b0,
22,This care may be covered by another payer per coordination of benefits.,Katherine Higgins,rhaildev,Active,CARC,Katherine Higgins,,2025-01-13T19:13:54Z,,Katherine Higgins,,2025-01-22T19:45:41Z,,,Active,,,31488049,3b032f83-e2d1-ef11-8ee9-0022480ba400,72ea4760-2f38-ef11-840a-6045bd03203c,,72ea4760-2f38-ef11-840a-6045bd03203c,,72ea4760-2f38-ef11-840a-6045bd03203c,dc5c7cb8-6921-ef11-840b-0022480a10b0,
23,The impact of prior payer(s) adjudication including payments and/or adjustments. (Use only with Group Code OA),Katherine Higgins,rhaildev,Active,CARC,Katherine Higgins,,2025-01-13T19:13:54Z,,Katherine Higgins,,2025-01-22T19:47:02Z,,,Active,,,31488075,3c032f83-e2d1-ef11-8ee9-0022480ba400,72ea4760-2f38-ef11-840a-6045bd03203c,,72ea4760-2f38-ef11-840a-6045bd03203c,,72ea4760-2f38-ef11-840a-6045bd03203c,dc5c7cb8-6921-ef11-840b-0022480a10b0,
24,Charges are covered under a capitation agreement/managed care plan.,Katherine Higgins,rhaildev,Active,CARC,Katherine Higgins,,2025-01-13T19:13:54Z,,Katherine Higgins,,2025-01-22T19:47:59Z,,,Active,,,31488101,3d032f83-e2d1-ef11-8ee9-0022480ba400,72ea4760-2f38-ef11-840a-6045bd03203c,,72ea4760-2f38-ef11-840a-6045bd03203c,,72ea4760-2f38-ef11-840a-6045bd03203c,dc5c7cb8-6921-ef11-840b-0022480a10b0,
25,Payment denied. Your Stop loss deductible has not been met.,Katherine Higgins,rhaildev,Active,CARC,Katherine Higgins,,2025-01-13T19:13:54Z,,Katherine Higgins,,2025-01-22T19:48:44Z,,,Active,,,31488123,3e032f83-e2d1-ef11-8ee9-0022480ba400,72ea4760-2f38-ef11-840a-6045bd03203c,,72ea4760-2f38-ef11-840a-6045bd03203c,,72ea4760-2f38-ef11-840a-6045bd03203c,dc5c7cb8-6921-ef11-840b-0022480a10b0,
26,Expenses incurred prior to coverage.,Katherine Higgins,rhaildev,Active,CARC,Katherine Higgins,,2025-01-13T19:13:54Z,,Katherine Higgins,,2025-01-22T19:49:34Z,,,Active,,,31488148,3f032f83-e2d1-ef11-8ee9-0022480ba400,72ea4760-2f38-ef11-840a-6045bd03203c,,72ea4760-2f38-ef11-840a-6045bd03203c,,72ea4760-2f38-ef11-840a-6045bd03203c,dc5c7cb8-6921-ef11-840b-0022480a10b0,
27,Expenses incurred after coverage terminated.,Katherine Higgins,rhaildev,Active,CARC,Katherine Higgins,,2025-01-13T19:13:54Z,,Katherine Higgins,,2025-01-22T19:50:12Z,,,Active,,,31488170,40032f83-e2d1-ef11-8ee9-0022480ba400,72ea4760-2f38-ef11-840a-6045bd03203c,,72ea4760-2f38-ef11-840a-6045bd03203c,,72ea4760-2f38-ef11-840a-6045bd03203c,dc5c7cb8-6921-ef11-840b-0022480a10b0,
28,Coverage not in effect at the time the service was provided.,Katherine Higgins,rhaildev,Active,CARC,Katherine Higgins,,2025-01-13T19:13:54Z,,Katherine Higgins,,2025-01-22T19:51:04Z,,,Active,,,31488192,41032f83-e2d1-ef11-8ee9-0022480ba400,72ea4760-2f38-ef11-840a-6045bd03203c,,72ea4760-2f38-ef11-840a-6045bd03203c,,72ea4760-2f38-ef11-840a-6045bd03203c,dc5c7cb8-6921-ef11-840b-0022480a10b0,
29,The time limit for filing has expired.,Katherine Higgins,rhaildev,Active,CARC,Katherine Higgins,,2025-01-13T19:13:54Z,,Katherine Higgins,,2025-01-22T19:51:25Z,,,Active,,,31488200,42032f83-e2d1-ef11-8ee9-0022480ba400,72ea4760-2f38-ef11-840a-6045bd03203c,,72ea4760-2f38-ef11-840a-6045bd03203c,,72ea4760-2f38-ef11-840a-6045bd03203c,dc5c7cb8-6921-ef11-840b-0022480a10b0,
30,"Payment adjusted because the patient has not met the required eligibility, spend down, waiting, or residency requirements.",Katherine Higgins,rhaildev,Active,CARC,Katherine Higgins,,2025-01-13T19:13:54Z,,Katherine Higgins,,2025-01-22T19:52:14Z,,,Active,,,31488224,43032f83-e2d1-ef11-8ee9-0022480ba400,72ea4760-2f38-ef11-840a-6045bd03203c,,72ea4760-2f38-ef11-840a-6045bd03203c,,72ea4760-2f38-ef11-840a-6045bd03203c,dc5c7cb8-6921-ef11-840b-0022480a10b0,
31,Patient cannot be identified as our insured.,Katherine Higgins,rhaildev,Active,CARC,Katherine Higgins,,2025-01-13T19:13:54Z,,Katherine Higgins,,2025-01-22T19:52:48Z,,,Active,,,31488244,44032f83-e2d1-ef11-8ee9-0022480ba400,72ea4760-2f38-ef11-840a-6045bd03203c,,72ea4760-2f38-ef11-840a-6045bd03203c,,72ea4760-2f38-ef11-840a-6045bd03203c,dc5c7cb8-6921-ef11-840b-0022480a10b0,
32,Our records indicate the patient is not an eligible dependent.,Katherine Higgins,rhaildev,Active,CARC,Katherine Higgins,,2025-01-13T19:13:54Z,,Katherine Higgins,,2025-01-22T19:52:51Z,,,Active,,,31488247,45032f83-e2d1-ef11-8ee9-0022480ba400,72ea4760-2f38-ef11-840a-6045bd03203c,,72ea4760-2f38-ef11-840a-6045bd03203c,,72ea4760-2f38-ef11-840a-6045bd03203c,dc5c7cb8-6921-ef11-840b-0022480a10b0,
33,Insured has no dependent coverage.,Katherine Higgins,rhaildev,Active,CARC,Katherine Higgins,,2025-01-13T19:13:54Z,,Katherine Higgins,,2025-01-22T19:52:57Z,,,Active,,,31488249,46032f83-e2d1-ef11-8ee9-0022480ba400,72ea4760-2f38-ef11-840a-6045bd03203c,,72ea4760-2f38-ef11-840a-6045bd03203c,,72ea4760-2f38-ef11-840a-6045bd03203c,dc5c7cb8-6921-ef11-840b-0022480a10b0,
34,Insured has no coverage for newborns.,Katherine Higgins,rhaildev,Active,CARC,Katherine Higgins,,2025-01-13T19:13:54Z,,Katherine Higgins,,2025-01-22T19:52:58Z,,,Active,,,31488251,47032f83-e2d1-ef11-8ee9-0022480ba400,72ea4760-2f38-ef11-840a-6045bd03203c,,72ea4760-2f38-ef11-840a-6045bd03203c,,72ea4760-2f38-ef11-840a-6045bd03203c,dc5c7cb8-6921-ef11-840b-0022480a10b0,
35,Lifetime benefit maximum has been reached.,Katherine Higgins,rhaildev,Active,CARC,Katherine Higgins,,2025-01-13T19:13:54Z,,Katherine Higgins,,2025-01-22T19:53:02Z,,,Active,,,31488253,48032f83-e2d1-ef11-8ee9-0022480ba400,72ea4760-2f38-ef11-840a-6045bd03203c,,72ea4760-2f38-ef11-840a-6045bd03203c,,72ea4760-2f38-ef11-840a-6045bd03203c,dc5c7cb8-6921-ef11-840b-0022480a10b0,
36,Balance does not exceed co-payment amount.,Katherine Higgins,rhaildev,Active,CARC,Katherine Higgins,,2025-01-13T19:13:54Z,,Katherine Higgins,,2025-01-22T19:53:05Z,,,Active,,,31488255,49032f83-e2d1-ef11-8ee9-0022480ba400,72ea4760-2f38-ef11-840a-6045bd03203c,,72ea4760-2f38-ef11-840a-6045bd03203c,,72ea4760-2f38-ef11-840a-6045bd03203c,dc5c7cb8-6921-ef11-840b-0022480a10b0,
37,Balance does not exceed deductible.,Katherine Higgins,rhaildev,Active,CARC,Katherine Higgins,,2025-01-13T19:13:54Z,,Katherine Higgins,,2025-01-22T19:53:14Z,,,Active,,,31488258,4a032f83-e2d1-ef11-8ee9-0022480ba400,72ea4760-2f38-ef11-840a-6045bd03203c,,72ea4760-2f38-ef11-840a-6045bd03203c,,72ea4760-2f38-ef11-840a-6045bd03203c,dc5c7cb8-6921-ef11-840b-0022480a10b0,
38,Services not provided or authorized by designated (network/primary care) providers.,Katherine Higgins,rhaildev,Active,CARC,Katherine Higgins,,2025-01-13T19:13:54Z,,Katherine Higgins,,2025-01-22T19:53:17Z,,,Active,,,31488260,4b032f83-e2d1-ef11-8ee9-0022480ba400,72ea4760-2f38-ef11-840a-6045bd03203c,,72ea4760-2f38-ef11-840a-6045bd03203c,,72ea4760-2f38-ef11-840a-6045bd03203c,dc5c7cb8-6921-ef11-840b-0022480a10b0,
39,Services denied at the time authorization/pre-certification was requested.,Katherine Higgins,rhaildev,Active,CARC,Katherine Higgins,,2025-01-13T19:13:54Z,,Katherine Higgins,,2025-01-22T19:53:20Z,,,Active,,,31488262,4c032f83-e2d1-ef11-8ee9-0022480ba400,72ea4760-2f38-ef11-840a-6045bd03203c,,72ea4760-2f38-ef11-840a-6045bd03203c,,72ea4760-2f38-ef11-840a-6045bd03203c,dc5c7cb8-6921-ef11-840b-0022480a10b0,
40,"Charges do not meet qualifications for emergent/urgent care. Usage: Refer to the 835 Healthcare Policy Identification Segment (loop 2110 Service Payment Information REF), if present.",Katherine Higgins,rhaildev,Active,CARC,Katherine Higgins,,2025-01-13T19:13:54Z,,Katherine Higgins,,2025-01-22T19:53:28Z,,,Active,,,31488266,4d032f83-e2d1-ef11-8ee9-0022480ba400,72ea4760-2f38-ef11-840a-6045bd03203c,,72ea4760-2f38-ef11-840a-6045bd03203c,,72ea4760-2f38-ef11-840a-6045bd03203c,dc5c7cb8-6921-ef11-840b-0022480a10b0,
41,Discount agreed to in Preferred Provider contract.,Katherine Higgins,rhaildev,Active,CARC,Katherine Higgins,,2025-01-13T19:13:54Z,,Katherine Higgins,,2025-01-22T19:53:31Z,,,Active,,,31488268,4e032f83-e2d1-ef11-8ee9-0022480ba400,72ea4760-2f38-ef11-840a-6045bd03203c,,72ea4760-2f38-ef11-840a-6045bd03203c,,72ea4760-2f38-ef11-840a-6045bd03203c,dc5c7cb8-6921-ef11-840b-0022480a10b0,
42,Charges exceed our fee schedule or maximum allowable amount. (Use CARC 45),Katherine Higgins,rhaildev,Active,CARC,Katherine Higgins,,2025-01-13T19:13:54Z,,Katherine Higgins,,2025-01-22T19:53:34Z,,,Active,,,31488270,4f032f83-e2d1-ef11-8ee9-0022480ba400,72ea4760-2f38-ef11-840a-6045bd03203c,,72ea4760-2f38-ef11-840a-6045bd03203c,,72ea4760-2f38-ef11-840a-6045bd03203c,dc5c7cb8-6921-ef11-840b-0022480a10b0,
43,Gramm-Rudman reduction.,Katherine Higgins,rhaildev,Active,CARC,Katherine Higgins,,2025-01-13T19:13:55Z,,Katherine Higgins,,2025-01-22T19:53:37Z,,,Active,,,31488272,50032f83-e2d1-ef11-8ee9-0022480ba400,72ea4760-2f38-ef11-840a-6045bd03203c,,72ea4760-2f38-ef11-840a-6045bd03203c,,72ea4760-2f38-ef11-840a-6045bd03203c,dc5c7cb8-6921-ef11-840b-0022480a10b0,
44,Prompt-pay discount.,Katherine Higgins,rhaildev,Active,CARC,Katherine Higgins,,2025-01-13T19:13:55Z,,Katherine Higgins,,2025-01-22T19:53:42Z,,,Active,,,31488274,51032f83-e2d1-ef11-8ee9-0022480ba400,72ea4760-2f38-ef11-840a-6045bd03203c,,72ea4760-2f38-ef11-840a-6045bd03203c,,72ea4760-2f38-ef11-840a-6045bd03203c,dc5c7cb8-6921-ef11-840b-0022480a10b0,
45,Charge exceeds fee schedule/maximum allowable or contracted/legislated fee arrangement. Usage: This adjustment amount cannot equal the total service or claim charge amount; and must not duplicate provider adjustment amounts (payments and contractual reductions) that have resulted from prior payer(s) adjudication. (Use only with Group Codes PR or CO depending upon liability),Katherine Higgins,rhaildev,Active,CARC,Katherine Higgins,,2025-01-13T19:13:55Z,,Katherine Higgins,,2025-01-22T19:53:46Z,,,Active,,,31488276,52032f83-e2d1-ef11-8ee9-0022480ba400,72ea4760-2f38-ef11-840a-6045bd03203c,,72ea4760-2f38-ef11-840a-6045bd03203c,,72ea4760-2f38-ef11-840a-6045bd03203c,dc5c7cb8-6921-ef11-840b-0022480a10b0,
46,This (these) service(s) is (are) not covered.,Katherine Higgins,rhaildev,Active,CARC,Katherine Higgins,,2025-01-13T19:13:55Z,,Katherine Higgins,,2025-01-22T19:53:50Z,,,Active,,,31488278,53032f83-e2d1-ef11-8ee9-0022480ba400,72ea4760-2f38-ef11-840a-6045bd03203c,,72ea4760-2f38-ef11-840a-6045bd03203c,,72ea4760-2f38-ef11-840a-6045bd03203c,dc5c7cb8-6921-ef11-840b-0022480a10b0,
47,"This (these) diagnosis(es) is (are) not covered, missing, or are invalid.",Katherine Higgins,rhaildev,Active,CARC,Katherine Higgins,,2025-01-13T19:13:55Z,,Katherine Higgins,,2025-01-22T19:53:52Z,,,Active,,,31488280,54032f83-e2d1-ef11-8ee9-0022480ba400,72ea4760-2f38-ef11-840a-6045bd03203c,,72ea4760-2f38-ef11-840a-6045bd03203c,,72ea4760-2f38-ef11-840a-6045bd03203c,dc5c7cb8-6921-ef11-840b-0022480a10b0,
48,This (these) procedure(s) is (are) not covered.,Katherine Higgins,rhaildev,Active,CARC,Katherine Higgins,,2025-01-13T19:13:55Z,,Katherine Higgins,,2025-01-22T19:53:56Z,,,Active,,,31488282,55032f83-e2d1-ef11-8ee9-0022480ba400,72ea4760-2f38-ef11-840a-6045bd03203c,,72ea4760-2f38-ef11-840a-6045bd03203c,,72ea4760-2f38-ef11-840a-6045bd03203c,dc5c7cb8-6921-ef11-840b-0022480a10b0,
49,"This is a non-covered service because it is a routine/preventive exam or a diagnostic/screening procedure done in conjunction with a routine/preventive exam. Usage: Refer to the 835 Healthcare Policy Identification Segment (loop 2110 Service Payment Information REF), if present.",Katherine Higgins,rhaildev,Active,CARC,Katherine Higgins,,2025-01-13T19:13:55Z,,Katherine Higgins,,2025-01-22T19:54:01Z,,,Active,,,31488285,56032f83-e2d1-ef11-8ee9-0022480ba400,72ea4760-2f38-ef11-840a-6045bd03203c,,72ea4760-2f38-ef11-840a-6045bd03203c,,72ea4760-2f38-ef11-840a-6045bd03203c,dc5c7cb8-6921-ef11-840b-0022480a10b0,
50,"These are non-covered services because this is not deemed a 'medical necessity' by the payer. Usage: Refer to the 835 Healthcare Policy Identification Segment (loop 2110 Service Payment Information REF), if present.",Katherine Higgins,rhaildev,Active,CARC,Katherine Higgins,,2025-01-13T19:13:55Z,,Katherine Higgins,,2025-01-22T19:54:11Z,,,Active,,,31488289,57032f83-e2d1-ef11-8ee9-0022480ba400,72ea4760-2f38-ef11-840a-6045bd03203c,,72ea4760-2f38-ef11-840a-6045bd03203c,,72ea4760-2f38-ef11-840a-6045bd03203c,dc5c7cb8-6921-ef11-840b-0022480a10b0,
51,"These are non-covered services because this is a pre-existing condition. Usage: Refer to the 835 Healthcare Policy Identification Segment (loop 2110 Service Payment Information REF), if present.",Katherine Higgins,rhaildev,Active,CARC,Katherine Higgins,,2025-01-13T19:13:55Z,,Katherine Higgins,,2025-01-22T19:54:15Z,,,Active,,,31488291,58032f83-e2d1-ef11-8ee9-0022480ba400,72ea4760-2f38-ef11-840a-6045bd03203c,,72ea4760-2f38-ef11-840a-6045bd03203c,,72ea4760-2f38-ef11-840a-6045bd03203c,dc5c7cb8-6921-ef11-840b-0022480a10b0,
52,The referring/prescribing/rendering provider is not eligible to refer/prescribe/order/perform the service billed.,Katherine Higgins,rhaildev,Active,CARC,Katherine Higgins,,2025-01-13T19:13:55Z,,Katherine Higgins,,2025-01-22T19:54:21Z,,,Active,,,31488293,59032f83-e2d1-ef11-8ee9-0022480ba400,72ea4760-2f38-ef11-840a-6045bd03203c,,72ea4760-2f38-ef11-840a-6045bd03203c,,72ea4760-2f38-ef11-840a-6045bd03203c,dc5c7cb8-6921-ef11-840b-0022480a10b0,
53,Services by an immediate relative or a member of the same household are not covered.,Katherine Higgins,rhaildev,Active,CARC,Katherine Higgins,,2025-01-13T19:13:55Z,,Katherine Higgins,,2025-01-22T19:54:23Z,,,Active,,,31488295,5a032f83-e2d1-ef11-8ee9-0022480ba400,72ea4760-2f38-ef11-840a-6045bd03203c,,72ea4760-2f38-ef11-840a-6045bd03203c,,72ea4760-2f38-ef11-840a-6045bd03203c,dc5c7cb8-6921-ef11-840b-0022480a10b0,
54,"Multiple physicians/assistants are not covered in this case. Usage: Refer to the 835 Healthcare Policy Identification Segment (loop 2110 Service Payment Information REF), if present.",Katherine Higgins,rhaildev,Active,CARC,Katherine Higgins,,2025-01-13T19:13:55Z,,Katherine Higgins,,2025-01-22T19:54:26Z,,,Active,,,31488297,5b032f83-e2d1-ef11-8ee9-0022480ba400,72ea4760-2f38-ef11-840a-6045bd03203c,,72ea4760-2f38-ef11-840a-6045bd03203c,,72ea4760-2f38-ef11-840a-6045bd03203c,dc5c7cb8-6921-ef11-840b-0022480a10b0,
55,"Procedure/treatment/drug is deemed experimental/investigational by the payer. Usage: Refer to the 835 Healthcare Policy Identification Segment (loop 2110 Service Payment Information REF), if present.",Katherine Higgins,rhaildev,Active,CARC,Katherine Higgins,,2025-01-13T19:13:55Z,,Katherine Higgins,,2025-01-22T19:54:30Z,,,Active,,,31488298,5c032f83-e2d1-ef11-8ee9-0022480ba400,72ea4760-2f38-ef11-840a-6045bd03203c,,72ea4760-2f38-ef11-840a-6045bd03203c,,72ea4760-2f38-ef11-840a-6045bd03203c,dc5c7cb8-6921-ef11-840b-0022480a10b0,
56,"Procedure/treatment has not been deemed 'proven to be effective' by the payer. Usage: Refer to the 835 Healthcare Policy Identification Segment (loop 2110 Service Payment Information REF), if present.",Katherine Higgins,rhaildev,Active,CARC,Katherine Higgins,,2025-01-13T19:13:55Z,,Katherine Higgins,,2025-01-22T19:54:34Z,,,Active,,,31488300,5d032f83-e2d1-ef11-8ee9-0022480ba400,72ea4760-2f38-ef11-840a-6045bd03203c,,72ea4760-2f38-ef11-840a-6045bd03203c,,72ea4760-2f38-ef11-840a-6045bd03203c,dc5c7cb8-6921-ef11-840b-0022480a10b0,
57,"Payment denied/reduced because the payer deems the information submitted does not support this level of service, this many services, this length of service, this dosage, or this day's supply.",Katherine Higgins,rhaildev,Active,CARC,Katherine Higgins,,2025-01-13T19:13:55Z,,Katherine Higgins,,2025-01-22T19:54:37Z,,,Active,,,31488302,5e032f83-e2d1-ef11-8ee9-0022480ba400,72ea4760-2f38-ef11-840a-6045bd03203c,,72ea4760-2f38-ef11-840a-6045bd03203c,,72ea4760-2f38-ef11-840a-6045bd03203c,dc5c7cb8-6921-ef11-840b-0022480a10b0,
58,"Treatment was deemed by the payer to have been rendered in an inappropriate or invalid place of service. Usage: Refer to the 835 Healthcare Policy Identification Segment (loop 2110 Service Payment Information REF), if present.",Katherine Higgins,rhaildev,Active,CARC,Katherine Higgins,,2025-01-13T19:13:55Z,,Katherine Higgins,,2025-01-22T19:57:53Z,,,Active,,,31488308,5f032f83-e2d1-ef11-8ee9-0022480ba400,72ea4760-2f38-ef11-840a-6045bd03203c,,72ea4760-2f38-ef11-840a-6045bd03203c,,72ea4760-2f38-ef11-840a-6045bd03203c,dc5c7cb8-6921-ef11-840b-0022480a10b0,
59,"Processed based on multiple or concurrent procedure rules. (For example multiple surgery or diagnostic imaging, concurrent anesthesia.) Usage: Refer to the 835 Healthcare Policy Identification Segment (loop 2110 Service Payment Information REF), if present.
Start: 01/01/1995 | Last Modified: 07/01/2017",Katherine Higgins,rhaildev,Active,CARC,Katherine Higgins,,2025-01-13T19:13:55Z,,Katherine Higgins,,2025-01-13T19:13:55Z,,,Active,,,30853821,60032f83-e2d1-ef11-8ee9-0022480ba400,72ea4760-2f38-ef11-840a-6045bd03203c,,72ea4760-2f38-ef11-840a-6045bd03203c,,72ea4760-2f38-ef11-840a-6045bd03203c,dc5c7cb8-6921-ef11-840b-0022480a10b0,
60,Charges for outpatient services are not covered when performed within a period of time prior to or after inpatient services.,Katherine Higgins,rhaildev,Active,CARC,Katherine Higgins,,2025-01-13T19:13:55Z,,Katherine Higgins,,2025-01-22T22:29:47Z,,,Active,,,31490214,61032f83-e2d1-ef11-8ee9-0022480ba400,72ea4760-2f38-ef11-840a-6045bd03203c,,72ea4760-2f38-ef11-840a-6045bd03203c,,72ea4760-2f38-ef11-840a-6045bd03203c,dc5c7cb8-6921-ef11-840b-0022480a10b0,
61,Adjusted for failure to obtain second surgical opinion,Katherine Higgins,rhaildev,Active,CARC,Katherine Higgins,,2025-01-13T19:13:55Z,,Katherine Higgins,,2025-01-22T22:29:52Z,,,Active,,,31490216,62032f83-e2d1-ef11-8ee9-0022480ba400,72ea4760-2f38-ef11-840a-6045bd03203c,,72ea4760-2f38-ef11-840a-6045bd03203c,,72ea4760-2f38-ef11-840a-6045bd03203c,dc5c7cb8-6921-ef11-840b-0022480a10b0,
62,"Payment denied/reduced for absence of, or exceeded, pre-certification/authorization.",Katherine Higgins,rhaildev,Active,CARC,Katherine Higgins,,2025-01-13T19:13:55Z,,Katherine Higgins,,2025-01-22T22:29:59Z,,,Active,,,31490218,63032f83-e2d1-ef11-8ee9-0022480ba400,72ea4760-2f38-ef11-840a-6045bd03203c,,72ea4760-2f38-ef11-840a-6045bd03203c,,72ea4760-2f38-ef11-840a-6045bd03203c,dc5c7cb8-6921-ef11-840b-0022480a10b0,
63,Correction to a prior claim.,Katherine Higgins,rhaildev,Active,CARC,Katherine Higgins,,2025-01-13T19:13:55Z,,Katherine Higgins,,2025-01-22T22:30:03Z,,,Active,,,31490220,64032f83-e2d1-ef11-8ee9-0022480ba400,72ea4760-2f38-ef11-840a-6045bd03203c,,72ea4760-2f38-ef11-840a-6045bd03203c,,72ea4760-2f38-ef11-840a-6045bd03203c,dc5c7cb8-6921-ef11-840b-0022480a10b0,
64,Denial reversed per Medical Review.,Katherine Higgins,rhaildev,Active,CARC,Katherine Higgins,,2025-01-13T19:13:55Z,,Katherine Higgins,,2025-01-22T22:30:08Z,,,Active,,,31490222,65032f83-e2d1-ef11-8ee9-0022480ba400,72ea4760-2f38-ef11-840a-6045bd03203c,,72ea4760-2f38-ef11-840a-6045bd03203c,,72ea4760-2f38-ef11-840a-6045bd03203c,dc5c7cb8-6921-ef11-840b-0022480a10b0,
65,Procedure code was incorrect. This payment reflects the correct code.,Katherine Higgins,rhaildev,Active,CARC,Katherine Higgins,,2025-01-13T19:13:55Z,,Katherine Higgins,,2025-01-22T22:30:11Z,,,Active,,,31490224,66032f83-e2d1-ef11-8ee9-0022480ba400,72ea4760-2f38-ef11-840a-6045bd03203c,,72ea4760-2f38-ef11-840a-6045bd03203c,,72ea4760-2f38-ef11-840a-6045bd03203c,dc5c7cb8-6921-ef11-840b-0022480a10b0,
66,Blood Deductible.,Katherine Higgins,rhaildev,Active,CARC,Katherine Higgins,,2025-01-13T19:13:55Z,,Katherine Higgins,,2025-01-22T22:30:14Z,,,Active,,,31490226,67032f83-e2d1-ef11-8ee9-0022480ba400,72ea4760-2f38-ef11-840a-6045bd03203c,,72ea4760-2f38-ef11-840a-6045bd03203c,,72ea4760-2f38-ef11-840a-6045bd03203c,dc5c7cb8-6921-ef11-840b-0022480a10b0,
67,"Lifetime reserve days. (Handled in QTY, QTY01=LA)",Katherine Higgins,rhaildev,Active,CARC,Katherine Higgins,,2025-01-13T19:13:55Z,,Katherine Higgins,,2025-01-22T22:30:18Z,,,Active,,,31490228,68032f83-e2d1-ef11-8ee9-0022480ba400,72ea4760-2f38-ef11-840a-6045bd03203c,,72ea4760-2f38-ef11-840a-6045bd03203c,,72ea4760-2f38-ef11-840a-6045bd03203c,dc5c7cb8-6921-ef11-840b-0022480a10b0,
68,DRG weight. (Handled in CLP12),Katherine Higgins,rhaildev,Active,CARC,Katherine Higgins,,2025-01-13T19:13:55Z,,Katherine Higgins,,2025-01-22T22:30:21Z,,,Active,,,31490229,69032f83-e2d1-ef11-8ee9-0022480ba400,72ea4760-2f38-ef11-840a-6045bd03203c,,72ea4760-2f38-ef11-840a-6045bd03203c,,72ea4760-2f38-ef11-840a-6045bd03203c,dc5c7cb8-6921-ef11-840b-0022480a10b0,
69,Day outlier amount.,Katherine Higgins,rhaildev,Active,CARC,Katherine Higgins,,2025-01-13T19:13:55Z,,Katherine Higgins,,2025-01-22T22:30:24Z,,,Active,,,31490231,6a032f83-e2d1-ef11-8ee9-0022480ba400,72ea4760-2f38-ef11-840a-6045bd03203c,,72ea4760-2f38-ef11-840a-6045bd03203c,,72ea4760-2f38-ef11-840a-6045bd03203c,dc5c7cb8-6921-ef11-840b-0022480a10b0,
70,Cost outlier - Adjustment to compensate for additional costs.,Katherine Higgins,rhaildev,Active,CARC,Katherine Higgins,,2025-01-13T19:13:55Z,,Katherine Higgins,,2025-01-22T22:30:31Z,,,Active,,,31490235,6b032f83-e2d1-ef11-8ee9-0022480ba400,72ea4760-2f38-ef11-840a-6045bd03203c,,72ea4760-2f38-ef11-840a-6045bd03203c,,72ea4760-2f38-ef11-840a-6045bd03203c,dc5c7cb8-6921-ef11-840b-0022480a10b0,
71,Primary Payer amount.,Katherine Higgins,rhaildev,Active,CARC,Katherine Higgins,,2025-01-13T19:13:55Z,,Katherine Higgins,,2025-01-22T22:30:36Z,,,Active,,,31490237,6c032f83-e2d1-ef11-8ee9-0022480ba400,72ea4760-2f38-ef11-840a-6045bd03203c,,72ea4760-2f38-ef11-840a-6045bd03203c,,72ea4760-2f38-ef11-840a-6045bd03203c,dc5c7cb8-6921-ef11-840b-0022480a10b0,
72,"Coinsurance day. (Handled in QTY, QTY01=CD)",Katherine Higgins,rhaildev,Active,CARC,Katherine Higgins,,2025-01-13T19:13:55Z,,Katherine Higgins,,2025-01-22T22:30:40Z,,,Active,,,31490239,6d032f83-e2d1-ef11-8ee9-0022480ba400,72ea4760-2f38-ef11-840a-6045bd03203c,,72ea4760-2f38-ef11-840a-6045bd03203c,,72ea4760-2f38-ef11-840a-6045bd03203c,dc5c7cb8-6921-ef11-840b-0022480a10b0,
73,Administrative days.,Katherine Higgins,rhaildev,Active,CARC,Katherine Higgins,,2025-01-13T19:13:55Z,,Katherine Higgins,,2025-01-22T22:30:42Z,,,Active,,,31490241,6e032f83-e2d1-ef11-8ee9-0022480ba400,72ea4760-2f38-ef11-840a-6045bd03203c,,72ea4760-2f38-ef11-840a-6045bd03203c,,72ea4760-2f38-ef11-840a-6045bd03203c,dc5c7cb8-6921-ef11-840b-0022480a10b0,
74,Indirect Medical Education Adjustment.,Katherine Higgins,rhaildev,Active,CARC,Katherine Higgins,,2025-01-13T19:13:55Z,,Katherine Higgins,,2025-01-22T22:30:45Z,,,Active,,,31490249,6f032f83-e2d1-ef11-8ee9-0022480ba400,72ea4760-2f38-ef11-840a-6045bd03203c,,72ea4760-2f38-ef11-840a-6045bd03203c,,72ea4760-2f38-ef11-840a-6045bd03203c,dc5c7cb8-6921-ef11-840b-0022480a10b0,
75,Direct Medical Education Adjustment.,Katherine Higgins,rhaildev,Active,CARC,Katherine Higgins,,2025-01-13T19:13:55Z,,Katherine Higgins,,2025-01-22T22:30:49Z,,,Active,,,31490250,70032f83-e2d1-ef11-8ee9-0022480ba400,72ea4760-2f38-ef11-840a-6045bd03203c,,72ea4760-2f38-ef11-840a-6045bd03203c,,72ea4760-2f38-ef11-840a-6045bd03203c,dc5c7cb8-6921-ef11-840b-0022480a10b0,
76,Disproportionate Share Adjustment.,Katherine Higgins,rhaildev,Active,CARC,Katherine Higgins,,2025-01-13T19:13:55Z,,Katherine Higgins,,2025-01-22T22:30:52Z,,,Active,,,31490252,71032f83-e2d1-ef11-8ee9-0022480ba400,72ea4760-2f38-ef11-840a-6045bd03203c,,72ea4760-2f38-ef11-840a-6045bd03203c,,72ea4760-2f38-ef11-840a-6045bd03203c,dc5c7cb8-6921-ef11-840b-0022480a10b0,
77,"Covered days. (Handled in QTY, QTY01=CA)",Katherine Higgins,rhaildev,Active,CARC,Katherine Higgins,,2025-01-13T19:13:55Z,,Katherine Higgins,,2025-01-22T22:30:55Z,,,Active,,,31490254,72032f83-e2d1-ef11-8ee9-0022480ba400,72ea4760-2f38-ef11-840a-6045bd03203c,,72ea4760-2f38-ef11-840a-6045bd03203c,,72ea4760-2f38-ef11-840a-6045bd03203c,dc5c7cb8-6921-ef11-840b-0022480a10b0,
78,Non-Covered days/Room charge adjustment.,Katherine Higgins,rhaildev,Active,CARC,Katherine Higgins,,2025-01-13T19:13:55Z,,Katherine Higgins,,2025-01-22T22:30:59Z,,,Active,,,31490256,73032f83-e2d1-ef11-8ee9-0022480ba400,72ea4760-2f38-ef11-840a-6045bd03203c,,72ea4760-2f38-ef11-840a-6045bd03203c,,72ea4760-2f38-ef11-840a-6045bd03203c,dc5c7cb8-6921-ef11-840b-0022480a10b0,
79,Cost Report days. (Handled in MIA15),Katherine Higgins,rhaildev,Active,CARC,Katherine Higgins,,2025-01-13T19:13:55Z,,Katherine Higgins,,2025-01-22T22:31:02Z,,,Active,,,31490258,74032f83-e2d1-ef11-8ee9-0022480ba400,72ea4760-2f38-ef11-840a-6045bd03203c,,72ea4760-2f38-ef11-840a-6045bd03203c,,72ea4760-2f38-ef11-840a-6045bd03203c,dc5c7cb8-6921-ef11-840b-0022480a10b0,
80,"Outlier days. (Handled in QTY, QTY01=OU)",Katherine Higgins,rhaildev,Active,CARC,Katherine Higgins,,2025-01-13T19:13:55Z,,Katherine Higgins,,2025-01-22T22:31:11Z,,,Active,,,31490262,75032f83-e2d1-ef11-8ee9-0022480ba400,72ea4760-2f38-ef11-840a-6045bd03203c,,72ea4760-2f38-ef11-840a-6045bd03203c,,72ea4760-2f38-ef11-840a-6045bd03203c,dc5c7cb8-6921-ef11-840b-0022480a10b0,
81,Discharges.,Katherine Higgins,rhaildev,Active,CARC,Katherine Higgins,,2025-01-13T19:13:55Z,,Katherine Higgins,,2025-01-22T22:31:14Z,,,Active,,,31490264,76032f83-e2d1-ef11-8ee9-0022480ba400,72ea4760-2f38-ef11-840a-6045bd03203c,,72ea4760-2f38-ef11-840a-6045bd03203c,,72ea4760-2f38-ef11-840a-6045bd03203c,dc5c7cb8-6921-ef11-840b-0022480a10b0,
82,PIP days.,Katherine Higgins,rhaildev,Active,CARC,Katherine Higgins,,2025-01-13T19:13:55Z,,Katherine Higgins,,2025-01-22T22:31:18Z,,,Active,,,31490266,77032f83-e2d1-ef11-8ee9-0022480ba400,72ea4760-2f38-ef11-840a-6045bd03203c,,72ea4760-2f38-ef11-840a-6045bd03203c,,72ea4760-2f38-ef11-840a-6045bd03203c,dc5c7cb8-6921-ef11-840b-0022480a10b0,
83,Total visits.,Katherine Higgins,rhaildev,Active,CARC,Katherine Higgins,,2025-01-13T19:13:55Z,,Katherine Higgins,,2025-01-22T22:31:22Z,,,Active,,,31490268,78032f83-e2d1-ef11-8ee9-0022480ba400,72ea4760-2f38-ef11-840a-6045bd03203c,,72ea4760-2f38-ef11-840a-6045bd03203c,,72ea4760-2f38-ef11-840a-6045bd03203c,dc5c7cb8-6921-ef11-840b-0022480a10b0,
84,Capital Adjustment. (Handled in MIA),Katherine Higgins,rhaildev,Active,CARC,Katherine Higgins,,2025-01-13T19:13:55Z,,Katherine Higgins,,2025-01-22T22:31:25Z,,,Active,,,31490270,79032f83-e2d1-ef11-8ee9-0022480ba400,72ea4760-2f38-ef11-840a-6045bd03203c,,72ea4760-2f38-ef11-840a-6045bd03203c,,72ea4760-2f38-ef11-840a-6045bd03203c,dc5c7cb8-6921-ef11-840b-0022480a10b0,
85,Patient Interest Adjustment (Use Only Group code PR),Katherine Higgins,rhaildev,Active,CARC,Katherine Higgins,,2025-01-13T19:13:55Z,,Katherine Higgins,,2025-01-22T22:31:28Z,,,Active,,,31490272,7a032f83-e2d1-ef11-8ee9-0022480ba400,72ea4760-2f38-ef11-840a-6045bd03203c,,72ea4760-2f38-ef11-840a-6045bd03203c,,72ea4760-2f38-ef11-840a-6045bd03203c,dc5c7cb8-6921-ef11-840b-0022480a10b0,
86,Statutory Adjustment.,Katherine Higgins,rhaildev,Active,CARC,Katherine Higgins,,2025-01-13T19:13:55Z,,Katherine Higgins,,2025-01-22T22:31:33Z,,,Active,,,31490274,7b032f83-e2d1-ef11-8ee9-0022480ba400,72ea4760-2f38-ef11-840a-6045bd03203c,,72ea4760-2f38-ef11-840a-6045bd03203c,,72ea4760-2f38-ef11-840a-6045bd03203c,dc5c7cb8-6921-ef11-840b-0022480a10b0,
87,Transfer amount.,Katherine Higgins,rhaildev,Active,CARC,Katherine Higgins,,2025-01-13T19:13:55Z,,Katherine Higgins,,2025-01-22T22:31:38Z,,,Active,,,31490276,7c032f83-e2d1-ef11-8ee9-0022480ba400,72ea4760-2f38-ef11-840a-6045bd03203c,,72ea4760-2f38-ef11-840a-6045bd03203c,,72ea4760-2f38-ef11-840a-6045bd03203c,dc5c7cb8-6921-ef11-840b-0022480a10b0,
88,Adjustment amount represents collection against receivable created in prior overpayment.,Katherine Higgins,rhaildev,Active,CARC,Katherine Higgins,,2025-01-13T19:13:55Z,,Katherine Higgins,,2025-01-22T22:31:42Z,,,Active,,,31490319,7d032f83-e2d1-ef11-8ee9-0022480ba400,72ea4760-2f38-ef11-840a-6045bd03203c,,72ea4760-2f38-ef11-840a-6045bd03203c,,72ea4760-2f38-ef11-840a-6045bd03203c,dc5c7cb8-6921-ef11-840b-0022480a10b0,
89,Professional fees removed from charges.,Katherine Higgins,rhaildev,Active,CARC,Katherine Higgins,,2025-01-13T19:13:55Z,,Katherine Higgins,,2025-01-22T22:31:44Z,,,Active,,,31490321,7e032f83-e2d1-ef11-8ee9-0022480ba400,72ea4760-2f38-ef11-840a-6045bd03203c,,72ea4760-2f38-ef11-840a-6045bd03203c,,72ea4760-2f38-ef11-840a-6045bd03203c,dc5c7cb8-6921-ef11-840b-0022480a10b0,
90,Ingredient cost adjustment. Usage: To be used for pharmaceuticals only.,Katherine Higgins,rhaildev,Active,CARC,Katherine Higgins,,2025-01-13T19:13:55Z,,Katherine Higgins,,2025-01-22T22:31:50Z,,,Active,,,31490325,7f032f83-e2d1-ef11-8ee9-0022480ba400,72ea4760-2f38-ef11-840a-6045bd03203c,,72ea4760-2f38-ef11-840a-6045bd03203c,,72ea4760-2f38-ef11-840a-6045bd03203c,dc5c7cb8-6921-ef11-840b-0022480a10b0,
91,Dispensing fee adjustment.,Katherine Higgins,rhaildev,Active,CARC,Katherine Higgins,,2025-01-13T19:13:55Z,,Katherine Higgins,,2025-01-22T22:31:54Z,,,Active,,,31490327,80032f83-e2d1-ef11-8ee9-0022480ba400,72ea4760-2f38-ef11-840a-6045bd03203c,,72ea4760-2f38-ef11-840a-6045bd03203c,,72ea4760-2f38-ef11-840a-6045bd03203c,dc5c7cb8-6921-ef11-840b-0022480a10b0,
92,Claim Paid in full.,Katherine Higgins,rhaildev,Active,CARC,Katherine Higgins,,2025-01-13T19:13:55Z,,Katherine Higgins,,2025-01-22T22:31:57Z,,,Active,,,31490329,81032f83-e2d1-ef11-8ee9-0022480ba400,72ea4760-2f38-ef11-840a-6045bd03203c,,72ea4760-2f38-ef11-840a-6045bd03203c,,72ea4760-2f38-ef11-840a-6045bd03203c,dc5c7cb8-6921-ef11-840b-0022480a10b0,
93,No Claim level Adjustments.,Katherine Higgins,rhaildev,Active,CARC,Katherine Higgins,,2025-01-13T19:13:55Z,,Katherine Higgins,,2025-01-22T22:32:01Z,,,Active,,,31490331,82032f83-e2d1-ef11-8ee9-0022480ba400,72ea4760-2f38-ef11-840a-6045bd03203c,,72ea4760-2f38-ef11-840a-6045bd03203c,,72ea4760-2f38-ef11-840a-6045bd03203c,dc5c7cb8-6921-ef11-840b-0022480a10b0,
94,Processed in Excess of charges.,Katherine Higgins,rhaildev,Active,CARC,Katherine Higgins,,2025-01-13T19:13:56Z,,Katherine Higgins,,2025-01-22T22:32:04Z,,,Active,,,31490337,84032f83-e2d1-ef11-8ee9-0022480ba400,72ea4760-2f38-ef11-840a-6045bd03203c,,72ea4760-2f38-ef11-840a-6045bd03203c,,72ea4760-2f38-ef11-840a-6045bd03203c,dc5c7cb8-6921-ef11-840b-0022480a10b0,
95,Plan procedures not followed.,Katherine Higgins,rhaildev,Active,CARC,Katherine Higgins,,2025-01-13T19:13:56Z,,Katherine Higgins,,2025-01-22T22:32:07Z,,,Active,,,31490339,85032f83-e2d1-ef11-8ee9-0022480ba400,72ea4760-2f38-ef11-840a-6045bd03203c,,72ea4760-2f38-ef11-840a-6045bd03203c,,72ea4760-2f38-ef11-840a-6045bd03203c,dc5c7cb8-6921-ef11-840b-0022480a10b0,
96,"Non-covered charge(s). At least one Remark Code must be provided (may be comprised of either the NCPDP Reject Reason Code, or Remittance Advice Remark Code that is not an ALERT.) Usage: Refer to the 835 Healthcare Policy Identification Segment (loop 2110 Service Payment Information REF), if present.",Katherine Higgins,rhaildev,Active,CARC,Katherine Higgins,,2025-01-13T19:13:56Z,,Katherine Higgins,,2025-01-22T22:32:11Z,,,Active,,,31490341,86032f83-e2d1-ef11-8ee9-0022480ba400,72ea4760-2f38-ef11-840a-6045bd03203c,,72ea4760-2f38-ef11-840a-6045bd03203c,,72ea4760-2f38-ef11-840a-6045bd03203c,dc5c7cb8-6921-ef11-840b-0022480a10b0,
97,"The benefit for this service is included in the payment/allowance for another service/procedure that has already been adjudicated. Usage: Refer to the 835 Healthcare Policy Identification Segment (loop 2110 Service Payment Information REF), if present.",Katherine Higgins,rhaildev,Active,CARC,Katherine Higgins,,2025-01-13T19:13:56Z,,Katherine Higgins,,2025-01-22T22:32:17Z,,,Active,,,31490342,87032f83-e2d1-ef11-8ee9-0022480ba400,72ea4760-2f38-ef11-840a-6045bd03203c,,72ea4760-2f38-ef11-840a-6045bd03203c,,72ea4760-2f38-ef11-840a-6045bd03203c,dc5c7cb8-6921-ef11-840b-0022480a10b0,
98,The hospital must file the Medicare claim for this inpatient non-physician service.,Katherine Higgins,rhaildev,Active,CARC,Katherine Higgins,,2025-01-13T19:13:56Z,,Katherine Higgins,,2025-01-22T22:32:20Z,,,Active,,,31490344,88032f83-e2d1-ef11-8ee9-0022480ba400,72ea4760-2f38-ef11-840a-6045bd03203c,,72ea4760-2f38-ef11-840a-6045bd03203c,,72ea4760-2f38-ef11-840a-6045bd03203c,dc5c7cb8-6921-ef11-840b-0022480a10b0,
99,Medicare Secondary Payer Adjustment Amount.,Katherine Higgins,rhaildev,Active,CARC,Katherine Higgins,,2025-01-13T19:13:56Z,,Katherine Higgins,,2025-01-22T22:32:26Z,,,Active,,,31490346,89032f83-e2d1-ef11-8ee9-0022480ba400,72ea4760-2f38-ef11-840a-6045bd03203c,,72ea4760-2f38-ef11-840a-6045bd03203c,,72ea4760-2f38-ef11-840a-6045bd03203c,dc5c7cb8-6921-ef11-840b-0022480a10b0,
100,Payment made to patient/insured/responsible party.,Katherine Higgins,rhaildev,Active,CARC,Katherine Higgins,,2025-01-13T19:13:56Z,,Katherine Higgins,,2025-01-22T17:29:26Z,,,Active,,,31486307,8a032f83-e2d1-ef11-8ee9-0022480ba400,72ea4760-2f38-ef11-840a-6045bd03203c,,72ea4760-2f38-ef11-840a-6045bd03203c,,72ea4760-2f38-ef11-840a-6045bd03203c,dc5c7cb8-6921-ef11-840b-0022480a10b0,
N297,Missing/incomplete/invalid supervising provider primary identifier.,Katherine Higgins,rhaildev,Active,RARC,Katherine Higgins,,2025-01-13T19:14:14Z,,Katherine Higgins,,2025-01-22T23:17:49Z,,,Active,,,31491244,8d1f5f8d-e2d1-ef11-8eea-6045bd01b467,72ea4760-2f38-ef11-840a-6045bd03203c,,72ea4760-2f38-ef11-840a-6045bd03203c,,72ea4760-2f38-ef11-840a-6045bd03203c,dc5c7cb8-6921-ef11-840b-0022480a10b0,
N298,Missing/incomplete/invalid supervising provider secondary identifier.,Katherine Higgins,rhaildev,Active,RARC,Katherine Higgins,,2025-01-13T19:14:14Z,,Katherine Higgins,,2025-01-22T23:17:53Z,,,Active,,,31491246,b9c55993-e2d1-ef11-8eea-6045bd01b467,72ea4760-2f38-ef11-840a-6045bd03203c,,72ea4760-2f38-ef11-840a-6045bd03203c,,72ea4760-2f38-ef11-840a-6045bd03203c,dc5c7cb8-6921-ef11-840b-0022480a10b0,
N299,Missing/incomplete/invalid occurrence date(s).,Katherine Higgins,rhaildev,Active,RARC,Katherine Higgins,,2025-01-13T19:14:14Z,,Katherine Higgins,,2025-01-22T23:17:56Z,,,Active,,,31491248,bac55993-e2d1-ef11-8eea-6045bd01b467,72ea4760-2f38-ef11-840a-6045bd03203c,,72ea4760-2f38-ef11-840a-6045bd03203c,,72ea4760-2f38-ef11-840a-6045bd03203c,dc5c7cb8-6921-ef11-840b-0022480a10b0,
N300,Missing/incomplete/invalid occurrence span date(s).,Katherine Higgins,rhaildev,Active,RARC,Katherine Higgins,,2025-01-13T19:14:14Z,,Katherine Higgins,,2025-01-22T23:18:13Z,,,Active,,,31491254,bbc55993-e2d1-ef11-8eea-6045bd01b467,72ea4760-2f38-ef11-840a-6045bd03203c,,72ea4760-2f38-ef11-840a-6045bd03203c,,72ea4760-2f38-ef11-840a-6045bd03203c,dc5c7cb8-6921-ef11-840b-0022480a10b0,
N301,Missing/incomplete/invalid procedure date(s).,Katherine Higgins,rhaildev,Active,RARC,Katherine Higgins,,2025-01-13T19:14:14Z,,Katherine Higgins,,2025-01-22T23:18:15Z,,,Active,,,31491256,bcc55993-e2d1-ef11-8eea-6045bd01b467,72ea4760-2f38-ef11-840a-6045bd03203c,,72ea4760-2f38-ef11-840a-6045bd03203c,,72ea4760-2f38-ef11-840a-6045bd03203c,dc5c7cb8-6921-ef11-840b-0022480a10b0,
N302,Missing/incomplete/invalid other procedure date(s).,Katherine Higgins,rhaildev,Active,RARC,Katherine Higgins,,2025-01-13T19:14:14Z,,Katherine Higgins,,2025-01-22T23:18:18Z,,,Active,,,31491258,bdc55993-e2d1-ef11-8eea-6045bd01b467,72ea4760-2f38-ef11-840a-6045bd03203c,,72ea4760-2f38-ef11-840a-6045bd03203c,,72ea4760-2f38-ef11-840a-6045bd03203c,dc5c7cb8-6921-ef11-840b-0022480a10b0,
N303,Missing/incomplete/invalid principal procedure date.,Katherine Higgins,rhaildev,Active,RARC,Katherine Higgins,,2025-01-13T19:14:14Z,,Katherine Higgins,,2025-01-22T23:18:24Z,,,Active,,,31491260,bec55993-e2d1-ef11-8eea-6045bd01b467,72ea4760-2f38-ef11-840a-6045bd03203c,,72ea4760-2f38-ef11-840a-6045bd03203c,,72ea4760-2f38-ef11-840a-6045bd03203c,dc5c7cb8-6921-ef11-840b-0022480a10b0,
N304,Missing/incomplete/invalid dispensed date.,Katherine Higgins,rhaildev,Active,RARC,Katherine Higgins,,2025-01-13T19:14:14Z,,Katherine Higgins,,2025-01-22T23:18:26Z,,,Active,,,31491262,bfc55993-e2d1-ef11-8eea-6045bd01b467,72ea4760-2f38-ef11-840a-6045bd03203c,,72ea4760-2f38-ef11-840a-6045bd03203c,,72ea4760-2f38-ef11-840a-6045bd03203c,dc5c7cb8-6921-ef11-840b-0022480a10b0,
N305,Missing/incomplete/invalid injury/accident date.,Katherine Higgins,rhaildev,Active,RARC,Katherine Higgins,,2025-01-13T19:14:14Z,,Katherine Higgins,,2025-01-22T23:18:29Z,,,Active,,,31491264,c0c55993-e2d1-ef11-8eea-6045bd01b467,72ea4760-2f38-ef11-840a-6045bd03203c,,72ea4760-2f38-ef11-840a-6045bd03203c,,72ea4760-2f38-ef11-840a-6045bd03203c,dc5c7cb8-6921-ef11-840b-0022480a10b0,
N306,Missing/incomplete/invalid acute manifestation date.,Katherine Higgins,rhaildev,Active,RARC,Katherine Higgins,,2025-01-13T19:14:14Z,,Katherine Higgins,,2025-01-22T23:18:32Z,,,Active,,,31491266,c1c55993-e2d1-ef11-8eea-6045bd01b467,72ea4760-2f38-ef11-840a-6045bd03203c,,72ea4760-2f38-ef11-840a-6045bd03203c,,72ea4760-2f38-ef11-840a-6045bd03203c,dc5c7cb8-6921-ef11-840b-0022480a10b0,
N307,Missing/incomplete/invalid adjudication or payment date.,Katherine Higgins,rhaildev,Active,RARC,Katherine Higgins,,2025-01-13T19:14:14Z,,Katherine Higgins,,2025-01-22T23:18:36Z,,,Active,,,31491268,c2c55993-e2d1-ef11-8eea-6045bd01b467,72ea4760-2f38-ef11-840a-6045bd03203c,,72ea4760-2f38-ef11-840a-6045bd03203c,,72ea4760-2f38-ef11-840a-6045bd03203c,dc5c7cb8-6921-ef11-840b-0022480a10b0,
N308,Missing/incomplete/invalid appliance placement date.,Katherine Higgins,rhaildev,Active,RARC,Katherine Higgins,,2025-01-13T19:14:14Z,,Katherine Higgins,,2025-01-22T23:18:39Z,,,Active,,,31491270,c3c55993-e2d1-ef11-8eea-6045bd01b467,72ea4760-2f38-ef11-840a-6045bd03203c,,72ea4760-2f38-ef11-840a-6045bd03203c,,72ea4760-2f38-ef11-840a-6045bd03203c,dc5c7cb8-6921-ef11-840b-0022480a10b0,
N309,Missing/incomplete/invalid assessment date.,Katherine Higgins,rhaildev,Active,RARC,Katherine Higgins,,2025-01-13T19:14:14Z,,Katherine Higgins,,2025-01-22T23:18:41Z,,,Active,,,31491272,c4c55993-e2d1-ef11-8eea-6045bd01b467,72ea4760-2f38-ef11-840a-6045bd03203c,,72ea4760-2f38-ef11-840a-6045bd03203c,,72ea4760-2f38-ef11-840a-6045bd03203c,dc5c7cb8-6921-ef11-840b-0022480a10b0,
N310,Missing/incomplete/invalid assumed or relinquished care date.,Katherine Higgins,rhaildev,Active,RARC,Katherine Higgins,,2025-01-13T19:14:14Z,,Katherine Higgins,,2025-01-22T23:18:48Z,,,Active,,,31491276,c5c55993-e2d1-ef11-8eea-6045bd01b467,72ea4760-2f38-ef11-840a-6045bd03203c,,72ea4760-2f38-ef11-840a-6045bd03203c,,72ea4760-2f38-ef11-840a-6045bd03203c,dc5c7cb8-6921-ef11-840b-0022480a10b0,
N311,Missing/incomplete/invalid authorized to return to work date.,Katherine Higgins,rhaildev,Active,RARC,Katherine Higgins,,2025-01-13T19:14:15Z,,Katherine Higgins,,2025-01-22T23:18:54Z,,,Active,,,31491280,c6c55993-e2d1-ef11-8eea-6045bd01b467,72ea4760-2f38-ef11-840a-6045bd03203c,,72ea4760-2f38-ef11-840a-6045bd03203c,,72ea4760-2f38-ef11-840a-6045bd03203c,dc5c7cb8-6921-ef11-840b-0022480a10b0,
N312,Missing/incomplete/invalid begin therapy date.,Katherine Higgins,rhaildev,Active,RARC,Katherine Higgins,,2025-01-13T19:14:15Z,,Katherine Higgins,,2025-01-22T23:18:56Z,,,Active,,,31491282,c7c55993-e2d1-ef11-8eea-6045bd01b467,72ea4760-2f38-ef11-840a-6045bd03203c,,72ea4760-2f38-ef11-840a-6045bd03203c,,72ea4760-2f38-ef11-840a-6045bd03203c,dc5c7cb8-6921-ef11-840b-0022480a10b0,
N313,Missing/incomplete/invalid certification revision date.,Katherine Higgins,rhaildev,Active,RARC,Katherine Higgins,,2025-01-13T19:14:15Z,,Katherine Higgins,,2025-01-22T23:19:03Z,,,Active,,,31491284,c8c55993-e2d1-ef11-8eea-6045bd01b467,72ea4760-2f38-ef11-840a-6045bd03203c,,72ea4760-2f38-ef11-840a-6045bd03203c,,72ea4760-2f38-ef11-840a-6045bd03203c,dc5c7cb8-6921-ef11-840b-0022480a10b0,
N314,Missing/incomplete/invalid diagnosis date.,Katherine Higgins,rhaildev,Active,RARC,Katherine Higgins,,2025-01-13T19:14:15Z,,Katherine Higgins,,2025-01-22T23:19:07Z,,,Active,,,31491287,c9c55993-e2d1-ef11-8eea-6045bd01b467,72ea4760-2f38-ef11-840a-6045bd03203c,,72ea4760-2f38-ef11-840a-6045bd03203c,,72ea4760-2f38-ef11-840a-6045bd03203c,dc5c7cb8-6921-ef11-840b-0022480a10b0,
N315,Missing/incomplete/invalid disability from date.,Katherine Higgins,rhaildev,Active,RARC,Katherine Higgins,,2025-01-13T19:14:15Z,,Katherine Higgins,,2025-01-22T23:19:11Z,,,Active,,,31491288,cac55993-e2d1-ef11-8eea-6045bd01b467,72ea4760-2f38-ef11-840a-6045bd03203c,,72ea4760-2f38-ef11-840a-6045bd03203c,,72ea4760-2f38-ef11-840a-6045bd03203c,dc5c7cb8-6921-ef11-840b-0022480a10b0,
N316,Missing/incomplete/invalid disability to date.,Katherine Higgins,rhaildev,Active,RARC,Katherine Higgins,,2025-01-13T19:14:15Z,,Katherine Higgins,,2025-01-22T23:19:16Z,,,Active,,,31491290,cbc55993-e2d1-ef11-8eea-6045bd01b467,72ea4760-2f38-ef11-840a-6045bd03203c,,72ea4760-2f38-ef11-840a-6045bd03203c,,72ea4760-2f38-ef11-840a-6045bd03203c,dc5c7cb8-6921-ef11-840b-0022480a10b0,
N317,Missing/incomplete/invalid discharge hour.,Katherine Higgins,rhaildev,Active,RARC,Katherine Higgins,,2025-01-13T19:14:15Z,,Katherine Higgins,,2025-01-22T23:19:18Z,,,Active,,,31491292,ccc55993-e2d1-ef11-8eea-6045bd01b467,72ea4760-2f38-ef11-840a-6045bd03203c,,72ea4760-2f38-ef11-840a-6045bd03203c,,72ea4760-2f38-ef11-840a-6045bd03203c,dc5c7cb8-6921-ef11-840b-0022480a10b0,
N318,Missing/incomplete/invalid discharge or end of care date.,Katherine Higgins,rhaildev,Active,RARC,Katherine Higgins,,2025-01-13T19:14:15Z,,Katherine Higgins,,2025-01-22T23:19:21Z,,,Active,,,31491294,cdc55993-e2d1-ef11-8eea-6045bd01b467,72ea4760-2f38-ef11-840a-6045bd03203c,,72ea4760-2f38-ef11-840a-6045bd03203c,,72ea4760-2f38-ef11-840a-6045bd03203c,dc5c7cb8-6921-ef11-840b-0022480a10b0,
N319,Missing/incomplete/invalid hearing or vision prescription date.,Katherine Higgins,rhaildev,Active,RARC,Katherine Higgins,,2025-01-13T19:14:15Z,,Katherine Higgins,,2025-01-22T23:19:24Z,,,Active,,,31491296,cec55993-e2d1-ef11-8eea-6045bd01b467,72ea4760-2f38-ef11-840a-6045bd03203c,,72ea4760-2f38-ef11-840a-6045bd03203c,,72ea4760-2f38-ef11-840a-6045bd03203c,dc5c7cb8-6921-ef11-840b-0022480a10b0,
N320,Missing/incomplete/invalid Home Health Certification Period.,Katherine Higgins,rhaildev,Active,RARC,Katherine Higgins,,2025-01-13T19:14:15Z,,Katherine Higgins,,2025-01-22T23:19:30Z,,,Active,,,31491300,cfc55993-e2d1-ef11-8eea-6045bd01b467,72ea4760-2f38-ef11-840a-6045bd03203c,,72ea4760-2f38-ef11-840a-6045bd03203c,,72ea4760-2f38-ef11-840a-6045bd03203c,dc5c7cb8-6921-ef11-840b-0022480a10b0,
N321,Missing/incomplete/invalid last admission period.,Katherine Higgins,rhaildev,Active,RARC,Katherine Higgins,,2025-01-13T19:14:15Z,,Katherine Higgins,,2025-01-22T23:19:33Z,,,Active,,,31491302,d0c55993-e2d1-ef11-8eea-6045bd01b467,72ea4760-2f38-ef11-840a-6045bd03203c,,72ea4760-2f38-ef11-840a-6045bd03203c,,72ea4760-2f38-ef11-840a-6045bd03203c,dc5c7cb8-6921-ef11-840b-0022480a10b0,
N322,Missing/incomplete/invalid last certification date.,Katherine Higgins,rhaildev,Active,RARC,Katherine Higgins,,2025-01-13T19:14:15Z,,Katherine Higgins,,2025-01-22T23:19:36Z,,,Active,,,31491304,d1c55993-e2d1-ef11-8eea-6045bd01b467,72ea4760-2f38-ef11-840a-6045bd03203c,,72ea4760-2f38-ef11-840a-6045bd03203c,,72ea4760-2f38-ef11-840a-6045bd03203c,dc5c7cb8-6921-ef11-840b-0022480a10b0,
N323,Missing/incomplete/invalid last contact date.,Katherine Higgins,rhaildev,Active,RARC,Katherine Higgins,,2025-01-13T19:14:15Z,,Katherine Higgins,,2025-01-22T23:19:38Z,,,Active,,,31491306,d2c55993-e2d1-ef11-8eea-6045bd01b467,72ea4760-2f38-ef11-840a-6045bd03203c,,72ea4760-2f38-ef11-840a-6045bd03203c,,72ea4760-2f38-ef11-840a-6045bd03203c,dc5c7cb8-6921-ef11-840b-0022480a10b0,
N324,Missing/incomplete/invalid last seen/visit date.,Katherine Higgins,rhaildev,Active,RARC,Katherine Higgins,,2025-01-13T19:14:15Z,,Katherine Higgins,,2025-01-22T23:19:40Z,,,Active,,,31491308,d3c55993-e2d1-ef11-8eea-6045bd01b467,72ea4760-2f38-ef11-840a-6045bd03203c,,72ea4760-2f38-ef11-840a-6045bd03203c,,72ea4760-2f38-ef11-840a-6045bd03203c,dc5c7cb8-6921-ef11-840b-0022480a10b0,
N325,Missing/incomplete/invalid last worked date.,Katherine Higgins,rhaildev,Active,RARC,Katherine Higgins,,2025-01-13T19:14:15Z,,Katherine Higgins,,2025-01-22T23:19:43Z,,,Active,,,31491310,d4c55993-e2d1-ef11-8eea-6045bd01b467,72ea4760-2f38-ef11-840a-6045bd03203c,,72ea4760-2f38-ef11-840a-6045bd03203c,,72ea4760-2f38-ef11-840a-6045bd03203c,dc5c7cb8-6921-ef11-840b-0022480a10b0,
N326,Missing/incomplete/invalid last x-ray date.,Katherine Higgins,rhaildev,Active,RARC,Katherine Higgins,,2025-01-13T19:14:15Z,,Katherine Higgins,,2025-01-22T23:19:48Z,,,Active,,,31491312,d5c55993-e2d1-ef11-8eea-6045bd01b467,72ea4760-2f38-ef11-840a-6045bd03203c,,72ea4760-2f38-ef11-840a-6045bd03203c,,72ea4760-2f38-ef11-840a-6045bd03203c,dc5c7cb8-6921-ef11-840b-0022480a10b0,
N327,Missing/incomplete/invalid other insured birth date.,Katherine Higgins,rhaildev,Active,RARC,Katherine Higgins,,2025-01-13T19:14:15Z,,Katherine Higgins,,2025-01-22T23:19:50Z,,,Active,,,31491314,d6c55993-e2d1-ef11-8eea-6045bd01b467,72ea4760-2f38-ef11-840a-6045bd03203c,,72ea4760-2f38-ef11-840a-6045bd03203c,,72ea4760-2f38-ef11-840a-6045bd03203c,dc5c7cb8-6921-ef11-840b-0022480a10b0,
N328,Missing/incomplete/invalid Oxygen Saturation Test date.,Katherine Higgins,rhaildev,Active,RARC,Katherine Higgins,,2025-01-13T19:14:15Z,,Katherine Higgins,,2025-01-22T23:19:53Z,,,Active,,,31491316,d7c55993-e2d1-ef11-8eea-6045bd01b467,72ea4760-2f38-ef11-840a-6045bd03203c,,72ea4760-2f38-ef11-840a-6045bd03203c,,72ea4760-2f38-ef11-840a-6045bd03203c,dc5c7cb8-6921-ef11-840b-0022480a10b0,
N329,Missing/incomplete/invalid patient birth date.,Katherine Higgins,rhaildev,Active,RARC,Katherine Higgins,,2025-01-13T19:14:15Z,,Katherine Higgins,,2025-01-22T23:19:56Z,,,Active,,,31491318,d8c55993-e2d1-ef11-8eea-6045bd01b467,72ea4760-2f38-ef11-840a-6045bd03203c,,72ea4760-2f38-ef11-840a-6045bd03203c,,72ea4760-2f38-ef11-840a-6045bd03203c,dc5c7cb8-6921-ef11-840b-0022480a10b0,
N330,Missing/incomplete/invalid patient death date.,Katherine Higgins,rhaildev,Active,RARC,Katherine Higgins,,2025-01-13T19:14:15Z,,Katherine Higgins,,2025-01-22T23:20:02Z,,,Active,,,31491322,d9c55993-e2d1-ef11-8eea-6045bd01b467,72ea4760-2f38-ef11-840a-6045bd03203c,,72ea4760-2f38-ef11-840a-6045bd03203c,,72ea4760-2f38-ef11-840a-6045bd03203c,dc5c7cb8-6921-ef11-840b-0022480a10b0,
N331,Missing/incomplete/invalid physician order date.,Katherine Higgins,rhaildev,Active,RARC,Katherine Higgins,,2025-01-13T19:14:15Z,,Katherine Higgins,,2025-01-22T23:20:04Z,,,Active,,,31491324,dac55993-e2d1-ef11-8eea-6045bd01b467,72ea4760-2f38-ef11-840a-6045bd03203c,,72ea4760-2f38-ef11-840a-6045bd03203c,,72ea4760-2f38-ef11-840a-6045bd03203c,dc5c7cb8-6921-ef11-840b-0022480a10b0,
N332,Missing/incomplete/invalid prior hospital discharge date.,Katherine Higgins,rhaildev,Active,RARC,Katherine Higgins,,2025-01-13T19:14:15Z,,Katherine Higgins,,2025-01-22T23:20:08Z,,,Active,,,31491326,dbc55993-e2d1-ef11-8eea-6045bd01b467,72ea4760-2f38-ef11-840a-6045bd03203c,,72ea4760-2f38-ef11-840a-6045bd03203c,,72ea4760-2f38-ef11-840a-6045bd03203c,dc5c7cb8-6921-ef11-840b-0022480a10b0,
N333,Missing/incomplete/invalid prior placement date.,Katherine Higgins,rhaildev,Active,RARC,Katherine Higgins,,2025-01-13T19:14:15Z,,Katherine Higgins,,2025-01-22T23:20:10Z,,,Active,,,31491329,dcc55993-e2d1-ef11-8eea-6045bd01b467,72ea4760-2f38-ef11-840a-6045bd03203c,,72ea4760-2f38-ef11-840a-6045bd03203c,,72ea4760-2f38-ef11-840a-6045bd03203c,dc5c7cb8-6921-ef11-840b-0022480a10b0,
N334,Missing/incomplete/invalid re-evaluation date.,Katherine Higgins,rhaildev,Active,RARC,Katherine Higgins,,2025-01-13T19:14:15Z,,Katherine Higgins,,2025-01-22T23:20:19Z,,,Active,,,31491335,ddc55993-e2d1-ef11-8eea-6045bd01b467,72ea4760-2f38-ef11-840a-6045bd03203c,,72ea4760-2f38-ef11-840a-6045bd03203c,,72ea4760-2f38-ef11-840a-6045bd03203c,dc5c7cb8-6921-ef11-840b-0022480a10b0,
N335,Missing/incomplete/invalid referral date.,Katherine Higgins,rhaildev,Active,RARC,Katherine Higgins,,2025-01-13T19:14:15Z,,Katherine Higgins,,2025-01-22T23:20:16Z,,,Active,,,31491333,dec55993-e2d1-ef11-8eea-6045bd01b467,72ea4760-2f38-ef11-840a-6045bd03203c,,72ea4760-2f38-ef11-840a-6045bd03203c,,72ea4760-2f38-ef11-840a-6045bd03203c,dc5c7cb8-6921-ef11-840b-0022480a10b0,
N336,Missing/incomplete/invalid replacement date.,Katherine Higgins,rhaildev,Active,RARC,Katherine Higgins,,2025-01-13T19:14:15Z,,Katherine Higgins,,2025-01-22T23:20:22Z,,,Active,,,31491337,dfc55993-e2d1-ef11-8eea-6045bd01b467,72ea4760-2f38-ef11-840a-6045bd03203c,,72ea4760-2f38-ef11-840a-6045bd03203c,,72ea4760-2f38-ef11-840a-6045bd03203c,dc5c7cb8-6921-ef11-840b-0022480a10b0,
N337,Missing/incomplete/invalid secondary diagnosis date.,Katherine Higgins,rhaildev,Active,RARC,Katherine Higgins,,2025-01-13T19:14:15Z,,Katherine Higgins,,2025-01-22T23:20:24Z,,,Active,,,31491339,e0c55993-e2d1-ef11-8eea-6045bd01b467,72ea4760-2f38-ef11-840a-6045bd03203c,,72ea4760-2f38-ef11-840a-6045bd03203c,,72ea4760-2f38-ef11-840a-6045bd03203c,dc5c7cb8-6921-ef11-840b-0022480a10b0,
N338,Missing/incomplete/invalid shipped date.,Katherine Higgins,rhaildev,Active,RARC,Katherine Higgins,,2025-01-13T19:14:15Z,,Katherine Higgins,,2025-01-22T23:20:28Z,,,Active,,,31491342,e1c55993-e2d1-ef11-8eea-6045bd01b467,72ea4760-2f38-ef11-840a-6045bd03203c,,72ea4760-2f38-ef11-840a-6045bd03203c,,72ea4760-2f38-ef11-840a-6045bd03203c,dc5c7cb8-6921-ef11-840b-0022480a10b0,
N339,Missing/incomplete/invalid similar illness or symptom date.,Katherine Higgins,rhaildev,Active,RARC,Katherine Higgins,,2025-01-13T19:14:15Z,,Katherine Higgins,,2025-01-22T23:20:31Z,,,Active,,,31491344,e2c55993-e2d1-ef11-8eea-6045bd01b467,72ea4760-2f38-ef11-840a-6045bd03203c,,72ea4760-2f38-ef11-840a-6045bd03203c,,72ea4760-2f38-ef11-840a-6045bd03203c,dc5c7cb8-6921-ef11-840b-0022480a10b0,
N340,Missing/incomplete/invalid subscriber birth date.,Katherine Higgins,rhaildev,Active,RARC,Katherine Higgins,,2025-01-13T19:14:15Z,,Katherine Higgins,,2025-01-22T23:20:37Z,,,Active,,,31491348,e3c55993-e2d1-ef11-8eea-6045bd01b467,72ea4760-2f38-ef11-840a-6045bd03203c,,72ea4760-2f38-ef11-840a-6045bd03203c,,72ea4760-2f38-ef11-840a-6045bd03203c,dc5c7cb8-6921-ef11-840b-0022480a10b0,
N341,Missing/incomplete/invalid surgery date.,Katherine Higgins,rhaildev,Active,RARC,Katherine Higgins,,2025-01-13T19:14:15Z,,Katherine Higgins,,2025-01-22T23:20:39Z,,,Active,,,31491350,e4c55993-e2d1-ef11-8eea-6045bd01b467,72ea4760-2f38-ef11-840a-6045bd03203c,,72ea4760-2f38-ef11-840a-6045bd03203c,,72ea4760-2f38-ef11-840a-6045bd03203c,dc5c7cb8-6921-ef11-840b-0022480a10b0,
N342,Missing/incomplete/invalid test performed date.,Katherine Higgins,rhaildev,Active,RARC,Katherine Higgins,,2025-01-13T19:14:15Z,,Katherine Higgins,,2025-01-22T23:20:42Z,,,Active,,,31491352,e5c55993-e2d1-ef11-8eea-6045bd01b467,72ea4760-2f38-ef11-840a-6045bd03203c,,72ea4760-2f38-ef11-840a-6045bd03203c,,72ea4760-2f38-ef11-840a-6045bd03203c,dc5c7cb8-6921-ef11-840b-0022480a10b0,
N343,Missing/incomplete/invalid Transcutaneous Electrical Nerve Stimulator (TENS) trial start date.,Katherine Higgins,rhaildev,Active,RARC,Katherine Higgins,,2025-01-13T19:14:15Z,,Katherine Higgins,,2025-01-22T23:20:46Z,,,Active,,,31491354,e6c55993-e2d1-ef11-8eea-6045bd01b467,72ea4760-2f38-ef11-840a-6045bd03203c,,72ea4760-2f38-ef11-840a-6045bd03203c,,72ea4760-2f38-ef11-840a-6045bd03203c,dc5c7cb8-6921-ef11-840b-0022480a10b0,
N344,Missing/incomplete/invalid Transcutaneous Electrical Nerve Stimulator (TENS) trial end date.,Katherine Higgins,rhaildev,Active,RARC,Katherine Higgins,,2025-01-13T19:14:15Z,,Katherine Higgins,,2025-01-22T23:20:49Z,,,Active,,,31491356,e7c55993-e2d1-ef11-8eea-6045bd01b467,72ea4760-2f38-ef11-840a-6045bd03203c,,72ea4760-2f38-ef11-840a-6045bd03203c,,72ea4760-2f38-ef11-840a-6045bd03203c,dc5c7cb8-6921-ef11-840b-0022480a10b0,
N345,Date range not valid with units submitted.,Katherine Higgins,rhaildev,Active,RARC,Katherine Higgins,,2025-01-13T19:14:15Z,,Katherine Higgins,,2025-01-22T23:20:54Z,,,Active,,,31491358,e8c55993-e2d1-ef11-8eea-6045bd01b467,72ea4760-2f38-ef11-840a-6045bd03203c,,72ea4760-2f38-ef11-840a-6045bd03203c,,72ea4760-2f38-ef11-840a-6045bd03203c,dc5c7cb8-6921-ef11-840b-0022480a10b0,
N346,Missing/incomplete/invalid oral cavity designation code.,Katherine Higgins,rhaildev,Active,RARC,Katherine Higgins,,2025-01-13T19:14:15Z,,Katherine Higgins,,2025-01-22T23:20:57Z,,,Active,,,31491360,e9c55993-e2d1-ef11-8eea-6045bd01b467,72ea4760-2f38-ef11-840a-6045bd03203c,,72ea4760-2f38-ef11-840a-6045bd03203c,,72ea4760-2f38-ef11-840a-6045bd03203c,dc5c7cb8-6921-ef11-840b-0022480a10b0,
N347,Your claim for a referred or purchased service cannot be paid because payment has already been made for this same service to another provider by a payment contractor representing the payer.,Katherine Higgins,rhaildev,Active,RARC,Katherine Higgins,,2025-01-13T19:14:15Z,,Katherine Higgins,,2025-01-22T23:21:00Z,,,Active,,,31491370,eac55993-e2d1-ef11-8eea-6045bd01b467,72ea4760-2f38-ef11-840a-6045bd03203c,,72ea4760-2f38-ef11-840a-6045bd03203c,,72ea4760-2f38-ef11-840a-6045bd03203c,dc5c7cb8-6921-ef11-840b-0022480a10b0,
N348,You chose that this service/supply/drug would be rendered/supplied and billed by a different practitioner/supplier.,Katherine Higgins,rhaildev,Active,RARC,Katherine Higgins,,2025-01-13T19:14:15Z,,Katherine Higgins,,2025-01-22T23:21:03Z,,,Active,,,31491372,ebc55993-e2d1-ef11-8eea-6045bd01b467,72ea4760-2f38-ef11-840a-6045bd03203c,,72ea4760-2f38-ef11-840a-6045bd03203c,,72ea4760-2f38-ef11-840a-6045bd03203c,dc5c7cb8-6921-ef11-840b-0022480a10b0,
N349,The administration method and drug must be reported to adjudicate this service.,Katherine Higgins,rhaildev,Active,RARC,Katherine Higgins,,2025-01-13T19:14:15Z,,Katherine Higgins,,2025-01-22T23:21:06Z,,,Active,,,31491378,ecc55993-e2d1-ef11-8eea-6045bd01b467,72ea4760-2f38-ef11-840a-6045bd03203c,,72ea4760-2f38-ef11-840a-6045bd03203c,,72ea4760-2f38-ef11-840a-6045bd03203c,dc5c7cb8-6921-ef11-840b-0022480a10b0,
N350,Missing/incomplete/invalid description of service for a Not Otherwise Classified (NOC) code or for an Unlisted/By Report procedure.,Katherine Higgins,rhaildev,Active,RARC,Katherine Higgins,,2025-01-13T19:14:15Z,,Katherine Higgins,,2025-01-22T23:21:17Z,,,Active,,,31491386,edc55993-e2d1-ef11-8eea-6045bd01b467,72ea4760-2f38-ef11-840a-6045bd03203c,,72ea4760-2f38-ef11-840a-6045bd03203c,,72ea4760-2f38-ef11-840a-6045bd03203c,dc5c7cb8-6921-ef11-840b-0022480a10b0,
N351,Service date outside of the approved treatment plan service dates.,Katherine Higgins,rhaildev,Active,RARC,Katherine Higgins,,2025-01-13T19:14:15Z,,Katherine Higgins,,2025-01-22T23:21:20Z,,,Active,,,31491388,eec55993-e2d1-ef11-8eea-6045bd01b467,72ea4760-2f38-ef11-840a-6045bd03203c,,72ea4760-2f38-ef11-840a-6045bd03203c,,72ea4760-2f38-ef11-840a-6045bd03203c,dc5c7cb8-6921-ef11-840b-0022480a10b0,
N352,"Alert: There are no scheduled payments for this service. Submit a claim for each patient visit.
Notes: (Modified 4/1/07)",Katherine Higgins,rhaildev,Active,RARC,Katherine Higgins,,2025-01-13T19:14:15Z,,Katherine Higgins,,2025-01-22T23:21:23Z,,,Active,,,31491390,efc55993-e2d1-ef11-8eea-6045bd01b467,72ea4760-2f38-ef11-840a-6045bd03203c,,72ea4760-2f38-ef11-840a-6045bd03203c,,72ea4760-2f38-ef11-840a-6045bd03203c,dc5c7cb8-6921-ef11-840b-0022480a10b0,
N353,"Alert: Benefits have been estimated, when the actual services have been rendered, additional payment will be considered based on the submitted claim.",Katherine Higgins,rhaildev,Active,RARC,Katherine Higgins,,2025-01-13T19:14:15Z,,Katherine Higgins,,2025-01-22T23:21:31Z,,,Active,,,31491393,f0c55993-e2d1-ef11-8eea-6045bd01b467,72ea4760-2f38-ef11-840a-6045bd03203c,,72ea4760-2f38-ef11-840a-6045bd03203c,,72ea4760-2f38-ef11-840a-6045bd03203c,dc5c7cb8-6921-ef11-840b-0022480a10b0,
N354,"Incomplete/invalid invoice.
Notes: (Modified 3/14/2014)",Katherine Higgins,rhaildev,Active,RARC,Katherine Higgins,,2025-01-13T19:14:15Z,,Katherine Higgins,,2025-01-22T23:21:35Z,,,Active,,,31491395,f1c55993-e2d1-ef11-8eea-6045bd01b467,72ea4760-2f38-ef11-840a-6045bd03203c,,72ea4760-2f38-ef11-840a-6045bd03203c,,72ea4760-2f38-ef11-840a-6045bd03203c,dc5c7cb8-6921-ef11-840b-0022480a10b0,
N355,"Alert: The law permits exceptions to the refund requirement in two cases: - If you did not know, and could not have reasonably been expected to know, that we would not pay for this service; or - If you notified the patient in writing before providing the service that you believed that we were likely to deny the service, and the patient signed a statement agreeing to pay for the service.

If you come within either exception, or if you believe the carrier was wrong in its determination that we do not pay for this service, you should request appeal of this determination within 30 days of the date of this notice. Your request for review should include any additional information necessary to support your position.

If you request an appeal within 30 days of receiving this notice, you may delay refunding the amount to the patient until you receive the results of the review. If the review decision is favorable to you, you do not need to make any refund. If, however, the review is unfavorable, the law specifies that you must make the refund within 15 days of receiving the unfavorable review decision.

The law also permits you to request an appeal at any time within 120 days of the date you receive this notice. However, an appeal request that is received more than 30 days after the date of this notice, does not permit you to delay making the refund. Regardless of when a review is requested, the patient will be notified that you have requested one, and will receive a copy of the determination.

The patient has received a separate notice of this denial decision. The notice advises that he/she may be entitled to a refund of any amounts paid, if you should have known that we would not pay and did not tell him/her. It also instructs the patient to contact our office if he/she does not hear anything about a refund within 30 days",Katherine Higgins,rhaildev,Active,RARC,Katherine Higgins,,2025-01-13T19:14:15Z,,Katherine Higgins,,2025-01-22T23:21:50Z,,,Active,,,31491397,f2c55993-e2d1-ef11-8eea-6045bd01b467,72ea4760-2f38-ef11-840a-6045bd03203c,,72ea4760-2f38-ef11-840a-6045bd03203c,,72ea4760-2f38-ef11-840a-6045bd03203c,dc5c7cb8-6921-ef11-840b-0022480a10b0,
N356,"Not covered when performed with, or subsequent to, a non-covered service.",Katherine Higgins,rhaildev,Active,RARC,Katherine Higgins,,2025-01-13T19:14:15Z,,Katherine Higgins,,2025-01-22T23:21:55Z,,,Active,,,31491399,f3c55993-e2d1-ef11-8eea-6045bd01b467,72ea4760-2f38-ef11-840a-6045bd03203c,,72ea4760-2f38-ef11-840a-6045bd03203c,,72ea4760-2f38-ef11-840a-6045bd03203c,dc5c7cb8-6921-ef11-840b-0022480a10b0,
N357,Time frame requirements between this service/procedure/supply and a related service/procedure/supply have not been met.,Katherine Higgins,rhaildev,Active,RARC,Katherine Higgins,,2025-01-13T19:14:15Z,,Katherine Higgins,,2025-01-22T23:21:58Z,,,Active,,,31491401,f4c55993-e2d1-ef11-8eea-6045bd01b467,72ea4760-2f38-ef11-840a-6045bd03203c,,72ea4760-2f38-ef11-840a-6045bd03203c,,72ea4760-2f38-ef11-840a-6045bd03203c,dc5c7cb8-6921-ef11-840b-0022480a10b0,
N358,Alert: This decision may be reviewed if additional documentation as described in the contract or plan benefit documents is submitted.,Katherine Higgins,rhaildev,Active,RARC,Katherine Higgins,,2025-01-13T19:14:15Z,,Katherine Higgins,,2025-01-22T23:22:04Z,,,Active,,,31491403,f5c55993-e2d1-ef11-8eea-6045bd01b467,72ea4760-2f38-ef11-840a-6045bd03203c,,72ea4760-2f38-ef11-840a-6045bd03203c,,72ea4760-2f38-ef11-840a-6045bd03203c,dc5c7cb8-6921-ef11-840b-0022480a10b0,
N359,Missing/incomplete/invalid height.,Katherine Higgins,rhaildev,Active,RARC,Katherine Higgins,,2025-01-13T19:14:15Z,,Katherine Higgins,,2025-01-22T23:22:08Z,,,Active,,,31491405,f6c55993-e2d1-ef11-8eea-6045bd01b467,72ea4760-2f38-ef11-840a-6045bd03203c,,72ea4760-2f38-ef11-840a-6045bd03203c,,72ea4760-2f38-ef11-840a-6045bd03203c,dc5c7cb8-6921-ef11-840b-0022480a10b0,
N360,Alert: Coordination of benefits has not been calculated when estimating benefits for this pre-determination. Submit payment information from the primary payer with the secondary claim.,Katherine Higgins,rhaildev,Active,RARC,Katherine Higgins,,2025-01-13T19:14:15Z,,Katherine Higgins,,2025-01-22T23:22:17Z,,,Active,,,31491408,f7c55993-e2d1-ef11-8eea-6045bd01b467,72ea4760-2f38-ef11-840a-6045bd03203c,,72ea4760-2f38-ef11-840a-6045bd03203c,,72ea4760-2f38-ef11-840a-6045bd03203c,dc5c7cb8-6921-ef11-840b-0022480a10b0,
N362,The number of Days or Units of Service exceeds our acceptable maximum.,Katherine Higgins,rhaildev,Active,RARC,Katherine Higgins,,2025-01-13T19:14:15Z,,Katherine Higgins,,2025-01-22T23:22:21Z,,,Active,,,31491410,f8c55993-e2d1-ef11-8eea-6045bd01b467,72ea4760-2f38-ef11-840a-6045bd03203c,,72ea4760-2f38-ef11-840a-6045bd03203c,,72ea4760-2f38-ef11-840a-6045bd03203c,dc5c7cb8-6921-ef11-840b-0022480a10b0,
N363,"Alert: in the near future we are implementing new policies/procedures that would affect this determination.
Notes: (Modified 4/1/07)",Katherine Higgins,rhaildev,Active,RARC,Katherine Higgins,,2025-01-13T19:14:15Z,,Katherine Higgins,,2025-01-22T23:22:25Z,,,Active,,,31491412,f9c55993-e2d1-ef11-8eea-6045bd01b467,72ea4760-2f38-ef11-840a-6045bd03203c,,72ea4760-2f38-ef11-840a-6045bd03203c,,72ea4760-2f38-ef11-840a-6045bd03203c,dc5c7cb8-6921-ef11-840b-0022480a10b0,
N364,"Alert: According to our agreement, you must waive the deductible and/or coinsurance amounts.
Notes: (Modified 4/1/07)",Katherine Higgins,rhaildev,Active,RARC,Katherine Higgins,,2025-01-13T19:14:15Z,,Katherine Higgins,,2025-01-22T23:22:29Z,,,Active,,,31491414,fac55993-e2d1-ef11-8eea-6045bd01b467,72ea4760-2f38-ef11-840a-6045bd03203c,,72ea4760-2f38-ef11-840a-6045bd03203c,,72ea4760-2f38-ef11-840a-6045bd03203c,dc5c7cb8-6921-ef11-840b-0022480a10b0,
N366,Requested information not provided. The claim will be reopened if the information previously requested is submitted within one year after the date of this denial notice.,Katherine Higgins,rhaildev,Active,RARC,Katherine Higgins,,2025-01-13T19:14:15Z,,Katherine Higgins,,2025-01-22T23:22:36Z,,,Active,,,31491416,fbc55993-e2d1-ef11-8eea-6045bd01b467,72ea4760-2f38-ef11-840a-6045bd03203c,,72ea4760-2f38-ef11-840a-6045bd03203c,,72ea4760-2f38-ef11-840a-6045bd03203c,dc5c7cb8-6921-ef11-840b-0022480a10b0,
N367,"Alert: The claim information has been forwarded to a Consumer Spending Account processor for review; for example, flexible spending account or health savings account.",Katherine Higgins,rhaildev,Active,RARC,Katherine Higgins,,2025-01-13T19:14:15Z,,Katherine Higgins,,2025-01-22T23:22:43Z,,,Active,,,31491418,fcc55993-e2d1-ef11-8eea-6045bd01b467,72ea4760-2f38-ef11-840a-6045bd03203c,,72ea4760-2f38-ef11-840a-6045bd03203c,,72ea4760-2f38-ef11-840a-6045bd03203c,dc5c7cb8-6921-ef11-840b-0022480a10b0,
N368,You must appeal the determination of the previously adjudicated claim.,Katherine Higgins,rhaildev,Active,RARC,Katherine Higgins,,2025-01-13T19:14:15Z,,Katherine Higgins,,2025-01-22T23:22:46Z,,,Active,,,31491420,fdc55993-e2d1-ef11-8eea-6045bd01b467,72ea4760-2f38-ef11-840a-6045bd03203c,,72ea4760-2f38-ef11-840a-6045bd03203c,,72ea4760-2f38-ef11-840a-6045bd03203c,dc5c7cb8-6921-ef11-840b-0022480a10b0,
N369,"Alert: Although this claim has been processed, it is deficient according to state legislation/regulation.",Katherine Higgins,rhaildev,Active,RARC,Katherine Higgins,,2025-01-13T19:14:15Z,,Katherine Higgins,,2025-01-22T23:22:48Z,,,Active,,,31491422,fec55993-e2d1-ef11-8eea-6045bd01b467,72ea4760-2f38-ef11-840a-6045bd03203c,,72ea4760-2f38-ef11-840a-6045bd03203c,,72ea4760-2f38-ef11-840a-6045bd03203c,dc5c7cb8-6921-ef11-840b-0022480a10b0,
N370,Billing exceeds the rental months covered/approved by the payer.,Katherine Higgins,rhaildev,Active,RARC,Katherine Higgins,,2025-01-13T19:14:16Z,,Katherine Higgins,,2025-01-22T23:22:54Z,,,Active,,,31491426,ffc55993-e2d1-ef11-8eea-6045bd01b467,72ea4760-2f38-ef11-840a-6045bd03203c,,72ea4760-2f38-ef11-840a-6045bd03203c,,72ea4760-2f38-ef11-840a-6045bd03203c,dc5c7cb8-6921-ef11-840b-0022480a10b0,
N371,Alert: title of this equipment must be transferred to the patient.,Katherine Higgins,rhaildev,Active,RARC,Katherine Higgins,,2025-01-13T19:14:16Z,,Katherine Higgins,,2025-01-22T23:22:56Z,,,Active,,,31491428,00c65993-e2d1-ef11-8eea-6045bd01b467,72ea4760-2f38-ef11-840a-6045bd03203c,,72ea4760-2f38-ef11-840a-6045bd03203c,,72ea4760-2f38-ef11-840a-6045bd03203c,dc5c7cb8-6921-ef11-840b-0022480a10b0,
N372,Only reasonable and necessary maintenance/service charges are covered.,Katherine Higgins,rhaildev,Active,RARC,Katherine Higgins,,2025-01-13T19:14:16Z,,Katherine Higgins,,2025-01-22T23:22:58Z,,,Active,,,31491430,01c65993-e2d1-ef11-8eea-6045bd01b467,72ea4760-2f38-ef11-840a-6045bd03203c,,72ea4760-2f38-ef11-840a-6045bd03203c,,72ea4760-2f38-ef11-840a-6045bd03203c,dc5c7cb8-6921-ef11-840b-0022480a10b0,
N373,"It has been determined that another payer paid the services as primary when they were not the primary payer. Therefore, we are refunding to the payer that paid as primary on your behalf.",Katherine Higgins,rhaildev,Active,RARC,Katherine Higgins,,2025-01-13T19:14:16Z,,Katherine Higgins,,2025-01-22T23:23:02Z,,,Active,,,31491432,02c65993-e2d1-ef11-8eea-6045bd01b467,72ea4760-2f38-ef11-840a-6045bd03203c,,72ea4760-2f38-ef11-840a-6045bd03203c,,72ea4760-2f38-ef11-840a-6045bd03203c,dc5c7cb8-6921-ef11-840b-0022480a10b0,
N374,Primary Medicare Part A insurance has been exhausted and a Part B Remittance Advice is required.,Katherine Higgins,rhaildev,Active,RARC,Katherine Higgins,,2025-01-13T19:14:16Z,,Katherine Higgins,,2025-01-22T23:23:05Z,,,Active,,,31491434,03c65993-e2d1-ef11-8eea-6045bd01b467,72ea4760-2f38-ef11-840a-6045bd03203c,,72ea4760-2f38-ef11-840a-6045bd03203c,,72ea4760-2f38-ef11-840a-6045bd03203c,dc5c7cb8-6921-ef11-840b-0022480a10b0,
N375,Missing/incomplete/invalid questionnaire/information required to determine dependent eligibility.,Katherine Higgins,rhaildev,Active,RARC,Katherine Higgins,,2025-01-13T19:14:16Z,,Katherine Higgins,,2025-01-22T23:23:08Z,,,Active,,,31491436,04c65993-e2d1-ef11-8eea-6045bd01b467,72ea4760-2f38-ef11-840a-6045bd03203c,,72ea4760-2f38-ef11-840a-6045bd03203c,,72ea4760-2f38-ef11-840a-6045bd03203c,dc5c7cb8-6921-ef11-840b-0022480a10b0,
N376,"Subscriber/patient is assigned to active military duty, therefore primary coverage may be TRICARE.",Katherine Higgins,rhaildev,Active,RARC,Katherine Higgins,,2025-01-13T19:14:16Z,,Katherine Higgins,,2025-01-22T23:23:10Z,,,Active,,,31491438,05c65993-e2d1-ef11-8eea-6045bd01b467,72ea4760-2f38-ef11-840a-6045bd03203c,,72ea4760-2f38-ef11-840a-6045bd03203c,,72ea4760-2f38-ef11-840a-6045bd03203c,dc5c7cb8-6921-ef11-840b-0022480a10b0,
N377,Payment based on a processed replacement claim.,Katherine Higgins,rhaildev,Active,RARC,Katherine Higgins,,2025-01-13T19:14:16Z,,Katherine Higgins,,2025-01-22T23:23:14Z,,,Active,,,31491440,06c65993-e2d1-ef11-8eea-6045bd01b467,72ea4760-2f38-ef11-840a-6045bd03203c,,72ea4760-2f38-ef11-840a-6045bd03203c,,72ea4760-2f38-ef11-840a-6045bd03203c,dc5c7cb8-6921-ef11-840b-0022480a10b0,
N378,Missing/incomplete/invalid prescription quantity.,Katherine Higgins,rhaildev,Active,RARC,Katherine Higgins,,2025-01-13T19:14:16Z,,Katherine Higgins,,2025-01-22T23:23:16Z,,,Active,,,31491442,07c65993-e2d1-ef11-8eea-6045bd01b467,72ea4760-2f38-ef11-840a-6045bd03203c,,72ea4760-2f38-ef11-840a-6045bd03203c,,72ea4760-2f38-ef11-840a-6045bd03203c,dc5c7cb8-6921-ef11-840b-0022480a10b0,
N379,Claim level information does not match line level information.,Katherine Higgins,rhaildev,Active,RARC,Katherine Higgins,,2025-01-13T19:14:16Z,,Katherine Higgins,,2025-01-22T23:23:18Z,,,Active,,,31491444,08c65993-e2d1-ef11-8eea-6045bd01b467,72ea4760-2f38-ef11-840a-6045bd03203c,,72ea4760-2f38-ef11-840a-6045bd03203c,,72ea4760-2f38-ef11-840a-6045bd03203c,dc5c7cb8-6921-ef11-840b-0022480a10b0,
N380,"The original claim has been processed, submit a corrected claim.",Katherine Higgins,rhaildev,Active,RARC,Katherine Higgins,,2025-01-13T19:14:16Z,,Katherine Higgins,,2025-01-22T23:23:22Z,,,Active,,,31491446,09c65993-e2d1-ef11-8eea-6045bd01b467,72ea4760-2f38-ef11-840a-6045bd03203c,,72ea4760-2f38-ef11-840a-6045bd03203c,,72ea4760-2f38-ef11-840a-6045bd03203c,dc5c7cb8-6921-ef11-840b-0022480a10b0,
N381,Alert: Consult our contractual agreement for restrictions/billing/payment information related to these charges.,Katherine Higgins,rhaildev,Active,RARC,Katherine Higgins,,2025-01-13T19:14:16Z,,Katherine Higgins,,2025-01-22T23:23:25Z,,,Active,,,31491448,0ac65993-e2d1-ef11-8eea-6045bd01b467,72ea4760-2f38-ef11-840a-6045bd03203c,,72ea4760-2f38-ef11-840a-6045bd03203c,,72ea4760-2f38-ef11-840a-6045bd03203c,dc5c7cb8-6921-ef11-840b-0022480a10b0,
N382,Missing/incomplete/invalid patient identifier.,Katherine Higgins,rhaildev,Active,RARC,Katherine Higgins,,2025-01-13T19:14:16Z,,Katherine Higgins,,2025-01-22T23:23:28Z,,,Active,,,31491450,0bc65993-e2d1-ef11-8eea-6045bd01b467,72ea4760-2f38-ef11-840a-6045bd03203c,,72ea4760-2f38-ef11-840a-6045bd03203c,,72ea4760-2f38-ef11-840a-6045bd03203c,dc5c7cb8-6921-ef11-840b-0022480a10b0,
N383,Not covered when deemed cosmetic.,Katherine Higgins,rhaildev,Active,RARC,Katherine Higgins,,2025-01-13T19:14:16Z,,Katherine Higgins,,2025-01-22T23:23:32Z,,,Active,,,31491452,0cc65993-e2d1-ef11-8eea-6045bd01b467,72ea4760-2f38-ef11-840a-6045bd03203c,,72ea4760-2f38-ef11-840a-6045bd03203c,,72ea4760-2f38-ef11-840a-6045bd03203c,dc5c7cb8-6921-ef11-840b-0022480a10b0,
N384,Records indicate that the referenced body part/tooth has been removed in a previous procedure.,Katherine Higgins,rhaildev,Active,RARC,Katherine Higgins,,2025-01-13T19:14:16Z,,Katherine Higgins,,2025-01-22T23:23:35Z,,,Active,,,31491454,0dc65993-e2d1-ef11-8eea-6045bd01b467,72ea4760-2f38-ef11-840a-6045bd03203c,,72ea4760-2f38-ef11-840a-6045bd03203c,,72ea4760-2f38-ef11-840a-6045bd03203c,dc5c7cb8-6921-ef11-840b-0022480a10b0,
N385,"Notification of admission was not timely according to published plan procedures.
Notes: (Modified 11/5/07)",Katherine Higgins,rhaildev,Active,RARC,Katherine Higgins,,2025-01-13T19:14:16Z,,Katherine Higgins,,2025-01-22T23:23:42Z,,,Active,,,31491456,0ec65993-e2d1-ef11-8eea-6045bd01b467,72ea4760-2f38-ef11-840a-6045bd03203c,,72ea4760-2f38-ef11-840a-6045bd03203c,,72ea4760-2f38-ef11-840a-6045bd03203c,dc5c7cb8-6921-ef11-840b-0022480a10b0,
N386,"This decision was based on a National Coverage Determination (NCD). An NCD provides a coverage determination as to whether a particular item or service is covered. A copy of this policy is available at www.cms.gov/mcd/search.asp. If you do not have web access, you may contact the contractor to request a copy of the NCD.",Katherine Higgins,rhaildev,Active,RARC,Katherine Higgins,,2025-01-13T19:14:16Z,,Katherine Higgins,,2025-01-22T23:23:48Z,,,Active,,,31491458,0fc65993-e2d1-ef11-8eea-6045bd01b467,72ea4760-2f38-ef11-840a-6045bd03203c,,72ea4760-2f38-ef11-840a-6045bd03203c,,72ea4760-2f38-ef11-840a-6045bd03203c,dc5c7cb8-6921-ef11-840b-0022480a10b0,
N387,Alert: Submit this claim to the patient's other insurer for potential payment of supplemental benefits. We did not forward the claim information.,Katherine Higgins,rhaildev,Active,RARC,Katherine Higgins,,2025-01-13T19:14:16Z,,Katherine Higgins,,2025-01-22T23:23:56Z,,,Active,,,31491460,10c65993-e2d1-ef11-8eea-6045bd01b467,72ea4760-2f38-ef11-840a-6045bd03203c,,72ea4760-2f38-ef11-840a-6045bd03203c,,72ea4760-2f38-ef11-840a-6045bd03203c,dc5c7cb8-6921-ef11-840b-0022480a10b0,
N388,Missing/incomplete/invalid prescription number.,Katherine Higgins,rhaildev,Active,RARC,Katherine Higgins,,2025-01-13T19:14:16Z,,Katherine Higgins,,2025-01-22T23:23:59Z,,,Active,,,31491462,11c65993-e2d1-ef11-8eea-6045bd01b467,72ea4760-2f38-ef11-840a-6045bd03203c,,72ea4760-2f38-ef11-840a-6045bd03203c,,72ea4760-2f38-ef11-840a-6045bd03203c,dc5c7cb8-6921-ef11-840b-0022480a10b0,
N389,Duplicate prescription number submitted.,Katherine Higgins,rhaildev,Active,RARC,Katherine Higgins,,2025-01-13T19:14:16Z,,Katherine Higgins,,2025-01-22T23:24:02Z,,,Active,,,31491464,12c65993-e2d1-ef11-8eea-6045bd01b467,72ea4760-2f38-ef11-840a-6045bd03203c,,72ea4760-2f38-ef11-840a-6045bd03203c,,72ea4760-2f38-ef11-840a-6045bd03203c,dc5c7cb8-6921-ef11-840b-0022480a10b0,
N390,This service/report cannot be billed separately.,Katherine Higgins,rhaildev,Active,RARC,Katherine Higgins,,2025-01-13T19:14:16Z,,Katherine Higgins,,2025-01-22T23:24:18Z,,,Active,,,31491469,13c65993-e2d1-ef11-8eea-6045bd01b467,72ea4760-2f38-ef11-840a-6045bd03203c,,72ea4760-2f38-ef11-840a-6045bd03203c,,72ea4760-2f38-ef11-840a-6045bd03203c,dc5c7cb8-6921-ef11-840b-0022480a10b0,
N391,Missing emergency department records.,Katherine Higgins,rhaildev,Active,RARC,Katherine Higgins,,2025-01-13T19:14:16Z,,Katherine Higgins,,2025-01-22T23:24:22Z,,,Active,,,31491471,14c65993-e2d1-ef11-8eea-6045bd01b467,72ea4760-2f38-ef11-840a-6045bd03203c,,72ea4760-2f38-ef11-840a-6045bd03203c,,72ea4760-2f38-ef11-840a-6045bd03203c,dc5c7cb8-6921-ef11-840b-0022480a10b0,
N392,Incomplete/invalid emergency department records.,Katherine Higgins,rhaildev,Active,RARC,Katherine Higgins,,2025-01-13T19:14:16Z,,Katherine Higgins,,2025-01-22T23:24:27Z,,,Active,,,31491477,15c65993-e2d1-ef11-8eea-6045bd01b467,72ea4760-2f38-ef11-840a-6045bd03203c,,72ea4760-2f38-ef11-840a-6045bd03203c,,72ea4760-2f38-ef11-840a-6045bd03203c,dc5c7cb8-6921-ef11-840b-0022480a10b0,
N393,Missing progress notes/report.,Katherine Higgins,rhaildev,Active,RARC,Katherine Higgins,,2025-01-13T19:14:16Z,,Katherine Higgins,,2025-01-22T23:24:35Z,,,Active,,,31491479,16c65993-e2d1-ef11-8eea-6045bd01b467,72ea4760-2f38-ef11-840a-6045bd03203c,,72ea4760-2f38-ef11-840a-6045bd03203c,,72ea4760-2f38-ef11-840a-6045bd03203c,dc5c7cb8-6921-ef11-840b-0022480a10b0,
N394,Incomplete/invalid progress notes/report.,Katherine Higgins,rhaildev,Active,RARC,Katherine Higgins,,2025-01-13T19:14:16Z,,Katherine Higgins,,2025-01-22T23:24:41Z,,,Active,,,31491481,17c65993-e2d1-ef11-8eea-6045bd01b467,72ea4760-2f38-ef11-840a-6045bd03203c,,72ea4760-2f38-ef11-840a-6045bd03203c,,72ea4760-2f38-ef11-840a-6045bd03203c,dc5c7cb8-6921-ef11-840b-0022480a10b0,
N395,Missing laboratory report.,Katherine Higgins,rhaildev,Active,RARC,Katherine Higgins,,2025-01-13T19:14:16Z,,Katherine Higgins,,2025-01-22T23:24:44Z,,,Active,,,31491483,18c65993-e2d1-ef11-8eea-6045bd01b467,72ea4760-2f38-ef11-840a-6045bd03203c,,72ea4760-2f38-ef11-840a-6045bd03203c,,72ea4760-2f38-ef11-840a-6045bd03203c,dc5c7cb8-6921-ef11-840b-0022480a10b0,
N396,Incomplete/invalid laboratory report.,Katherine Higgins,rhaildev,Active,RARC,Katherine Higgins,,2025-01-13T19:14:16Z,,Katherine Higgins,,2025-01-22T23:24:48Z,,,Active,,,31491485,19c65993-e2d1-ef11-8eea-6045bd01b467,72ea4760-2f38-ef11-840a-6045bd03203c,,72ea4760-2f38-ef11-840a-6045bd03203c,,72ea4760-2f38-ef11-840a-6045bd03203c,dc5c7cb8-6921-ef11-840b-0022480a10b0,
N397,Benefits are not available for incomplete service(s)/undelivered item(s).,Katherine Higgins,rhaildev,Active,RARC,Katherine Higgins,,2025-01-13T19:14:16Z,,Katherine Higgins,,2025-01-22T23:24:52Z,,,Active,,,31491487,1ac65993-e2d1-ef11-8eea-6045bd01b467,72ea4760-2f38-ef11-840a-6045bd03203c,,72ea4760-2f38-ef11-840a-6045bd03203c,,72ea4760-2f38-ef11-840a-6045bd03203c,dc5c7cb8-6921-ef11-840b-0022480a10b0,
N398,Missing elective consent form.,Katherine Higgins,rhaildev,Active,RARC,Katherine Higgins,,2025-01-13T19:14:16Z,,Katherine Higgins,,2025-01-22T23:24:55Z,,,Active,,,31491489,1bc65993-e2d1-ef11-8eea-6045bd01b467,72ea4760-2f38-ef11-840a-6045bd03203c,,72ea4760-2f38-ef11-840a-6045bd03203c,,72ea4760-2f38-ef11-840a-6045bd03203c,dc5c7cb8-6921-ef11-840b-0022480a10b0,
201,"Patient is responsible for amount of this claim/service through 'set aside arrangement' or other agreement. (Use only with Group Code PR) At least one Remark Code must be provided (may be comprised of either the NCPDP Reject Reason Code, or Remittance Advice Remark Code that is not an ALERT.)",Katherine Higgins,rhaildev,Active,CARC,Katherine Higgins,,2025-01-13T19:13:58Z,,Katherine Higgins,,2025-01-22T19:43:42Z,,,Active,,,31487368,09b87986-e2d1-ef11-8eea-6045bd02ffaa,72ea4760-2f38-ef11-840a-6045bd03203c,,72ea4760-2f38-ef11-840a-6045bd03203c,,72ea4760-2f38-ef11-840a-6045bd03203c,dc5c7cb8-6921-ef11-840b-0022480a10b0,
202,Non-covered personal comfort or convenience services.,Katherine Higgins,rhaildev,Active,CARC,Katherine Higgins,,2025-01-13T19:13:58Z,,Katherine Higgins,,2025-01-22T19:43:45Z,,,Active,,,31487370,0ab87986-e2d1-ef11-8eea-6045bd02ffaa,72ea4760-2f38-ef11-840a-6045bd03203c,,72ea4760-2f38-ef11-840a-6045bd03203c,,72ea4760-2f38-ef11-840a-6045bd03203c,dc5c7cb8-6921-ef11-840b-0022480a10b0,
203,Discontinued or reduced service.,Katherine Higgins,rhaildev,Active,CARC,Katherine Higgins,,2025-01-13T19:13:58Z,,Katherine Higgins,,2025-01-22T19:43:47Z,,,Active,,,31487372,0bb87986-e2d1-ef11-8eea-6045bd02ffaa,72ea4760-2f38-ef11-840a-6045bd03203c,,72ea4760-2f38-ef11-840a-6045bd03203c,,72ea4760-2f38-ef11-840a-6045bd03203c,dc5c7cb8-6921-ef11-840b-0022480a10b0,
204,This service/equipment/drug is not covered under the patient's current benefit plan,Katherine Higgins,rhaildev,Active,CARC,Katherine Higgins,,2025-01-13T19:13:58Z,,Katherine Higgins,,2025-01-22T19:43:50Z,,,Active,,,31487374,0cb87986-e2d1-ef11-8eea-6045bd02ffaa,72ea4760-2f38-ef11-840a-6045bd03203c,,72ea4760-2f38-ef11-840a-6045bd03203c,,72ea4760-2f38-ef11-840a-6045bd03203c,dc5c7cb8-6921-ef11-840b-0022480a10b0,
205,Pharmacy discount card processing fee,Katherine Higgins,rhaildev,Active,CARC,Katherine Higgins,,2025-01-13T19:13:58Z,,Katherine Higgins,,2025-01-22T19:43:55Z,,,Active,,,31487376,0db87986-e2d1-ef11-8eea-6045bd02ffaa,72ea4760-2f38-ef11-840a-6045bd03203c,,72ea4760-2f38-ef11-840a-6045bd03203c,,72ea4760-2f38-ef11-840a-6045bd03203c,dc5c7cb8-6921-ef11-840b-0022480a10b0,
206,National Provider Identifier - missing.,Katherine Higgins,rhaildev,Active,CARC,Katherine Higgins,,2025-01-13T19:13:58Z,,Katherine Higgins,,2025-01-22T19:43:57Z,,,Active,,,31487378,0eb87986-e2d1-ef11-8eea-6045bd02ffaa,72ea4760-2f38-ef11-840a-6045bd03203c,,72ea4760-2f38-ef11-840a-6045bd03203c,,72ea4760-2f38-ef11-840a-6045bd03203c,dc5c7cb8-6921-ef11-840b-0022480a10b0,
207,National Provider identifier - Invalid format,Katherine Higgins,rhaildev,Active,CARC,Katherine Higgins,,2025-01-13T19:13:58Z,,Katherine Higgins,,2025-01-22T19:44:00Z,,,Active,,,31487380,0fb87986-e2d1-ef11-8eea-6045bd02ffaa,72ea4760-2f38-ef11-840a-6045bd03203c,,72ea4760-2f38-ef11-840a-6045bd03203c,,72ea4760-2f38-ef11-840a-6045bd03203c,dc5c7cb8-6921-ef11-840b-0022480a10b0,
208,National Provider Identifier - Not matched.,Katherine Higgins,rhaildev,Active,CARC,Katherine Higgins,,2025-01-13T19:13:58Z,,Katherine Higgins,,2025-01-22T19:44:05Z,,,Active,,,31487382,10b87986-e2d1-ef11-8eea-6045bd02ffaa,72ea4760-2f38-ef11-840a-6045bd03203c,,72ea4760-2f38-ef11-840a-6045bd03203c,,72ea4760-2f38-ef11-840a-6045bd03203c,dc5c7cb8-6921-ef11-840b-0022480a10b0,
209,"Per regulatory or other agreement. The provider cannot collect this amount from the patient. However, this amount may be billed to subsequent payer. Refund to patient if collected. (Use only with Group code OA)",Katherine Higgins,rhaildev,Active,CARC,Katherine Higgins,,2025-01-13T19:13:58Z,,Katherine Higgins,,2025-01-22T19:44:09Z,,,Active,,,31487423,11b87986-e2d1-ef11-8eea-6045bd02ffaa,72ea4760-2f38-ef11-840a-6045bd03203c,,72ea4760-2f38-ef11-840a-6045bd03203c,,72ea4760-2f38-ef11-840a-6045bd03203c,dc5c7cb8-6921-ef11-840b-0022480a10b0,
210,Payment adjusted because pre-certification/authorization not received in a timely fashion,Katherine Higgins,rhaildev,Active,CARC,Katherine Higgins,,2025-01-13T19:13:58Z,,Katherine Higgins,,2025-01-22T19:44:15Z,,,Active,,,31487427,13b87986-e2d1-ef11-8eea-6045bd02ffaa,72ea4760-2f38-ef11-840a-6045bd03203c,,72ea4760-2f38-ef11-840a-6045bd03203c,,72ea4760-2f38-ef11-840a-6045bd03203c,dc5c7cb8-6921-ef11-840b-0022480a10b0,
211,"National Drug Codes (NDC) not eligible for rebate, are not covered.",Katherine Higgins,rhaildev,Active,CARC,Katherine Higgins,,2025-01-13T19:13:58Z,,Katherine Higgins,,2025-01-22T19:44:18Z,,,Active,,,31487469,16b87986-e2d1-ef11-8eea-6045bd02ffaa,72ea4760-2f38-ef11-840a-6045bd03203c,,72ea4760-2f38-ef11-840a-6045bd03203c,,72ea4760-2f38-ef11-840a-6045bd03203c,dc5c7cb8-6921-ef11-840b-0022480a10b0,
212,Administrative surcharges are not covered,Katherine Higgins,rhaildev,Active,CARC,Katherine Higgins,,2025-01-13T19:13:58Z,,Katherine Higgins,,2025-01-22T19:44:21Z,,,Active,,,31487592,18b87986-e2d1-ef11-8eea-6045bd02ffaa,72ea4760-2f38-ef11-840a-6045bd03203c,,72ea4760-2f38-ef11-840a-6045bd03203c,,72ea4760-2f38-ef11-840a-6045bd03203c,dc5c7cb8-6921-ef11-840b-0022480a10b0,
213,Non-compliance with the physician self referral prohibition legislation or payer policy.,Katherine Higgins,rhaildev,Active,CARC,Katherine Higgins,,2025-01-13T19:13:58Z,,Katherine Higgins,,2025-01-22T19:44:25Z,,,Active,,,31487714,19b87986-e2d1-ef11-8eea-6045bd02ffaa,72ea4760-2f38-ef11-840a-6045bd03203c,,72ea4760-2f38-ef11-840a-6045bd03203c,,72ea4760-2f38-ef11-840a-6045bd03203c,dc5c7cb8-6921-ef11-840b-0022480a10b0,
214,"Workers' Compensation claim adjudicated as non-compensable. This Payer not liable for claim or service/treatment. Note: If adjustment is at the Claim Level, the payer must send and the provider should refer to the 835 Insurance Policy Number Segment (Loop 2100 Other Claim Related Information REF qualifier 'IG') for the jurisdictional regulation. If adjustment is at the Line Level, the payer must send and the provider should refer to the 835 Healthcare Policy Identification Segment (loop 2110 Service Payment information REF). To be used for Workers' Compensation only",Katherine Higgins,rhaildev,Active,CARC,Katherine Higgins,,2025-01-13T19:13:58Z,,Katherine Higgins,,2025-01-22T19:44:36Z,,,Active,,,31487951,1ab87986-e2d1-ef11-8eea-6045bd02ffaa,72ea4760-2f38-ef11-840a-6045bd03203c,,72ea4760-2f38-ef11-840a-6045bd03203c,,72ea4760-2f38-ef11-840a-6045bd03203c,dc5c7cb8-6921-ef11-840b-0022480a10b0,
215,Based on subrogation of a third party settlement,Katherine Higgins,rhaildev,Active,CARC,Katherine Higgins,,2025-01-13T19:13:58Z,,Katherine Higgins,,2025-01-22T19:44:40Z,,,Active,,,31487976,1cb87986-e2d1-ef11-8eea-6045bd02ffaa,72ea4760-2f38-ef11-840a-6045bd03203c,,72ea4760-2f38-ef11-840a-6045bd03203c,,72ea4760-2f38-ef11-840a-6045bd03203c,dc5c7cb8-6921-ef11-840b-0022480a10b0,
216,Based on the findings of a review organization,Katherine Higgins,rhaildev,Active,CARC,Katherine Higgins,,2025-01-13T19:13:58Z,,Katherine Higgins,,2025-01-22T19:44:43Z,,,Active,,,31487992,1db87986-e2d1-ef11-8eea-6045bd02ffaa,72ea4760-2f38-ef11-840a-6045bd03203c,,72ea4760-2f38-ef11-840a-6045bd03203c,,72ea4760-2f38-ef11-840a-6045bd03203c,dc5c7cb8-6921-ef11-840b-0022480a10b0,
217,Based on payer reasonable and customary fees. No maximum allowable defined by legislated fee arrangement. (Note: To be used for Property and Casualty only),Katherine Higgins,rhaildev,Active,CARC,Katherine Higgins,,2025-01-13T19:13:58Z,,Katherine Higgins,,2025-01-22T19:44:46Z,,,Active,,,31487994,1eb87986-e2d1-ef11-8eea-6045bd02ffaa,72ea4760-2f38-ef11-840a-6045bd03203c,,72ea4760-2f38-ef11-840a-6045bd03203c,,72ea4760-2f38-ef11-840a-6045bd03203c,dc5c7cb8-6921-ef11-840b-0022480a10b0,
218,"Based on entitlement to benefits. Note: If adjustment is at the Claim Level, the payer must send and the provider should refer to the 835 Insurance Policy Number Segment (Loop 2100 Other Claim Related Information REF qualifier 'IG') for the jurisdictional regulation. If adjustment is at the Line Level, the payer must send and the provider should refer to the 835 Healthcare Policy Identification Segment (loop 2110 Service Payment information REF). To be used for Workers' Compensation only",Katherine Higgins,rhaildev,Active,CARC,Katherine Higgins,,2025-01-13T19:13:58Z,,Katherine Higgins,,2025-01-22T19:45:00Z,,,Active,,,31488007,22b87986-e2d1-ef11-8eea-6045bd02ffaa,72ea4760-2f38-ef11-840a-6045bd03203c,,72ea4760-2f38-ef11-840a-6045bd03203c,,72ea4760-2f38-ef11-840a-6045bd03203c,dc5c7cb8-6921-ef11-840b-0022480a10b0,
219,"Based on extent of injury. Usage: If adjustment is at the Claim Level, the payer must send and the provider should refer to the 835 Insurance Policy Number Segment (Loop 2100 Other Claim Related Information REF qualifier 'IG') for the jurisdictional regulation. If adjustment is at the Line Level, the payer must send and the provider should refer to the 835 Healthcare Policy Identification Segment (loop 2110 Service Payment information REF).",Katherine Higgins,rhaildev,Active,CARC,Katherine Higgins,,2025-01-13T19:13:58Z,,Katherine Higgins,,2025-01-22T19:45:38Z,,,Active,,,31488047,27b87986-e2d1-ef11-8eea-6045bd02ffaa,72ea4760-2f38-ef11-840a-6045bd03203c,,72ea4760-2f38-ef11-840a-6045bd03203c,,72ea4760-2f38-ef11-840a-6045bd03203c,dc5c7cb8-6921-ef11-840b-0022480a10b0,
220,The applicable fee schedule/fee database does not contain the billed code. Please resubmit a bill with the appropriate fee schedule/fee database code(s) that best describe the service(s) provided and supporting documentation if required. (Note: To be used for Property and Casualty only),Katherine Higgins,rhaildev,Active,CARC,Katherine Higgins,,2025-01-13T19:13:58Z,,Katherine Higgins,,2025-01-22T19:45:46Z,,,Active,,,31488051,29b87986-e2d1-ef11-8eea-6045bd02ffaa,72ea4760-2f38-ef11-840a-6045bd03203c,,72ea4760-2f38-ef11-840a-6045bd03203c,,72ea4760-2f38-ef11-840a-6045bd03203c,dc5c7cb8-6921-ef11-840b-0022480a10b0,
221,"Claim is under investigation. Note: If adjustment is at the Claim Level, the payer must send and the provider should refer to the 835 Insurance Policy Number Segment (Loop 2100 Other Claim Related Information REF qualifier 'IG') for the jurisdictional regulation. If adjustment is at the Line Level, the payer must send and the provider should refer to the 835 Healthcare Policy Identification Segment (loop 2110 Service Payment information REF). (Note: To be used by Property & Casualty only)",Katherine Higgins,rhaildev,Active,CARC,Katherine Higgins,,2025-01-13T19:13:58Z,,Katherine Higgins,,2025-01-22T19:45:55Z,,,Active,,,31488053,2bb87986-e2d1-ef11-8eea-6045bd02ffaa,72ea4760-2f38-ef11-840a-6045bd03203c,,72ea4760-2f38-ef11-840a-6045bd03203c,,72ea4760-2f38-ef11-840a-6045bd03203c,dc5c7cb8-6921-ef11-840b-0022480a10b0,
222,"Exceeds the contracted maximum number of hours/days/units by this provider for this period. This is not patient specific. Usage: Refer to the 835 Healthcare Policy Identification Segment (loop 2110 Service Payment Information REF), if present.",Katherine Higgins,rhaildev,Active,CARC,Katherine Higgins,,2025-01-13T19:13:58Z,,Katherine Higgins,,2025-01-22T19:46:00Z,,,Active,,,31488055,2cb87986-e2d1-ef11-8eea-6045bd02ffaa,72ea4760-2f38-ef11-840a-6045bd03203c,,72ea4760-2f38-ef11-840a-6045bd03203c,,72ea4760-2f38-ef11-840a-6045bd03203c,dc5c7cb8-6921-ef11-840b-0022480a10b0,
223,"Adjustment code for mandated federal, state or local law/regulation that is not already covered by another code and is mandated before a new code can be created.",Katherine Higgins,rhaildev,Active,CARC,Katherine Higgins,,2025-01-13T19:13:58Z,,Katherine Higgins,,2025-01-22T19:46:03Z,,,Active,,,31488057,2db87986-e2d1-ef11-8eea-6045bd02ffaa,72ea4760-2f38-ef11-840a-6045bd03203c,,72ea4760-2f38-ef11-840a-6045bd03203c,,72ea4760-2f38-ef11-840a-6045bd03203c,dc5c7cb8-6921-ef11-840b-0022480a10b0,
224,Patient identification compromised by identity theft. Identity verification required for processing this and future claims.,Katherine Higgins,rhaildev,Active,CARC,Katherine Higgins,,2025-01-13T19:13:58Z,,Katherine Higgins,,2025-01-22T19:46:06Z,,,Active,,,31488059,2fb87986-e2d1-ef11-8eea-6045bd02ffaa,72ea4760-2f38-ef11-840a-6045bd03203c,,72ea4760-2f38-ef11-840a-6045bd03203c,,72ea4760-2f38-ef11-840a-6045bd03203c,dc5c7cb8-6921-ef11-840b-0022480a10b0,
225,Penalty or Interest Payment by Payer (Only used for plan to plan encounter reporting within the 837),Katherine Higgins,rhaildev,Active,CARC,Katherine Higgins,,2025-01-13T19:13:58Z,,Katherine Higgins,,2025-01-22T19:46:09Z,,,Active,,,31488061,31b87986-e2d1-ef11-8eea-6045bd02ffaa,72ea4760-2f38-ef11-840a-6045bd03203c,,72ea4760-2f38-ef11-840a-6045bd03203c,,72ea4760-2f38-ef11-840a-6045bd03203c,dc5c7cb8-6921-ef11-840b-0022480a10b0,
226,"Information requested from the Billing/Rendering Provider was not provided or not provided timely or was insufficient/incomplete. At least one Remark Code must be provided (may be comprised of either the NCPDP Reject Reason Code, or Remittance Advice Remark Code that is not an ALERT.)",Katherine Higgins,rhaildev,Active,CARC,Katherine Higgins,,2025-01-13T19:13:58Z,,Katherine Higgins,,2025-01-22T19:46:13Z,,,Active,,,31488063,34b87986-e2d1-ef11-8eea-6045bd02ffaa,72ea4760-2f38-ef11-840a-6045bd03203c,,72ea4760-2f38-ef11-840a-6045bd03203c,,72ea4760-2f38-ef11-840a-6045bd03203c,dc5c7cb8-6921-ef11-840b-0022480a10b0,
227,"Information requested from the patient/insured/responsible party was not provided or was insufficient/incomplete. At least one Remark Code must be provided (may be comprised of either the NCPDP Reject Reason Code, or Remittance Advice Remark Code that is not an ALERT.)",Katherine Higgins,rhaildev,Active,CARC,Katherine Higgins,,2025-01-13T19:13:58Z,,Katherine Higgins,,2025-01-22T19:46:20Z,,,Active,,,31488065,39b87986-e2d1-ef11-8eea-6045bd02ffaa,72ea4760-2f38-ef11-840a-6045bd03203c,,72ea4760-2f38-ef11-840a-6045bd03203c,,72ea4760-2f38-ef11-840a-6045bd03203c,dc5c7cb8-6921-ef11-840b-0022480a10b0,
228,"Denied for failure of this provider, another provider or the subscriber to supply requested information to a previous payer for their adjudication",Katherine Higgins,rhaildev,Active,CARC,Katherine Higgins,,2025-01-13T19:13:58Z,,Katherine Higgins,,2025-01-22T19:46:52Z,,,Active,,,31488071,3cb87986-e2d1-ef11-8eea-6045bd02ffaa,72ea4760-2f38-ef11-840a-6045bd03203c,,72ea4760-2f38-ef11-840a-6045bd03203c,,72ea4760-2f38-ef11-840a-6045bd03203c,dc5c7cb8-6921-ef11-840b-0022480a10b0,
229,Partial charge amount not considered by Medicare due to the initial claim Type of Bill being 12X. Usage: This code can only be used in the 837 transaction to convey Coordination of Benefits information when the secondary payer's cost avoidance policy allows providers to bypass claim submission to a prior payer. (Use only with Group Code PR),Katherine Higgins,rhaildev,Active,CARC,Katherine Higgins,,2025-01-13T19:13:58Z,,Katherine Higgins,,2025-01-22T19:46:59Z,,,Active,,,31488073,3db87986-e2d1-ef11-8eea-6045bd02ffaa,72ea4760-2f38-ef11-840a-6045bd03203c,,72ea4760-2f38-ef11-840a-6045bd03203c,,72ea4760-2f38-ef11-840a-6045bd03203c,dc5c7cb8-6921-ef11-840b-0022480a10b0,
230,No available or correlating CPT/HCPCS code to describe this service. Note: Used only by Property and Casualty.,Katherine Higgins,rhaildev,Active,CARC,Katherine Higgins,,2025-01-13T19:13:58Z,,Katherine Higgins,,2025-01-22T19:47:08Z,,,Active,,,31488077,3fb87986-e2d1-ef11-8eea-6045bd02ffaa,72ea4760-2f38-ef11-840a-6045bd03203c,,72ea4760-2f38-ef11-840a-6045bd03203c,,72ea4760-2f38-ef11-840a-6045bd03203c,dc5c7cb8-6921-ef11-840b-0022480a10b0,
231,"Mutually exclusive procedures cannot be done in the same day/setting. Usage: Refer to the 835 Healthcare Policy Identification Segment (loop 2110 Service Payment Information REF), if present.",Katherine Higgins,rhaildev,Active,CARC,Katherine Higgins,,2025-01-13T19:13:58Z,,Katherine Higgins,,2025-01-22T19:47:14Z,,,Active,,,31488079,41b87986-e2d1-ef11-8eea-6045bd02ffaa,72ea4760-2f38-ef11-840a-6045bd03203c,,72ea4760-2f38-ef11-840a-6045bd03203c,,72ea4760-2f38-ef11-840a-6045bd03203c,dc5c7cb8-6921-ef11-840b-0022480a10b0,
232,Institutional Transfer Amount. Usage: Applies to institutional claims only and explains the DRG amount difference when the patient care crosses multiple institutions.,Katherine Higgins,rhaildev,Active,CARC,Katherine Higgins,,2025-01-13T19:13:58Z,,Katherine Higgins,,2025-01-22T19:47:27Z,,,Active,,,31488081,43b87986-e2d1-ef11-8eea-6045bd02ffaa,72ea4760-2f38-ef11-840a-6045bd03203c,,72ea4760-2f38-ef11-840a-6045bd03203c,,72ea4760-2f38-ef11-840a-6045bd03203c,dc5c7cb8-6921-ef11-840b-0022480a10b0,
233,Services/charges related to the treatment of a hospital-acquired condition or preventable medical error.,Katherine Higgins,rhaildev,Active,CARC,Katherine Higgins,,2025-01-13T19:13:58Z,,Katherine Higgins,,2025-01-22T19:47:31Z,,,Active,,,31488083,45b87986-e2d1-ef11-8eea-6045bd02ffaa,72ea4760-2f38-ef11-840a-6045bd03203c,,72ea4760-2f38-ef11-840a-6045bd03203c,,72ea4760-2f38-ef11-840a-6045bd03203c,dc5c7cb8-6921-ef11-840b-0022480a10b0,
234,"This procedure is not paid separately. At least one Remark Code must be provided (may be comprised of either the NCPDP Reject Reason Code, or Remittance Advice Remark Code that is not an ALERT.)",Katherine Higgins,rhaildev,Active,CARC,Katherine Higgins,,2025-01-13T19:13:58Z,,Katherine Higgins,,2025-01-22T19:47:35Z,,,Active,,,31488085,47b87986-e2d1-ef11-8eea-6045bd02ffaa,72ea4760-2f38-ef11-840a-6045bd03203c,,72ea4760-2f38-ef11-840a-6045bd03203c,,72ea4760-2f38-ef11-840a-6045bd03203c,dc5c7cb8-6921-ef11-840b-0022480a10b0,
235,Sales Tax,Katherine Higgins,rhaildev,Active,CARC,Katherine Higgins,,2025-01-13T19:13:58Z,,Katherine Higgins,,2025-01-22T19:47:38Z,,,Active,,,31488087,48b87986-e2d1-ef11-8eea-6045bd02ffaa,72ea4760-2f38-ef11-840a-6045bd03203c,,72ea4760-2f38-ef11-840a-6045bd03203c,,72ea4760-2f38-ef11-840a-6045bd03203c,dc5c7cb8-6921-ef11-840b-0022480a10b0,
236,This procedure or procedure/modifier combination is not compatible with another procedure or procedure/modifier combination provided on the same day according to the National Correct Coding Initiative or workers compensation state regulations/ fee schedule requirements.,Katherine Higgins,rhaildev,Active,CARC,Katherine Higgins,,2025-01-13T19:13:58Z,,Katherine Higgins,,2025-01-22T19:47:43Z,,,Active,,,31488089,49b87986-e2d1-ef11-8eea-6045bd02ffaa,72ea4760-2f38-ef11-840a-6045bd03203c,,72ea4760-2f38-ef11-840a-6045bd03203c,,72ea4760-2f38-ef11-840a-6045bd03203c,dc5c7cb8-6921-ef11-840b-0022480a10b0,
237,"Legislated/Regulatory Penalty. At least one Remark Code must be provided (may be comprised of either the NCPDP Reject Reason Code, or Remittance Advice Remark Code that is not an ALERT.)",Katherine Higgins,rhaildev,Active,CARC,Katherine Higgins,,2025-01-13T19:13:58Z,,Katherine Higgins,,2025-01-22T19:47:49Z,,,Active,,,31488095,4ab87986-e2d1-ef11-8eea-6045bd02ffaa,72ea4760-2f38-ef11-840a-6045bd03203c,,72ea4760-2f38-ef11-840a-6045bd03203c,,72ea4760-2f38-ef11-840a-6045bd03203c,dc5c7cb8-6921-ef11-840b-0022480a10b0,
238,"Claim spans eligible and ineligible periods of coverage, this is the reduction for the ineligible period. (Use only with Group Code PR)",Katherine Higgins,rhaildev,Active,CARC,Katherine Higgins,,2025-01-13T19:13:58Z,,Katherine Higgins,,2025-01-22T19:47:52Z,,,Active,,,31488097,4bb87986-e2d1-ef11-8eea-6045bd02ffaa,72ea4760-2f38-ef11-840a-6045bd03203c,,72ea4760-2f38-ef11-840a-6045bd03203c,,72ea4760-2f38-ef11-840a-6045bd03203c,dc5c7cb8-6921-ef11-840b-0022480a10b0,
239,Claim spans eligible and ineligible periods of coverage. Rebill separate claims.,Katherine Higgins,rhaildev,Active,CARC,Katherine Higgins,,2025-01-13T19:13:58Z,,Katherine Higgins,,2025-01-22T19:47:56Z,,,Active,,,31488099,4cb87986-e2d1-ef11-8eea-6045bd02ffaa,72ea4760-2f38-ef11-840a-6045bd03203c,,72ea4760-2f38-ef11-840a-6045bd03203c,,72ea4760-2f38-ef11-840a-6045bd03203c,dc5c7cb8-6921-ef11-840b-0022480a10b0,
240,"The diagnosis is inconsistent with the patient's birth weight. Usage: Refer to the 835 Healthcare Policy Identification Segment (loop 2110 Service Payment Information REF), if present.",Katherine Higgins,rhaildev,Active,CARC,Katherine Higgins,,2025-01-13T19:13:58Z,,Katherine Higgins,,2025-01-22T19:48:03Z,,,Active,,,31488103,4db87986-e2d1-ef11-8eea-6045bd02ffaa,72ea4760-2f38-ef11-840a-6045bd03203c,,72ea4760-2f38-ef11-840a-6045bd03203c,,72ea4760-2f38-ef11-840a-6045bd03203c,dc5c7cb8-6921-ef11-840b-0022480a10b0,
241,Low Income Subsidy (LIS) Co-payment Amount,Katherine Higgins,rhaildev,Active,CARC,Katherine Higgins,,2025-01-13T19:13:59Z,,Katherine Higgins,,2025-01-22T19:48:06Z,,,Active,,,31488105,4eb87986-e2d1-ef11-8eea-6045bd02ffaa,72ea4760-2f38-ef11-840a-6045bd03203c,,72ea4760-2f38-ef11-840a-6045bd03203c,,72ea4760-2f38-ef11-840a-6045bd03203c,dc5c7cb8-6921-ef11-840b-0022480a10b0,
242,Services not provided by network/primary care providers.,Katherine Higgins,rhaildev,Active,CARC,Katherine Higgins,,2025-01-13T19:13:59Z,,Katherine Higgins,,2025-01-22T19:48:10Z,,,Active,,,31488107,4fb87986-e2d1-ef11-8eea-6045bd02ffaa,72ea4760-2f38-ef11-840a-6045bd03203c,,72ea4760-2f38-ef11-840a-6045bd03203c,,72ea4760-2f38-ef11-840a-6045bd03203c,dc5c7cb8-6921-ef11-840b-0022480a10b0,
243,Services not authorized by network/primary care providers.,Katherine Higgins,rhaildev,Active,CARC,Katherine Higgins,,2025-01-13T19:13:59Z,,Katherine Higgins,,2025-01-22T19:48:13Z,,,Active,,,31488109,50b87986-e2d1-ef11-8eea-6045bd02ffaa,72ea4760-2f38-ef11-840a-6045bd03203c,,72ea4760-2f38-ef11-840a-6045bd03203c,,72ea4760-2f38-ef11-840a-6045bd03203c,dc5c7cb8-6921-ef11-840b-0022480a10b0,
244,Payment reduced to zero due to litigation. Additional information will be sent following the conclusion of litigation. To be used for Property & Casualty only.,Katherine Higgins,rhaildev,Active,CARC,Katherine Higgins,,2025-01-13T19:13:59Z,,Katherine Higgins,,2025-01-22T19:48:17Z,,,Active,,,31488111,51b87986-e2d1-ef11-8eea-6045bd02ffaa,72ea4760-2f38-ef11-840a-6045bd03203c,,72ea4760-2f38-ef11-840a-6045bd03203c,,72ea4760-2f38-ef11-840a-6045bd03203c,dc5c7cb8-6921-ef11-840b-0022480a10b0,
245,Provider performance program withhold.,Katherine Higgins,rhaildev,Active,CARC,Katherine Higgins,,2025-01-13T19:13:59Z,,Katherine Higgins,,2025-01-22T19:48:20Z,,,Active,,,31488113,52b87986-e2d1-ef11-8eea-6045bd02ffaa,72ea4760-2f38-ef11-840a-6045bd03203c,,72ea4760-2f38-ef11-840a-6045bd03203c,,72ea4760-2f38-ef11-840a-6045bd03203c,dc5c7cb8-6921-ef11-840b-0022480a10b0,
246,This non-payable code is for required reporting only.,Katherine Higgins,rhaildev,Active,CARC,Katherine Higgins,,2025-01-13T19:13:59Z,,Katherine Higgins,,2025-01-22T19:48:23Z,,,Active,,,31488115,53b87986-e2d1-ef11-8eea-6045bd02ffaa,72ea4760-2f38-ef11-840a-6045bd03203c,,72ea4760-2f38-ef11-840a-6045bd03203c,,72ea4760-2f38-ef11-840a-6045bd03203c,dc5c7cb8-6921-ef11-840b-0022480a10b0,
247,Deductible for Professional service rendered in an Institutional setting and billed on an Institutional claim.,Katherine Higgins,rhaildev,Active,CARC,Katherine Higgins,,2025-01-13T19:13:59Z,,Katherine Higgins,,2025-01-22T19:48:34Z,,,Active,,,31488117,54b87986-e2d1-ef11-8eea-6045bd02ffaa,72ea4760-2f38-ef11-840a-6045bd03203c,,72ea4760-2f38-ef11-840a-6045bd03203c,,72ea4760-2f38-ef11-840a-6045bd03203c,dc5c7cb8-6921-ef11-840b-0022480a10b0,
248,Coinsurance for Professional service rendered in an Institutional setting and billed on an Institutional claim.,Katherine Higgins,rhaildev,Active,CARC,Katherine Higgins,,2025-01-13T19:13:59Z,,Katherine Higgins,,2025-01-22T19:48:39Z,,,Active,,,31488119,55b87986-e2d1-ef11-8eea-6045bd02ffaa,72ea4760-2f38-ef11-840a-6045bd03203c,,72ea4760-2f38-ef11-840a-6045bd03203c,,72ea4760-2f38-ef11-840a-6045bd03203c,dc5c7cb8-6921-ef11-840b-0022480a10b0,
249,This claim has been identified as a readmission. (Use only with Group Code CO),Katherine Higgins,rhaildev,Active,CARC,Katherine Higgins,,2025-01-13T19:13:59Z,,Katherine Higgins,,2025-01-22T19:48:42Z,,,Active,,,31488121,56b87986-e2d1-ef11-8eea-6045bd02ffaa,72ea4760-2f38-ef11-840a-6045bd03203c,,72ea4760-2f38-ef11-840a-6045bd03203c,,72ea4760-2f38-ef11-840a-6045bd03203c,dc5c7cb8-6921-ef11-840b-0022480a10b0,
250,"The attachment/other documentation that was received was the incorrect attachment/document. The expected attachment/document is still missing. At least one Remark Code must be provided (may be comprised of either the NCPDP Reject Reason Code, or Remittance Advice Remark Code that is not an ALERT).",Katherine Higgins,rhaildev,Active,CARC,Katherine Higgins,,2025-01-13T19:13:59Z,,Katherine Higgins,,2025-01-22T19:48:51Z,,,Active,,,31488125,57b87986-e2d1-ef11-8eea-6045bd02ffaa,72ea4760-2f38-ef11-840a-6045bd03203c,,72ea4760-2f38-ef11-840a-6045bd03203c,,72ea4760-2f38-ef11-840a-6045bd03203c,dc5c7cb8-6921-ef11-840b-0022480a10b0,
251,"The attachment/other documentation that was received was incomplete or deficient. The necessary information is still needed to process the claim. At least one Remark Code must be provided (may be comprised of either the NCPDP Reject Reason Code, or Remittance Advice Remark Code that is not an ALERT).",Katherine Higgins,rhaildev,Active,CARC,Katherine Higgins,,2025-01-13T19:13:59Z,,Katherine Higgins,,2025-01-22T19:48:55Z,,,Active,,,31488127,58b87986-e2d1-ef11-8eea-6045bd02ffaa,72ea4760-2f38-ef11-840a-6045bd03203c,,72ea4760-2f38-ef11-840a-6045bd03203c,,72ea4760-2f38-ef11-840a-6045bd03203c,dc5c7cb8-6921-ef11-840b-0022480a10b0,
252,"An attachment/other documentation is required to adjudicate this claim/service. At least one Remark Code must be provided (may be comprised of either the NCPDP Reject Reason Code, or Remittance Advice Remark Code that is not an ALERT).",Katherine Higgins,rhaildev,Active,CARC,Katherine Higgins,,2025-01-13T19:13:59Z,,Katherine Higgins,,2025-01-22T19:49:00Z,,,Active,,,31488133,59b87986-e2d1-ef11-8eea-6045bd02ffaa,72ea4760-2f38-ef11-840a-6045bd03203c,,72ea4760-2f38-ef11-840a-6045bd03203c,,72ea4760-2f38-ef11-840a-6045bd03203c,dc5c7cb8-6921-ef11-840b-0022480a10b0,
253,Sequestration - reduction in federal payment,Katherine Higgins,rhaildev,Active,CARC,Katherine Higgins,,2025-01-13T19:13:59Z,,Katherine Higgins,,2025-01-22T19:49:03Z,,,Active,,,31488134,5bb87986-e2d1-ef11-8eea-6045bd02ffaa,72ea4760-2f38-ef11-840a-6045bd03203c,,72ea4760-2f38-ef11-840a-6045bd03203c,,72ea4760-2f38-ef11-840a-6045bd03203c,dc5c7cb8-6921-ef11-840b-0022480a10b0,
254,"Claim received by the dental plan, but benefits not available under this plan. Submit these services to the patient's medical plan for further consideration.
Notes: Use CARC 290 if the claim was forwarded.",Katherine Higgins,rhaildev,Active,CARC,Katherine Higgins,,2025-01-13T19:13:59Z,,Katherine Higgins,,2025-01-22T19:49:10Z,,,Active,,,31488136,5cb87986-e2d1-ef11-8eea-6045bd02ffaa,72ea4760-2f38-ef11-840a-6045bd03203c,,72ea4760-2f38-ef11-840a-6045bd03203c,,72ea4760-2f38-ef11-840a-6045bd03203c,dc5c7cb8-6921-ef11-840b-0022480a10b0,
255,The disposition of the related Property & Casualty claim (injury or illness) is pending due to litigation. (Use only with Group Code OA),Katherine Higgins,rhaildev,Active,CARC,Katherine Higgins,,2025-01-13T19:13:59Z,,Katherine Higgins,,2025-01-22T19:49:15Z,,,Active,,,31488138,5db87986-e2d1-ef11-8eea-6045bd02ffaa,72ea4760-2f38-ef11-840a-6045bd03203c,,72ea4760-2f38-ef11-840a-6045bd03203c,,72ea4760-2f38-ef11-840a-6045bd03203c,dc5c7cb8-6921-ef11-840b-0022480a10b0,
256,Service not payable per managed care contract.,Katherine Higgins,rhaildev,Active,CARC,Katherine Higgins,,2025-01-13T19:13:59Z,,Katherine Higgins,,2025-01-22T19:49:18Z,,,Active,,,31488140,5eb87986-e2d1-ef11-8eea-6045bd02ffaa,72ea4760-2f38-ef11-840a-6045bd03203c,,72ea4760-2f38-ef11-840a-6045bd03203c,,72ea4760-2f38-ef11-840a-6045bd03203c,dc5c7cb8-6921-ef11-840b-0022480a10b0,
257,"The disposition of the claim/service is undetermined during the premium payment grace period, per Health Insurance Exchange requirements. This claim/service will be reversed and corrected when the grace period ends (due to premium payment or lack of premium payment). (Use only with Group Code OA)",Katherine Higgins,rhaildev,Active,CARC,Katherine Higgins,,2025-01-13T19:13:59Z,,Katherine Higgins,,2025-01-22T19:49:23Z,,,Active,,,31488142,5fb87986-e2d1-ef11-8eea-6045bd02ffaa,72ea4760-2f38-ef11-840a-6045bd03203c,,72ea4760-2f38-ef11-840a-6045bd03203c,,72ea4760-2f38-ef11-840a-6045bd03203c,dc5c7cb8-6921-ef11-840b-0022480a10b0,
258,"Claim/service not covered when patient is in custody/incarcerated. Applicable federal, state or local authority may cover the claim/service.
 ",Katherine Higgins,rhaildev,Active,CARC,Katherine Higgins,,2025-01-13T19:13:59Z,,Katherine Higgins,,2025-01-21T22:49:09Z,,,Active,,,31471046,60b87986-e2d1-ef11-8eea-6045bd02ffaa,72ea4760-2f38-ef11-840a-6045bd03203c,,72ea4760-2f38-ef11-840a-6045bd03203c,,72ea4760-2f38-ef11-840a-6045bd03203c,dc5c7cb8-6921-ef11-840b-0022480a10b0,
259,Additional payment for Dental/Vision service utilization.,Katherine Higgins,rhaildev,Active,CARC,Katherine Higgins,,2025-01-13T19:13:59Z,,Katherine Higgins,,2025-01-22T19:49:31Z,,,Active,,,31488144,61b87986-e2d1-ef11-8eea-6045bd02ffaa,72ea4760-2f38-ef11-840a-6045bd03203c,,72ea4760-2f38-ef11-840a-6045bd03203c,,72ea4760-2f38-ef11-840a-6045bd03203c,dc5c7cb8-6921-ef11-840b-0022480a10b0,
260,Processed under Medicaid ACA Enhanced Fee Schedule,Katherine Higgins,rhaildev,Active,CARC,Katherine Higgins,,2025-01-13T19:13:59Z,,Katherine Higgins,,2025-01-22T19:49:36Z,,,Active,,,31488150,62b87986-e2d1-ef11-8eea-6045bd02ffaa,72ea4760-2f38-ef11-840a-6045bd03203c,,72ea4760-2f38-ef11-840a-6045bd03203c,,72ea4760-2f38-ef11-840a-6045bd03203c,dc5c7cb8-6921-ef11-840b-0022480a10b0,
261,The procedure or service is inconsistent with the patient's history.,Katherine Higgins,rhaildev,Active,CARC,Katherine Higgins,,2025-01-13T19:13:59Z,,Katherine Higgins,,2025-01-22T19:49:39Z,,,Active,,,31488152,63b87986-e2d1-ef11-8eea-6045bd02ffaa,72ea4760-2f38-ef11-840a-6045bd03203c,,72ea4760-2f38-ef11-840a-6045bd03203c,,72ea4760-2f38-ef11-840a-6045bd03203c,dc5c7cb8-6921-ef11-840b-0022480a10b0,
262,Adjustment for delivery cost. Usage: To be used for pharmaceuticals only.,Katherine Higgins,rhaildev,Active,CARC,Katherine Higgins,,2025-01-13T19:13:59Z,,Katherine Higgins,,2025-01-22T19:49:42Z,,,Active,,,31488154,64b87986-e2d1-ef11-8eea-6045bd02ffaa,72ea4760-2f38-ef11-840a-6045bd03203c,,72ea4760-2f38-ef11-840a-6045bd03203c,,72ea4760-2f38-ef11-840a-6045bd03203c,dc5c7cb8-6921-ef11-840b-0022480a10b0,
263,Adjustment for shipping cost. Usage: To be used for pharmaceuticals only.,Katherine Higgins,rhaildev,Active,CARC,Katherine Higgins,,2025-01-13T19:13:59Z,,Katherine Higgins,,2025-01-22T19:49:45Z,,,Active,,,31488156,65b87986-e2d1-ef11-8eea-6045bd02ffaa,72ea4760-2f38-ef11-840a-6045bd03203c,,72ea4760-2f38-ef11-840a-6045bd03203c,,72ea4760-2f38-ef11-840a-6045bd03203c,dc5c7cb8-6921-ef11-840b-0022480a10b0,
264,Adjustment for postage cost. Usage: To be used for pharmaceuticals only.,Katherine Higgins,rhaildev,Active,CARC,Katherine Higgins,,2025-01-13T19:13:59Z,,Katherine Higgins,,2025-01-22T19:49:50Z,,,Active,,,31488158,66b87986-e2d1-ef11-8eea-6045bd02ffaa,72ea4760-2f38-ef11-840a-6045bd03203c,,72ea4760-2f38-ef11-840a-6045bd03203c,,72ea4760-2f38-ef11-840a-6045bd03203c,dc5c7cb8-6921-ef11-840b-0022480a10b0,
265,Adjustment for administrative cost. Usage: To be used for pharmaceuticals only.,Katherine Higgins,rhaildev,Active,CARC,Katherine Higgins,,2025-01-13T19:13:59Z,,Katherine Higgins,,2025-01-22T19:49:52Z,,,Active,,,31488160,67b87986-e2d1-ef11-8eea-6045bd02ffaa,72ea4760-2f38-ef11-840a-6045bd03203c,,72ea4760-2f38-ef11-840a-6045bd03203c,,72ea4760-2f38-ef11-840a-6045bd03203c,dc5c7cb8-6921-ef11-840b-0022480a10b0,
266,Adjustment for compound preparation cost. Usage: To be used for pharmaceuticals only.,Katherine Higgins,rhaildev,Active,CARC,Katherine Higgins,,2025-01-13T19:13:59Z,,Katherine Higgins,,2025-01-22T19:49:55Z,,,Active,,,31488162,68b87986-e2d1-ef11-8eea-6045bd02ffaa,72ea4760-2f38-ef11-840a-6045bd03203c,,72ea4760-2f38-ef11-840a-6045bd03203c,,72ea4760-2f38-ef11-840a-6045bd03203c,dc5c7cb8-6921-ef11-840b-0022480a10b0,
267,"Claim/service spans multiple months. At least one Remark Code must be provided (may be comprised of either the NCPDP Reject Reason Code, or Remittance Advice Remark Code that is not an ALERT.)",Katherine Higgins,rhaildev,Active,CARC,Katherine Higgins,,2025-01-13T19:13:59Z,,Katherine Higgins,,2025-01-22T19:49:59Z,,,Active,,,31488164,69b87986-e2d1-ef11-8eea-6045bd02ffaa,72ea4760-2f38-ef11-840a-6045bd03203c,,72ea4760-2f38-ef11-840a-6045bd03203c,,72ea4760-2f38-ef11-840a-6045bd03203c,dc5c7cb8-6921-ef11-840b-0022480a10b0,
268,The Claim spans two calendar years. Please resubmit one claim per calendar year.,Katherine Higgins,rhaildev,Active,CARC,Katherine Higgins,,2025-01-13T19:13:59Z,,Katherine Higgins,,2025-01-22T19:50:04Z,,,Active,,,31488166,6ab87986-e2d1-ef11-8eea-6045bd02ffaa,72ea4760-2f38-ef11-840a-6045bd03203c,,72ea4760-2f38-ef11-840a-6045bd03203c,,72ea4760-2f38-ef11-840a-6045bd03203c,dc5c7cb8-6921-ef11-840b-0022480a10b0,
269,"Anesthesia not covered for this service/procedure. Usage: Refer to the 835 Healthcare Policy Identification Segment (loop 2110 Service Payment Information REF), if present.",Katherine Higgins,rhaildev,Active,CARC,Katherine Higgins,,2025-01-13T19:13:59Z,,Katherine Higgins,,2025-01-22T19:50:07Z,,,Active,,,31488168,6bb87986-e2d1-ef11-8eea-6045bd02ffaa,72ea4760-2f38-ef11-840a-6045bd03203c,,72ea4760-2f38-ef11-840a-6045bd03203c,,72ea4760-2f38-ef11-840a-6045bd03203c,dc5c7cb8-6921-ef11-840b-0022480a10b0,
270,"Claim received by the medical plan, but benefits not available under this plan. Submit these services to the patient's dental plan for further consideration.",Katherine Higgins,rhaildev,Active,CARC,Katherine Higgins,,2025-01-13T19:13:59Z,,Katherine Higgins,,2025-01-22T19:50:20Z,,,Active,,,31488172,6cb87986-e2d1-ef11-8eea-6045bd02ffaa,72ea4760-2f38-ef11-840a-6045bd03203c,,72ea4760-2f38-ef11-840a-6045bd03203c,,72ea4760-2f38-ef11-840a-6045bd03203c,dc5c7cb8-6921-ef11-840b-0022480a10b0,
271,Prior contractual reductions related to a current periodic payment as part of a contractual payment schedule when deferred amounts have been previously reported. ,Katherine Higgins,rhaildev,Active,CARC,Katherine Higgins,,2025-01-13T19:13:59Z,,Katherine Higgins,,2025-01-22T19:50:25Z,,,Active,,,31488174,6db87986-e2d1-ef11-8eea-6045bd02ffaa,72ea4760-2f38-ef11-840a-6045bd03203c,,72ea4760-2f38-ef11-840a-6045bd03203c,,72ea4760-2f38-ef11-840a-6045bd03203c,dc5c7cb8-6921-ef11-840b-0022480a10b0,
272,Coverage/program guidelines were not met.,Katherine Higgins,rhaildev,Active,CARC,Katherine Higgins,,2025-01-13T19:13:59Z,,Katherine Higgins,,2025-01-22T19:50:28Z,,,Active,,,31488176,6eb87986-e2d1-ef11-8eea-6045bd02ffaa,72ea4760-2f38-ef11-840a-6045bd03203c,,72ea4760-2f38-ef11-840a-6045bd03203c,,72ea4760-2f38-ef11-840a-6045bd03203c,dc5c7cb8-6921-ef11-840b-0022480a10b0,
273,Coverage/program guidelines were exceeded.,Katherine Higgins,rhaildev,Active,CARC,Katherine Higgins,,2025-01-13T19:13:59Z,,Katherine Higgins,,2025-01-22T19:50:30Z,,,Active,,,31488178,6fb87986-e2d1-ef11-8eea-6045bd02ffaa,72ea4760-2f38-ef11-840a-6045bd03203c,,72ea4760-2f38-ef11-840a-6045bd03203c,,72ea4760-2f38-ef11-840a-6045bd03203c,dc5c7cb8-6921-ef11-840b-0022480a10b0,
274,Fee/Service not payable per patient Care Coordination arrangement.,Katherine Higgins,rhaildev,Active,CARC,Katherine Higgins,,2025-01-13T19:13:59Z,,Katherine Higgins,,2025-01-22T19:50:34Z,,,Active,,,31488180,70b87986-e2d1-ef11-8eea-6045bd02ffaa,72ea4760-2f38-ef11-840a-6045bd03203c,,72ea4760-2f38-ef11-840a-6045bd03203c,,72ea4760-2f38-ef11-840a-6045bd03203c,dc5c7cb8-6921-ef11-840b-0022480a10b0,
275,"Prior payer's (or payers') patient responsibility (deductible, coinsurance, co-payment) not covered.",Katherine Higgins,rhaildev,Active,CARC,Katherine Higgins,,2025-01-13T19:13:59Z,,Katherine Higgins,,2025-01-22T19:50:39Z,,,Active,,,31488182,71b87986-e2d1-ef11-8eea-6045bd02ffaa,72ea4760-2f38-ef11-840a-6045bd03203c,,72ea4760-2f38-ef11-840a-6045bd03203c,,72ea4760-2f38-ef11-840a-6045bd03203c,dc5c7cb8-6921-ef11-840b-0022480a10b0,
276,Services denied by the prior payer(s) are not covered by this payer.,Katherine Higgins,rhaildev,Active,CARC,Katherine Higgins,,2025-01-13T19:13:59Z,,Katherine Higgins,,2025-01-22T19:50:42Z,,,Active,,,31488184,72b87986-e2d1-ef11-8eea-6045bd02ffaa,72ea4760-2f38-ef11-840a-6045bd03203c,,72ea4760-2f38-ef11-840a-6045bd03203c,,72ea4760-2f38-ef11-840a-6045bd03203c,dc5c7cb8-6921-ef11-840b-0022480a10b0,
277,"The disposition of the claim/service is undetermined during the premium payment grace period, per Health Insurance SHOP Exchange requirements. This claim/service will be reversed and corrected when the grace period ends (due to premium payment or lack of premium payment). ",Katherine Higgins,rhaildev,Active,CARC,Katherine Higgins,,2025-01-13T19:13:59Z,,Katherine Higgins,,2025-01-22T19:50:48Z,,,Active,,,31488186,73b87986-e2d1-ef11-8eea-6045bd02ffaa,72ea4760-2f38-ef11-840a-6045bd03203c,,72ea4760-2f38-ef11-840a-6045bd03203c,,72ea4760-2f38-ef11-840a-6045bd03203c,dc5c7cb8-6921-ef11-840b-0022480a10b0,
278,"Performance program proficiency requirements not met. (Use only with Group Codes CO or PI) Usage: Refer to the 835 Healthcare Policy Identification Segment (loop 2110 Service Payment Information REF), if present.",Katherine Higgins,rhaildev,Active,CARC,Katherine Higgins,,2025-01-13T19:13:59Z,,Katherine Higgins,,2025-01-22T19:50:56Z,,,Active,,,31488188,74b87986-e2d1-ef11-8eea-6045bd02ffaa,72ea4760-2f38-ef11-840a-6045bd03203c,,72ea4760-2f38-ef11-840a-6045bd03203c,,72ea4760-2f38-ef11-840a-6045bd03203c,dc5c7cb8-6921-ef11-840b-0022480a10b0,
279,"Services not provided by Preferred network providers. Usage: Use this code when there are member network limitations. For example, using contracted providers not in the member's 'narrow' network.",Katherine Higgins,rhaildev,Active,CARC,Katherine Higgins,,2025-01-13T19:13:59Z,,Katherine Higgins,,2025-01-22T19:51:01Z,,,Active,,,31488190,75b87986-e2d1-ef11-8eea-6045bd02ffaa,72ea4760-2f38-ef11-840a-6045bd03203c,,72ea4760-2f38-ef11-840a-6045bd03203c,,72ea4760-2f38-ef11-840a-6045bd03203c,dc5c7cb8-6921-ef11-840b-0022480a10b0,
280,"Claim received by the medical plan, but benefits not available under this plan. Submit these services to the patient's Pharmacy plan for further consideration.",Katherine Higgins,rhaildev,Active,CARC,Katherine Higgins,,2025-01-13T19:13:59Z,,Katherine Higgins,,2025-01-22T19:51:07Z,,,Active,,,31488194,76b87986-e2d1-ef11-8eea-6045bd02ffaa,72ea4760-2f38-ef11-840a-6045bd03203c,,72ea4760-2f38-ef11-840a-6045bd03203c,,72ea4760-2f38-ef11-840a-6045bd03203c,dc5c7cb8-6921-ef11-840b-0022480a10b0,
281,Deductible waived per contractual agreement. Use only with Group Code CO.,Katherine Higgins,rhaildev,Active,CARC,Katherine Higgins,,2025-01-13T19:13:59Z,,Katherine Higgins,,2025-01-22T19:51:10Z,,,Active,,,31488196,77b87986-e2d1-ef11-8eea-6045bd02ffaa,72ea4760-2f38-ef11-840a-6045bd03203c,,72ea4760-2f38-ef11-840a-6045bd03203c,,72ea4760-2f38-ef11-840a-6045bd03203c,dc5c7cb8-6921-ef11-840b-0022480a10b0,
282,"The procedure/revenue code is inconsistent with the type of bill. Usage: Refer to the 835 Healthcare Policy Identification Segment (loop 2110 Service Payment Information REF), if present.",Katherine Higgins,rhaildev,Active,CARC,Katherine Higgins,,2025-01-13T19:13:59Z,,Katherine Higgins,,2025-01-22T19:51:17Z,,,Active,,,31488198,78b87986-e2d1-ef11-8eea-6045bd02ffaa,72ea4760-2f38-ef11-840a-6045bd03203c,,72ea4760-2f38-ef11-840a-6045bd03203c,,72ea4760-2f38-ef11-840a-6045bd03203c,dc5c7cb8-6921-ef11-840b-0022480a10b0,
283,"Attending provider is not eligible to provide direction of care.
  ",Katherine Higgins,rhaildev,Active,CARC,Katherine Higgins,,2025-01-13T19:13:59Z,,Katherine Higgins,,2025-01-21T22:49:09Z,,,Active,,,31471047,79b87986-e2d1-ef11-8eea-6045bd02ffaa,72ea4760-2f38-ef11-840a-6045bd03203c,,72ea4760-2f38-ef11-840a-6045bd03203c,,72ea4760-2f38-ef11-840a-6045bd03203c,dc5c7cb8-6921-ef11-840b-0022480a10b0,
284,"Precertification/authorization/notification/pre-treatment number may be valid but does not apply to the billed services.
  ",Katherine Higgins,rhaildev,Active,CARC,Katherine Higgins,,2025-01-13T19:13:59Z,,Katherine Higgins,,2025-01-21T22:49:09Z,,,Active,,,31471048,7ab87986-e2d1-ef11-8eea-6045bd02ffaa,72ea4760-2f38-ef11-840a-6045bd03203c,,72ea4760-2f38-ef11-840a-6045bd03203c,,72ea4760-2f38-ef11-840a-6045bd03203c,dc5c7cb8-6921-ef11-840b-0022480a10b0,
285,"Appeal procedures not followed
  ",Katherine Higgins,rhaildev,Active,CARC,Katherine Higgins,,2025-01-13T19:13:59Z,,Katherine Higgins,,2025-01-21T22:49:09Z,,,Active,,,31471049,7bb87986-e2d1-ef11-8eea-6045bd02ffaa,72ea4760-2f38-ef11-840a-6045bd03203c,,72ea4760-2f38-ef11-840a-6045bd03203c,,72ea4760-2f38-ef11-840a-6045bd03203c,dc5c7cb8-6921-ef11-840b-0022480a10b0,
286,"Appeal time limits not met
  ",Katherine Higgins,rhaildev,Active,CARC,Katherine Higgins,,2025-01-13T19:13:59Z,,Katherine Higgins,,2025-01-21T22:49:09Z,,,Active,,,31471050,7cb87986-e2d1-ef11-8eea-6045bd02ffaa,72ea4760-2f38-ef11-840a-6045bd03203c,,72ea4760-2f38-ef11-840a-6045bd03203c,,72ea4760-2f38-ef11-840a-6045bd03203c,dc5c7cb8-6921-ef11-840b-0022480a10b0,
287,"Referral exceeded
  ",Katherine Higgins,rhaildev,Active,CARC,Katherine Higgins,,2025-01-13T19:13:59Z,,Katherine Higgins,,2025-01-21T22:49:09Z,,,Active,,,31471051,7db87986-e2d1-ef11-8eea-6045bd02ffaa,72ea4760-2f38-ef11-840a-6045bd03203c,,72ea4760-2f38-ef11-840a-6045bd03203c,,72ea4760-2f38-ef11-840a-6045bd03203c,dc5c7cb8-6921-ef11-840b-0022480a10b0,
288,"Referral absent
  ",Katherine Higgins,rhaildev,Active,CARC,Katherine Higgins,,2025-01-13T19:13:59Z,,Katherine Higgins,,2025-01-21T22:49:09Z,,,Active,,,31471052,7eb87986-e2d1-ef11-8eea-6045bd02ffaa,72ea4760-2f38-ef11-840a-6045bd03203c,,72ea4760-2f38-ef11-840a-6045bd03203c,,72ea4760-2f38-ef11-840a-6045bd03203c,dc5c7cb8-6921-ef11-840b-0022480a10b0,
289,"Services considered under the dental and medical plans, benefits not available.
  
Notes: Also see CARCs 254, 270 and 280.",Katherine Higgins,rhaildev,Active,CARC,Katherine Higgins,,2025-01-13T19:13:59Z,,Katherine Higgins,,2025-01-21T22:49:09Z,,,Active,,,31471053,7fb87986-e2d1-ef11-8eea-6045bd02ffaa,72ea4760-2f38-ef11-840a-6045bd03203c,,72ea4760-2f38-ef11-840a-6045bd03203c,,72ea4760-2f38-ef11-840a-6045bd03203c,dc5c7cb8-6921-ef11-840b-0022480a10b0,
290,"Claim received by the dental plan, but benefits not available under this plan. Claim has been forwarded to the patient's medical plan for further consideration.
Notes: Use CARC 254 if the claim was not forwarded.",Katherine Higgins,rhaildev,Active,CARC,Katherine Higgins,,2025-01-13T19:14:00Z,,Katherine Higgins,,2025-01-22T19:51:33Z,,,Active,,,31488202,80b87986-e2d1-ef11-8eea-6045bd02ffaa,72ea4760-2f38-ef11-840a-6045bd03203c,,72ea4760-2f38-ef11-840a-6045bd03203c,,72ea4760-2f38-ef11-840a-6045bd03203c,dc5c7cb8-6921-ef11-840b-0022480a10b0,
291,"Claim received by the medical plan, but benefits not available under this plan. Claim has been forwarded to the patient's dental plan for further consideration.
 Notes: Use CARC 270 if the claim was not forwarded.",Katherine Higgins,rhaildev,Active,CARC,Katherine Higgins,,2025-01-13T19:14:00Z,,Katherine Higgins,,2025-01-22T19:51:43Z,,,Active,,,31488204,81b87986-e2d1-ef11-8eea-6045bd02ffaa,72ea4760-2f38-ef11-840a-6045bd03203c,,72ea4760-2f38-ef11-840a-6045bd03203c,,72ea4760-2f38-ef11-840a-6045bd03203c,dc5c7cb8-6921-ef11-840b-0022480a10b0,
292,"Claim received by the medical plan, but benefits not available under this plan. Claim has been forwarded to the patient's pharmacy plan for further consideration.
  
Notes: Use CARC 280 if the claim was not forwarded.",Katherine Higgins,rhaildev,Active,CARC,Katherine Higgins,,2025-01-13T19:14:00Z,,Katherine Higgins,,2025-01-21T22:49:09Z,,,Active,,,31471056,82b87986-e2d1-ef11-8eea-6045bd02ffaa,72ea4760-2f38-ef11-840a-6045bd03203c,,72ea4760-2f38-ef11-840a-6045bd03203c,,72ea4760-2f38-ef11-840a-6045bd03203c,dc5c7cb8-6921-ef11-840b-0022480a10b0,
293,Payment made to employer.,Katherine Higgins,rhaildev,Active,CARC,Katherine Higgins,,2025-01-13T19:14:00Z,,Katherine Higgins,,2025-01-22T19:51:46Z,,,Active,,,31488206,83b87986-e2d1-ef11-8eea-6045bd02ffaa,72ea4760-2f38-ef11-840a-6045bd03203c,,72ea4760-2f38-ef11-840a-6045bd03203c,,72ea4760-2f38-ef11-840a-6045bd03203c,dc5c7cb8-6921-ef11-840b-0022480a10b0,
294,"Payment made to attorney.
  ",Katherine Higgins,rhaildev,Active,CARC,Katherine Higgins,,2025-01-13T19:14:00Z,,Katherine Higgins,,2025-01-21T22:49:09Z,,,Active,,,31471057,84b87986-e2d1-ef11-8eea-6045bd02ffaa,72ea4760-2f38-ef11-840a-6045bd03203c,,72ea4760-2f38-ef11-840a-6045bd03203c,,72ea4760-2f38-ef11-840a-6045bd03203c,dc5c7cb8-6921-ef11-840b-0022480a10b0,
295,Pharmacy Direct/Indirect Remuneration (DIR),Katherine Higgins,rhaildev,Active,CARC,Katherine Higgins,,2025-01-13T19:14:00Z,,Katherine Higgins,,2025-01-22T19:51:51Z,,,Active,,,31488212,85b87986-e2d1-ef11-8eea-6045bd02ffaa,72ea4760-2f38-ef11-840a-6045bd03203c,,72ea4760-2f38-ef11-840a-6045bd03203c,,72ea4760-2f38-ef11-840a-6045bd03203c,dc5c7cb8-6921-ef11-840b-0022480a10b0,
296,Precertification/authorization/notification/pre-treatment number may be valid but does not apply to the provider.,Katherine Higgins,rhaildev,Active,CARC,Katherine Higgins,,2025-01-13T19:14:00Z,,Katherine Higgins,,2025-01-22T19:51:54Z,,,Active,,,31488214,86b87986-e2d1-ef11-8eea-6045bd02ffaa,72ea4760-2f38-ef11-840a-6045bd03203c,,72ea4760-2f38-ef11-840a-6045bd03203c,,72ea4760-2f38-ef11-840a-6045bd03203c,dc5c7cb8-6921-ef11-840b-0022480a10b0,
297,"Claim received by the medical plan, but benefits not available under this plan. Submit these services to the patient's vision plan for further consideration.",Katherine Higgins,rhaildev,Active,CARC,Katherine Higgins,,2025-01-13T19:14:00Z,,Katherine Higgins,,2025-01-22T19:51:59Z,,,Active,,,31488216,87b87986-e2d1-ef11-8eea-6045bd02ffaa,72ea4760-2f38-ef11-840a-6045bd03203c,,72ea4760-2f38-ef11-840a-6045bd03203c,,72ea4760-2f38-ef11-840a-6045bd03203c,dc5c7cb8-6921-ef11-840b-0022480a10b0,
298,"Claim received by the medical plan, but benefits not available under this plan. Claim has been forwarded to the patient's vision plan for further consideration.",Katherine Higgins,rhaildev,Active,CARC,Katherine Higgins,,2025-01-13T19:14:00Z,,Katherine Higgins,,2025-01-22T19:52:02Z,,,Active,,,31488218,88b87986-e2d1-ef11-8eea-6045bd02ffaa,72ea4760-2f38-ef11-840a-6045bd03203c,,72ea4760-2f38-ef11-840a-6045bd03203c,,72ea4760-2f38-ef11-840a-6045bd03203c,dc5c7cb8-6921-ef11-840b-0022480a10b0,
299,The billing provider is not eligible to receive payment for the service billed.,Katherine Higgins,rhaildev,Active,CARC,Katherine Higgins,,2025-01-13T19:14:00Z,,Katherine Higgins,,2025-01-22T19:52:06Z,,,Active,,,31488220,89b87986-e2d1-ef11-8eea-6045bd02ffaa,72ea4760-2f38-ef11-840a-6045bd03203c,,72ea4760-2f38-ef11-840a-6045bd03203c,,72ea4760-2f38-ef11-840a-6045bd03203c,dc5c7cb8-6921-ef11-840b-0022480a10b0,
300,"Claim received by the Medical Plan, but benefits not available under this plan. Claim has been forwarded to the patient's Behavioral Health Plan for further consideration.",Katherine Higgins,rhaildev,Active,CARC,Katherine Higgins,,2025-01-13T19:14:00Z,,Katherine Higgins,,2025-01-22T19:52:26Z,,,Active,,,31488226,8ab87986-e2d1-ef11-8eea-6045bd02ffaa,72ea4760-2f38-ef11-840a-6045bd03203c,,72ea4760-2f38-ef11-840a-6045bd03203c,,72ea4760-2f38-ef11-840a-6045bd03203c,dc5c7cb8-6921-ef11-840b-0022480a10b0,
M8,"We do not accept blood gas tests results when the test was conducted by a medical supplier or taken while the patient is on oxygen.
",Katherine Higgins,rhaildev,Active,RARC,Katherine Higgins,,2025-01-13T19:14:02Z,,Katherine Higgins,,2025-01-21T22:49:09Z,,,Active,,,31471058,83006f86-e2d1-ef11-8eea-6045bd0484af,72ea4760-2f38-ef11-840a-6045bd03203c,,72ea4760-2f38-ef11-840a-6045bd03203c,,72ea4760-2f38-ef11-840a-6045bd03203c,dc5c7cb8-6921-ef11-840b-0022480a10b0,
M9,Alert: This is the tenth rental month. You must offer the patient the choice of changing the rental to a purchase agreement.,Katherine Higgins,rhaildev,Active,RARC,Katherine Higgins,,2025-01-13T19:14:02Z,,Katherine Higgins,,2025-01-22T22:45:12Z,,,Active,,,31490594,88006f86-e2d1-ef11-8eea-6045bd0484af,72ea4760-2f38-ef11-840a-6045bd03203c,,72ea4760-2f38-ef11-840a-6045bd03203c,,72ea4760-2f38-ef11-840a-6045bd03203c,dc5c7cb8-6921-ef11-840b-0022480a10b0,
M10,"Equipment purchases are limited to the first or the tenth month of medical necessity.
",Katherine Higgins,rhaildev,Active,RARC,Katherine Higgins,,2025-01-13T19:14:02Z,,Katherine Higgins,,2025-01-21T22:49:09Z,,,Active,,,31471060,8a006f86-e2d1-ef11-8eea-6045bd0484af,72ea4760-2f38-ef11-840a-6045bd03203c,,72ea4760-2f38-ef11-840a-6045bd03203c,,72ea4760-2f38-ef11-840a-6045bd03203c,dc5c7cb8-6921-ef11-840b-0022480a10b0,
M11,"DME, orthotics and prosthetics must be billed to the DME carrier who services the patient's zip code.
",Katherine Higgins,rhaildev,Active,RARC,Katherine Higgins,,2025-01-13T19:14:02Z,,Katherine Higgins,,2025-01-21T22:49:09Z,,,Active,,,31471061,8b006f86-e2d1-ef11-8eea-6045bd0484af,72ea4760-2f38-ef11-840a-6045bd03203c,,72ea4760-2f38-ef11-840a-6045bd03203c,,72ea4760-2f38-ef11-840a-6045bd03203c,dc5c7cb8-6921-ef11-840b-0022480a10b0,
M12,"Diagnostic tests performed by a physician must indicate whether purchased services are included on the claim.
",Katherine Higgins,rhaildev,Active,RARC,Katherine Higgins,,2025-01-13T19:14:02Z,,Katherine Higgins,,2025-01-21T22:49:09Z,,,Active,,,31471062,8c006f86-e2d1-ef11-8eea-6045bd0484af,72ea4760-2f38-ef11-840a-6045bd03203c,,72ea4760-2f38-ef11-840a-6045bd03203c,,72ea4760-2f38-ef11-840a-6045bd03203c,dc5c7cb8-6921-ef11-840b-0022480a10b0,
M13,Only one initial visit is covered per specialty per medical group.,Katherine Higgins,rhaildev,Active,RARC,Katherine Higgins,,2025-01-13T19:14:02Z,,Katherine Higgins,,2025-01-21T22:49:09Z,,,Active,,,31471063,8d006f86-e2d1-ef11-8eea-6045bd0484af,72ea4760-2f38-ef11-840a-6045bd03203c,,72ea4760-2f38-ef11-840a-6045bd03203c,,72ea4760-2f38-ef11-840a-6045bd03203c,dc5c7cb8-6921-ef11-840b-0022480a10b0,
M14,"No separate payment for an injection administered during an office visit, and no payment for a full office visit if the patient only received an injection.
",Katherine Higgins,rhaildev,Active,RARC,Katherine Higgins,,2025-01-13T19:14:02Z,,Katherine Higgins,,2025-01-21T22:49:09Z,,,Active,,,31471064,8e006f86-e2d1-ef11-8eea-6045bd0484af,72ea4760-2f38-ef11-840a-6045bd03203c,,72ea4760-2f38-ef11-840a-6045bd03203c,,72ea4760-2f38-ef11-840a-6045bd03203c,dc5c7cb8-6921-ef11-840b-0022480a10b0,
M15,"Separately billed services/tests have been bundled as they are considered components of the same procedure. Separate payment is not allowed.
",Katherine Higgins,rhaildev,Active,RARC,Katherine Higgins,,2025-01-13T19:14:02Z,,Katherine Higgins,,2025-01-21T22:49:09Z,,,Active,,,31471065,90006f86-e2d1-ef11-8eea-6045bd0484af,72ea4760-2f38-ef11-840a-6045bd03203c,,72ea4760-2f38-ef11-840a-6045bd03203c,,72ea4760-2f38-ef11-840a-6045bd03203c,dc5c7cb8-6921-ef11-840b-0022480a10b0,
M16,"Alert: Please see our web site, mailings, or bulletins for more details concerning this policy/procedure/decision.
",Katherine Higgins,rhaildev,Active,RARC,Katherine Higgins,,2025-01-13T19:14:02Z,,Katherine Higgins,,2025-01-22T22:35:03Z,,,Active,,,31490416,93006f86-e2d1-ef11-8eea-6045bd0484af,72ea4760-2f38-ef11-840a-6045bd03203c,,72ea4760-2f38-ef11-840a-6045bd03203c,,72ea4760-2f38-ef11-840a-6045bd03203c,dc5c7cb8-6921-ef11-840b-0022480a10b0,
M17,"Alert: Payment approved as you did not know, and could not reasonably have been expected to know, that this would not normally have been covered for this patient. In the future, you will be liable for charges for the same service(s) under the same or similar conditions.
 | Last Modified: 04/01/2007
Notes: (Modified 4/1/07)",Katherine Higgins,rhaildev,Active,RARC,Katherine Higgins,,2025-01-13T19:14:02Z,,Katherine Higgins,,2025-01-21T22:49:09Z,,,Active,,,31471067,95006f86-e2d1-ef11-8eea-6045bd0484af,72ea4760-2f38-ef11-840a-6045bd03203c,,72ea4760-2f38-ef11-840a-6045bd03203c,,72ea4760-2f38-ef11-840a-6045bd03203c,dc5c7cb8-6921-ef11-840b-0022480a10b0,
M18,Certain services may be approved for home use. Neither a hospital nor a Skilled Nursing Facility (SNF) is considered to be a patient's home.,Katherine Higgins,rhaildev,Active,RARC,Katherine Higgins,,2025-01-13T19:14:02Z,,Katherine Higgins,,2025-01-22T22:35:10Z,,,Active,,,31490418,97006f86-e2d1-ef11-8eea-6045bd0484af,72ea4760-2f38-ef11-840a-6045bd03203c,,72ea4760-2f38-ef11-840a-6045bd03203c,,72ea4760-2f38-ef11-840a-6045bd03203c,dc5c7cb8-6921-ef11-840b-0022480a10b0,
M19,Missing oxygen certification/re-certification.,Katherine Higgins,rhaildev,Active,RARC,Katherine Higgins,,2025-01-13T19:14:02Z,,Katherine Higgins,,2025-01-22T22:35:15Z,,,Active,,,31490425,98006f86-e2d1-ef11-8eea-6045bd0484af,72ea4760-2f38-ef11-840a-6045bd03203c,,72ea4760-2f38-ef11-840a-6045bd03203c,,72ea4760-2f38-ef11-840a-6045bd03203c,dc5c7cb8-6921-ef11-840b-0022480a10b0,
M20,Missing/incomplete/invalid HCPCS.,Katherine Higgins,rhaildev,Active,RARC,Katherine Higgins,,2025-01-13T19:14:03Z,,Katherine Higgins,,2025-01-22T22:35:18Z,,,Active,,,31490427,99006f86-e2d1-ef11-8eea-6045bd0484af,72ea4760-2f38-ef11-840a-6045bd03203c,,72ea4760-2f38-ef11-840a-6045bd03203c,,72ea4760-2f38-ef11-840a-6045bd03203c,dc5c7cb8-6921-ef11-840b-0022480a10b0,
M21,Missing/incomplete/invalid place of residence for this service/item provided in a home.,Katherine Higgins,rhaildev,Active,RARC,Katherine Higgins,,2025-01-13T19:14:03Z,,Katherine Higgins,,2025-01-22T22:35:29Z,,,Active,,,31490433,4666688c-e2d1-ef11-8eea-6045bd0484af,72ea4760-2f38-ef11-840a-6045bd03203c,,72ea4760-2f38-ef11-840a-6045bd03203c,,72ea4760-2f38-ef11-840a-6045bd03203c,dc5c7cb8-6921-ef11-840b-0022480a10b0,
M22,Missing/incomplete/invalid number of miles traveled.,Katherine Higgins,rhaildev,Active,RARC,Katherine Higgins,,2025-01-13T19:14:03Z,,Katherine Higgins,,2025-01-22T22:35:25Z,,,Active,,,31490431,4766688c-e2d1-ef11-8eea-6045bd0484af,72ea4760-2f38-ef11-840a-6045bd03203c,,72ea4760-2f38-ef11-840a-6045bd03203c,,72ea4760-2f38-ef11-840a-6045bd03203c,dc5c7cb8-6921-ef11-840b-0022480a10b0,
M23,Missing invoice.,Katherine Higgins,rhaildev,Active,RARC,Katherine Higgins,,2025-01-13T19:14:03Z,,Katherine Higgins,,2025-01-22T22:35:33Z,,,Active,,,31490435,4866688c-e2d1-ef11-8eea-6045bd0484af,72ea4760-2f38-ef11-840a-6045bd03203c,,72ea4760-2f38-ef11-840a-6045bd03203c,,72ea4760-2f38-ef11-840a-6045bd03203c,dc5c7cb8-6921-ef11-840b-0022480a10b0,
M24,Missing/incomplete/invalid number of doses per vial.,Katherine Higgins,rhaildev,Active,RARC,Katherine Higgins,,2025-01-13T19:14:03Z,,Katherine Higgins,,2025-01-22T22:35:37Z,,,Active,,,31490437,4966688c-e2d1-ef11-8eea-6045bd0484af,72ea4760-2f38-ef11-840a-6045bd03203c,,72ea4760-2f38-ef11-840a-6045bd03203c,,72ea4760-2f38-ef11-840a-6045bd03203c,dc5c7cb8-6921-ef11-840b-0022480a10b0,
M25,"The information furnished does not substantiate the need for this level of service. If you believe the service should have been fully covered as billed, or if you did not know and could not reasonably have been expected to know that we would not pay for this level of service, or if you notified the patient in writing in advance that we would not pay for this level of service and he/she agreed in writing to pay, ask us to review your claim within 120 days of the date of this notice. If you do not request an appeal, we will, upon application from the patient, reimburse him/her for the amount you have collected from him/her in excess of any deductible and coinsurance amounts. We will recover the reimbursement from you as an overpayment.",Katherine Higgins,rhaildev,Active,RARC,Katherine Higgins,,2025-01-13T19:14:03Z,,Katherine Higgins,,2025-01-22T22:35:51Z,,,Active,,,31490459,4a66688c-e2d1-ef11-8eea-6045bd0484af,72ea4760-2f38-ef11-840a-6045bd03203c,,72ea4760-2f38-ef11-840a-6045bd03203c,,72ea4760-2f38-ef11-840a-6045bd03203c,dc5c7cb8-6921-ef11-840b-0022480a10b0,
M26,"The information furnished does not substantiate the need for this level of service. If you have collected any amount from the patient for this level of service/any amount that exceeds the limiting charge for the less extensive service, the law requires you to refund that amount to the patient within 30 days of receiving this notice.

The requirements for refund are in 1824(I) of the Social Security Act and 42CFR411.408. The section specifies that physicians who knowingly and willfully fail to make appropriate refunds may be subject to civil monetary penalties and/or exclusion from the program. If you have any questions about this notice, please contact this office.",Katherine Higgins,rhaildev,Active,RARC,Katherine Higgins,,2025-01-13T19:14:03Z,,Katherine Higgins,,2025-01-22T22:36:00Z,,,Active,,,31490461,4b66688c-e2d1-ef11-8eea-6045bd0484af,72ea4760-2f38-ef11-840a-6045bd03203c,,72ea4760-2f38-ef11-840a-6045bd03203c,,72ea4760-2f38-ef11-840a-6045bd03203c,dc5c7cb8-6921-ef11-840b-0022480a10b0,
M27,"Alert: The patient has been relieved of liability of payment of these items and services under the limitation of liability provision of the law. The provider is ultimately liable for the patient's waived charges, including any charges for coinsurance, since the items or services were not reasonable and necessary or constituted custodial care, and you knew or could reasonably have been expected to know, that they were not covered. You may appeal this determination. You may ask for an appeal regarding both the coverage determination and the issue of whether you exercised due care. The appeal request must be filed within 120 days of the date you receive this notice. You must make the request through this office.",Katherine Higgins,rhaildev,Active,RARC,Katherine Higgins,,2025-01-13T19:14:03Z,,Katherine Higgins,,2025-01-22T22:36:10Z,,,Active,,,31490463,4c66688c-e2d1-ef11-8eea-6045bd0484af,72ea4760-2f38-ef11-840a-6045bd03203c,,72ea4760-2f38-ef11-840a-6045bd03203c,,72ea4760-2f38-ef11-840a-6045bd03203c,dc5c7cb8-6921-ef11-840b-0022480a10b0,
M28,"This does not qualify for payment under Part B when Part A coverage is exhausted or not otherwise available.
",Katherine Higgins,rhaildev,Active,RARC,Katherine Higgins,,2025-01-13T19:14:03Z,,Katherine Higgins,,2025-01-21T22:49:10Z,,,Active,,,31471079,4d66688c-e2d1-ef11-8eea-6045bd0484af,72ea4760-2f38-ef11-840a-6045bd03203c,,72ea4760-2f38-ef11-840a-6045bd03203c,,72ea4760-2f38-ef11-840a-6045bd03203c,dc5c7cb8-6921-ef11-840b-0022480a10b0,
M29,Missing operative note/report.,Katherine Higgins,rhaildev,Active,RARC,Katherine Higgins,,2025-01-13T19:14:03Z,,Katherine Higgins,,2025-01-22T22:36:16Z,,,Active,,,31490465,4e66688c-e2d1-ef11-8eea-6045bd0484af,72ea4760-2f38-ef11-840a-6045bd03203c,,72ea4760-2f38-ef11-840a-6045bd03203c,,72ea4760-2f38-ef11-840a-6045bd03203c,dc5c7cb8-6921-ef11-840b-0022480a10b0,
M30,Missing pathology report.,Katherine Higgins,rhaildev,Active,RARC,Katherine Higgins,,2025-01-13T19:14:03Z,,Katherine Higgins,,2025-01-22T22:36:20Z,,,Active,,,31490468,4f66688c-e2d1-ef11-8eea-6045bd0484af,72ea4760-2f38-ef11-840a-6045bd03203c,,72ea4760-2f38-ef11-840a-6045bd03203c,,72ea4760-2f38-ef11-840a-6045bd03203c,dc5c7cb8-6921-ef11-840b-0022480a10b0,
M31,Missing radiology report.,Katherine Higgins,rhaildev,Active,RARC,Katherine Higgins,,2025-01-13T19:14:03Z,,Katherine Higgins,,2025-01-22T22:38:11Z,,,Active,,,31490472,5066688c-e2d1-ef11-8eea-6045bd0484af,72ea4760-2f38-ef11-840a-6045bd03203c,,72ea4760-2f38-ef11-840a-6045bd03203c,,72ea4760-2f38-ef11-840a-6045bd03203c,dc5c7cb8-6921-ef11-840b-0022480a10b0,
M32,Alert: This is a conditional payment made pending a decision on this service by the patient's primary payer. This payment may be subject to refund upon your receipt of any additional payment for this service from another payer. You must contact this office immediately upon receipt of an additional payment for this service.,Katherine Higgins,rhaildev,Active,RARC,Katherine Higgins,,2025-01-13T19:14:03Z,,Katherine Higgins,,2025-01-22T22:38:16Z,,,Active,,,31490474,5166688c-e2d1-ef11-8eea-6045bd0484af,72ea4760-2f38-ef11-840a-6045bd03203c,,72ea4760-2f38-ef11-840a-6045bd03203c,,72ea4760-2f38-ef11-840a-6045bd03203c,dc5c7cb8-6921-ef11-840b-0022480a10b0,
M36,This is the 11th rental month. We cannot pay for this until you indicate that the patient has been given the option of changing the rental to a purchase.,Katherine Higgins,rhaildev,Active,RARC,Katherine Higgins,,2025-01-13T19:14:03Z,,Katherine Higgins,,2025-01-22T22:38:19Z,,,Active,,,31490476,5266688c-e2d1-ef11-8eea-6045bd0484af,72ea4760-2f38-ef11-840a-6045bd03203c,,72ea4760-2f38-ef11-840a-6045bd03203c,,72ea4760-2f38-ef11-840a-6045bd03203c,dc5c7cb8-6921-ef11-840b-0022480a10b0,
M37,Not covered when the patient is under age 35.,Katherine Higgins,rhaildev,Active,RARC,Katherine Higgins,,2025-01-13T19:14:03Z,,Katherine Higgins,,2025-01-22T22:38:23Z,,,Active,,,31490478,5366688c-e2d1-ef11-8eea-6045bd0484af,72ea4760-2f38-ef11-840a-6045bd03203c,,72ea4760-2f38-ef11-840a-6045bd03203c,,72ea4760-2f38-ef11-840a-6045bd03203c,dc5c7cb8-6921-ef11-840b-0022480a10b0,
M38,Alert: The patient is liable for the charges for this service as they were informed in writing before the service was furnished that we would not pay for it and the patient agreed to be responsible for the charges.,Katherine Higgins,rhaildev,Active,RARC,Katherine Higgins,,2025-01-13T19:14:03Z,,Katherine Higgins,,2025-01-22T22:38:27Z,,,Active,,,31490480,5466688c-e2d1-ef11-8eea-6045bd0484af,72ea4760-2f38-ef11-840a-6045bd03203c,,72ea4760-2f38-ef11-840a-6045bd03203c,,72ea4760-2f38-ef11-840a-6045bd03203c,dc5c7cb8-6921-ef11-840b-0022480a10b0,
M39,Alert: The patient is not liable for payment of this service as the advance notice of non-coverage you provided the patient did not comply with program requirements.,Katherine Higgins,rhaildev,Active,RARC,Katherine Higgins,,2025-01-13T19:14:03Z,,Katherine Higgins,,2025-01-22T22:38:34Z,,,Active,,,31490482,5566688c-e2d1-ef11-8eea-6045bd0484af,72ea4760-2f38-ef11-840a-6045bd03203c,,72ea4760-2f38-ef11-840a-6045bd03203c,,72ea4760-2f38-ef11-840a-6045bd03203c,dc5c7cb8-6921-ef11-840b-0022480a10b0,
M40,"Claim must be assigned and must be filed by the practitioner's employer.
",Katherine Higgins,rhaildev,Active,RARC,Katherine Higgins,,2025-01-13T19:14:03Z,,Katherine Higgins,,2025-01-21T22:49:10Z,,,Active,,,31471088,5666688c-e2d1-ef11-8eea-6045bd0484af,72ea4760-2f38-ef11-840a-6045bd03203c,,72ea4760-2f38-ef11-840a-6045bd03203c,,72ea4760-2f38-ef11-840a-6045bd03203c,dc5c7cb8-6921-ef11-840b-0022480a10b0,
M41,"We do not pay for this as the patient has no legal obligation to pay for this.
",Katherine Higgins,rhaildev,Active,RARC,Katherine Higgins,,2025-01-13T19:14:03Z,,Katherine Higgins,,2025-01-21T22:49:10Z,,,Active,,,31471089,5766688c-e2d1-ef11-8eea-6045bd0484af,72ea4760-2f38-ef11-840a-6045bd03203c,,72ea4760-2f38-ef11-840a-6045bd03203c,,72ea4760-2f38-ef11-840a-6045bd03203c,dc5c7cb8-6921-ef11-840b-0022480a10b0,
M42,"The medical necessity form must be personally signed by the attending physician.
",Katherine Higgins,rhaildev,Active,RARC,Katherine Higgins,,2025-01-13T19:14:03Z,,Katherine Higgins,,2025-01-21T22:49:10Z,,,Active,,,31471090,5866688c-e2d1-ef11-8eea-6045bd0484af,72ea4760-2f38-ef11-840a-6045bd03203c,,72ea4760-2f38-ef11-840a-6045bd03203c,,72ea4760-2f38-ef11-840a-6045bd03203c,dc5c7cb8-6921-ef11-840b-0022480a10b0,
M44,Missing/incomplete/invalid condition code.,Katherine Higgins,rhaildev,Active,RARC,Katherine Higgins,,2025-01-13T19:14:03Z,,Katherine Higgins,,2025-01-22T22:38:39Z,,,Active,,,31490484,5966688c-e2d1-ef11-8eea-6045bd0484af,72ea4760-2f38-ef11-840a-6045bd03203c,,72ea4760-2f38-ef11-840a-6045bd03203c,,72ea4760-2f38-ef11-840a-6045bd03203c,dc5c7cb8-6921-ef11-840b-0022480a10b0,
M45,Missing/incomplete/invalid occurrence code(s).,Katherine Higgins,rhaildev,Active,RARC,Katherine Higgins,,2025-01-13T19:14:03Z,,Katherine Higgins,,2025-01-22T22:38:48Z,,,Active,,,31490488,5a66688c-e2d1-ef11-8eea-6045bd0484af,72ea4760-2f38-ef11-840a-6045bd03203c,,72ea4760-2f38-ef11-840a-6045bd03203c,,72ea4760-2f38-ef11-840a-6045bd03203c,dc5c7cb8-6921-ef11-840b-0022480a10b0,
M46,Missing/incomplete/invalid occurrence span code(s).,Katherine Higgins,rhaildev,Active,RARC,Katherine Higgins,,2025-01-13T19:14:03Z,,Katherine Higgins,,2025-01-22T22:40:10Z,,,Active,,,31490530,5b66688c-e2d1-ef11-8eea-6045bd0484af,72ea4760-2f38-ef11-840a-6045bd03203c,,72ea4760-2f38-ef11-840a-6045bd03203c,,72ea4760-2f38-ef11-840a-6045bd03203c,dc5c7cb8-6921-ef11-840b-0022480a10b0,
M47,"Missing/incomplete/invalid Payer Claim Control Number. Other terms exist for this element including, but not limited to, Internal Control Number (ICN), Claim Control Number (CCN), Document Control Number (DCN).",Katherine Higgins,rhaildev,Active,RARC,Katherine Higgins,,2025-01-13T19:14:03Z,,Katherine Higgins,,2025-01-22T22:40:15Z,,,Active,,,31490532,5c66688c-e2d1-ef11-8eea-6045bd0484af,72ea4760-2f38-ef11-840a-6045bd03203c,,72ea4760-2f38-ef11-840a-6045bd03203c,,72ea4760-2f38-ef11-840a-6045bd03203c,dc5c7cb8-6921-ef11-840b-0022480a10b0,
M49,Missing/incomplete/invalid value code(s) or amount(s).,Katherine Higgins,rhaildev,Active,RARC,Katherine Higgins,,2025-01-13T19:14:03Z,,Katherine Higgins,,2025-01-22T22:40:18Z,,,Active,,,31490534,5d66688c-e2d1-ef11-8eea-6045bd0484af,72ea4760-2f38-ef11-840a-6045bd03203c,,72ea4760-2f38-ef11-840a-6045bd03203c,,72ea4760-2f38-ef11-840a-6045bd03203c,dc5c7cb8-6921-ef11-840b-0022480a10b0,
M50,Missing/incomplete/invalid revenue code(s).,Katherine Higgins,rhaildev,Active,RARC,Katherine Higgins,,2025-01-13T19:14:03Z,,Katherine Higgins,,2025-01-22T22:40:23Z,,,Active,,,31490536,5f66688c-e2d1-ef11-8eea-6045bd0484af,72ea4760-2f38-ef11-840a-6045bd03203c,,72ea4760-2f38-ef11-840a-6045bd03203c,,72ea4760-2f38-ef11-840a-6045bd03203c,dc5c7cb8-6921-ef11-840b-0022480a10b0,
M51,Missing/incomplete/invalid procedure code(s).,Katherine Higgins,rhaildev,Active,RARC,Katherine Higgins,,2025-01-13T19:14:03Z,,Katherine Higgins,,2025-01-22T22:40:26Z,,,Active,,,31490538,6166688c-e2d1-ef11-8eea-6045bd0484af,72ea4760-2f38-ef11-840a-6045bd03203c,,72ea4760-2f38-ef11-840a-6045bd03203c,,72ea4760-2f38-ef11-840a-6045bd03203c,dc5c7cb8-6921-ef11-840b-0022480a10b0,
M52,Missing/incomplete/invalid 'from' date(s) of service.,Katherine Higgins,rhaildev,Active,RARC,Katherine Higgins,,2025-01-13T19:14:03Z,,Katherine Higgins,,2025-01-22T22:40:29Z,,,Active,,,31490540,6266688c-e2d1-ef11-8eea-6045bd0484af,72ea4760-2f38-ef11-840a-6045bd03203c,,72ea4760-2f38-ef11-840a-6045bd03203c,,72ea4760-2f38-ef11-840a-6045bd03203c,dc5c7cb8-6921-ef11-840b-0022480a10b0,
M53,Missing/incomplete/invalid days or units of service.,Katherine Higgins,rhaildev,Active,RARC,Katherine Higgins,,2025-01-13T19:14:03Z,,Katherine Higgins,,2025-01-22T22:40:45Z,,,Active,,,31490544,6366688c-e2d1-ef11-8eea-6045bd0484af,72ea4760-2f38-ef11-840a-6045bd03203c,,72ea4760-2f38-ef11-840a-6045bd03203c,,72ea4760-2f38-ef11-840a-6045bd03203c,dc5c7cb8-6921-ef11-840b-0022480a10b0,
M54,Missing/incomplete/invalid total charges.,Katherine Higgins,rhaildev,Active,RARC,Katherine Higgins,,2025-01-13T19:14:03Z,,Katherine Higgins,,2025-01-22T22:40:54Z,,,Active,,,31490550,6466688c-e2d1-ef11-8eea-6045bd0484af,72ea4760-2f38-ef11-840a-6045bd03203c,,72ea4760-2f38-ef11-840a-6045bd03203c,,72ea4760-2f38-ef11-840a-6045bd03203c,dc5c7cb8-6921-ef11-840b-0022480a10b0,
M55,"We do not pay for self-administered anti-emetic drugs that are not administered with a covered oral anti-cancer drug.
",Katherine Higgins,rhaildev,Active,RARC,Katherine Higgins,,2025-01-13T19:14:03Z,,Katherine Higgins,,2025-01-21T22:49:10Z,,,Active,,,31471101,6566688c-e2d1-ef11-8eea-6045bd0484af,72ea4760-2f38-ef11-840a-6045bd03203c,,72ea4760-2f38-ef11-840a-6045bd03203c,,72ea4760-2f38-ef11-840a-6045bd03203c,dc5c7cb8-6921-ef11-840b-0022480a10b0,
M56,Missing/incomplete/invalid payer identifier.,Katherine Higgins,rhaildev,Active,RARC,Katherine Higgins,,2025-01-13T19:14:03Z,,Katherine Higgins,,2025-01-22T22:41:02Z,,,Active,,,31490554,6666688c-e2d1-ef11-8eea-6045bd0484af,72ea4760-2f38-ef11-840a-6045bd03203c,,72ea4760-2f38-ef11-840a-6045bd03203c,,72ea4760-2f38-ef11-840a-6045bd03203c,dc5c7cb8-6921-ef11-840b-0022480a10b0,
M59,Missing/incomplete/invalid 'to' date(s) of service.,Katherine Higgins,rhaildev,Active,RARC,Katherine Higgins,,2025-01-13T19:14:03Z,,Katherine Higgins,,2025-01-22T22:41:10Z,,,Active,,,31490555,6766688c-e2d1-ef11-8eea-6045bd0484af,72ea4760-2f38-ef11-840a-6045bd03203c,,72ea4760-2f38-ef11-840a-6045bd03203c,,72ea4760-2f38-ef11-840a-6045bd03203c,dc5c7cb8-6921-ef11-840b-0022480a10b0,
M60,Missing Certificate of Medical Necessity.,Katherine Higgins,rhaildev,Active,RARC,Katherine Higgins,,2025-01-13T19:14:03Z,,Katherine Higgins,,2025-01-22T22:41:16Z,,,Active,,,31490557,6866688c-e2d1-ef11-8eea-6045bd0484af,72ea4760-2f38-ef11-840a-6045bd03203c,,72ea4760-2f38-ef11-840a-6045bd03203c,,72ea4760-2f38-ef11-840a-6045bd03203c,dc5c7cb8-6921-ef11-840b-0022480a10b0,
M61,"We cannot pay for this as the approval period for the FDA clinical trial has expired.
",Katherine Higgins,rhaildev,Active,RARC,Katherine Higgins,,2025-01-13T19:14:03Z,,Katherine Higgins,,2025-01-21T22:49:10Z,,,Active,,,31471106,6966688c-e2d1-ef11-8eea-6045bd0484af,72ea4760-2f38-ef11-840a-6045bd03203c,,72ea4760-2f38-ef11-840a-6045bd03203c,,72ea4760-2f38-ef11-840a-6045bd03203c,dc5c7cb8-6921-ef11-840b-0022480a10b0,
M62,Missing/incomplete/invalid treatment authorization code.,Katherine Higgins,rhaildev,Active,RARC,Katherine Higgins,,2025-01-13T19:14:03Z,,Katherine Higgins,,2025-01-22T22:41:35Z,,,Active,,,31490559,6a66688c-e2d1-ef11-8eea-6045bd0484af,72ea4760-2f38-ef11-840a-6045bd03203c,,72ea4760-2f38-ef11-840a-6045bd03203c,,72ea4760-2f38-ef11-840a-6045bd03203c,dc5c7cb8-6921-ef11-840b-0022480a10b0,
M64,Missing/incomplete/invalid other diagnosis.,Katherine Higgins,rhaildev,Active,RARC,Katherine Higgins,,2025-01-13T19:14:03Z,,Katherine Higgins,,2025-01-22T22:41:41Z,,,Active,,,31490562,6b66688c-e2d1-ef11-8eea-6045bd0484af,72ea4760-2f38-ef11-840a-6045bd03203c,,72ea4760-2f38-ef11-840a-6045bd03203c,,72ea4760-2f38-ef11-840a-6045bd03203c,dc5c7cb8-6921-ef11-840b-0022480a10b0,
M65,"One interpreting physician charge can be submitted per claim when a purchased diagnostic test is indicated. Please submit a separate claim for each interpreting physician.
",Katherine Higgins,rhaildev,Active,RARC,Katherine Higgins,,2025-01-13T19:14:03Z,,Katherine Higgins,,2025-01-21T22:49:10Z,,,Active,,,31471109,6c66688c-e2d1-ef11-8eea-6045bd0484af,72ea4760-2f38-ef11-840a-6045bd03203c,,72ea4760-2f38-ef11-840a-6045bd03203c,,72ea4760-2f38-ef11-840a-6045bd03203c,dc5c7cb8-6921-ef11-840b-0022480a10b0,
M66,"Our records indicate that you billed diagnostic tests subject to price limitations and the procedure code submitted includes a professional component. Only the technical component is subject to price limitations. Please submit the technical and professional components of this service as separate line items.
",Katherine Higgins,rhaildev,Active,RARC,Katherine Higgins,,2025-01-13T19:14:03Z,,Katherine Higgins,,2025-01-21T22:49:10Z,,,Active,,,31471110,6d66688c-e2d1-ef11-8eea-6045bd0484af,72ea4760-2f38-ef11-840a-6045bd03203c,,72ea4760-2f38-ef11-840a-6045bd03203c,,72ea4760-2f38-ef11-840a-6045bd03203c,dc5c7cb8-6921-ef11-840b-0022480a10b0,
M67,Missing/incomplete/invalid other procedure code(s).,Katherine Higgins,rhaildev,Active,RARC,Katherine Higgins,,2025-01-13T19:14:03Z,,Katherine Higgins,,2025-01-22T22:41:47Z,,,Active,,,31490564,6e66688c-e2d1-ef11-8eea-6045bd0484af,72ea4760-2f38-ef11-840a-6045bd03203c,,72ea4760-2f38-ef11-840a-6045bd03203c,,72ea4760-2f38-ef11-840a-6045bd03203c,dc5c7cb8-6921-ef11-840b-0022480a10b0,
M69,"Paid at the regular rate as you did not submit documentation to justify the modified procedure code.
Notes: (Modified 2/1/04)",Katherine Higgins,rhaildev,Active,RARC,Katherine Higgins,,2025-01-13T19:14:03Z,,Katherine Higgins,,2025-01-22T22:41:52Z,,,Active,,,31490566,6f66688c-e2d1-ef11-8eea-6045bd0484af,72ea4760-2f38-ef11-840a-6045bd03203c,,72ea4760-2f38-ef11-840a-6045bd03203c,,72ea4760-2f38-ef11-840a-6045bd03203c,dc5c7cb8-6921-ef11-840b-0022480a10b0,
M70,"Alert: The NDC code submitted for this service was translated to a HCPCS code for processing, but please continue to submit the NDC on future claims for this item.",Katherine Higgins,rhaildev,Active,RARC,Katherine Higgins,,2025-01-13T19:14:03Z,,Katherine Higgins,,2025-01-22T22:42:07Z,,,Active,,,31490568,7066688c-e2d1-ef11-8eea-6045bd0484af,72ea4760-2f38-ef11-840a-6045bd03203c,,72ea4760-2f38-ef11-840a-6045bd03203c,,72ea4760-2f38-ef11-840a-6045bd03203c,dc5c7cb8-6921-ef11-840b-0022480a10b0,
M71,"Total payment reduced due to overlap of tests billed.
",Katherine Higgins,rhaildev,Active,RARC,Katherine Higgins,,2025-01-13T19:14:03Z,,Katherine Higgins,,2025-01-21T22:49:10Z,,,Active,,,31471114,7166688c-e2d1-ef11-8eea-6045bd0484af,72ea4760-2f38-ef11-840a-6045bd03203c,,72ea4760-2f38-ef11-840a-6045bd03203c,,72ea4760-2f38-ef11-840a-6045bd03203c,dc5c7cb8-6921-ef11-840b-0022480a10b0,
M73,The HPSA/Physician Scarcity bonus can only be paid on the professional component of this service. Rebill as separate professional and technical components.,Katherine Higgins,rhaildev,Active,RARC,Katherine Higgins,,2025-01-13T19:14:03Z,,Katherine Higgins,,2025-01-22T22:44:15Z,,,Active,,,31490570,7266688c-e2d1-ef11-8eea-6045bd0484af,72ea4760-2f38-ef11-840a-6045bd03203c,,72ea4760-2f38-ef11-840a-6045bd03203c,,72ea4760-2f38-ef11-840a-6045bd03203c,dc5c7cb8-6921-ef11-840b-0022480a10b0,
M74,This service does not qualify for a HPSA/Physician Scarcity bonus payment.,Katherine Higgins,rhaildev,Active,RARC,Katherine Higgins,,2025-01-13T19:14:03Z,,Katherine Higgins,,2025-01-22T22:44:18Z,,,Active,,,31490572,7366688c-e2d1-ef11-8eea-6045bd0484af,72ea4760-2f38-ef11-840a-6045bd03203c,,72ea4760-2f38-ef11-840a-6045bd03203c,,72ea4760-2f38-ef11-840a-6045bd03203c,dc5c7cb8-6921-ef11-840b-0022480a10b0,
M75,Multiple automated multichannel tests performed on the same day combined for payment.,Katherine Higgins,rhaildev,Active,RARC,Katherine Higgins,,2025-01-13T19:14:03Z,,Katherine Higgins,,2025-01-22T22:44:22Z,,,Active,,,31490574,7466688c-e2d1-ef11-8eea-6045bd0484af,72ea4760-2f38-ef11-840a-6045bd03203c,,72ea4760-2f38-ef11-840a-6045bd03203c,,72ea4760-2f38-ef11-840a-6045bd03203c,dc5c7cb8-6921-ef11-840b-0022480a10b0,
M76,Missing/incomplete/invalid diagnosis or condition.,Katherine Higgins,rhaildev,Active,RARC,Katherine Higgins,,2025-01-13T19:14:03Z,,Katherine Higgins,,2025-01-22T22:44:25Z,,,Active,,,31490576,7566688c-e2d1-ef11-8eea-6045bd0484af,72ea4760-2f38-ef11-840a-6045bd03203c,,72ea4760-2f38-ef11-840a-6045bd03203c,,72ea4760-2f38-ef11-840a-6045bd03203c,dc5c7cb8-6921-ef11-840b-0022480a10b0,
M77,Missing/incomplete/invalid/inappropriate place of service.,Katherine Higgins,rhaildev,Active,RARC,Katherine Higgins,,2025-01-13T19:14:03Z,,Katherine Higgins,,2025-01-22T22:44:30Z,,,Active,,,31490578,7666688c-e2d1-ef11-8eea-6045bd0484af,72ea4760-2f38-ef11-840a-6045bd03203c,,72ea4760-2f38-ef11-840a-6045bd03203c,,72ea4760-2f38-ef11-840a-6045bd03203c,dc5c7cb8-6921-ef11-840b-0022480a10b0,
M79,Missing/incomplete/invalid charge.,Katherine Higgins,rhaildev,Active,RARC,Katherine Higgins,,2025-01-13T19:14:03Z,,Katherine Higgins,,2025-01-22T22:44:36Z,,,Active,,,31490580,7766688c-e2d1-ef11-8eea-6045bd0484af,72ea4760-2f38-ef11-840a-6045bd03203c,,72ea4760-2f38-ef11-840a-6045bd03203c,,72ea4760-2f38-ef11-840a-6045bd03203c,dc5c7cb8-6921-ef11-840b-0022480a10b0,
M80,Not covered when performed during the same session/date as a previously processed service for the patient.,Katherine Higgins,rhaildev,Active,RARC,Katherine Higgins,,2025-01-13T19:14:03Z,,Katherine Higgins,,2025-01-22T22:44:39Z,,,Active,,,31490582,7866688c-e2d1-ef11-8eea-6045bd0484af,72ea4760-2f38-ef11-840a-6045bd03203c,,72ea4760-2f38-ef11-840a-6045bd03203c,,72ea4760-2f38-ef11-840a-6045bd03203c,dc5c7cb8-6921-ef11-840b-0022480a10b0,
M81,You are required to code to the highest level of specificity.,Katherine Higgins,rhaildev,Active,RARC,Katherine Higgins,,2025-01-13T19:14:03Z,,Katherine Higgins,,2025-01-22T22:44:43Z,,,Active,,,31490584,7966688c-e2d1-ef11-8eea-6045bd0484af,72ea4760-2f38-ef11-840a-6045bd03203c,,72ea4760-2f38-ef11-840a-6045bd03203c,,72ea4760-2f38-ef11-840a-6045bd03203c,dc5c7cb8-6921-ef11-840b-0022480a10b0,
M82,"Service is not covered when patient is under age 50.
",Katherine Higgins,rhaildev,Active,RARC,Katherine Higgins,,2025-01-13T19:14:03Z,,Katherine Higgins,,2025-01-21T22:49:10Z,,,Active,,,31471123,7a66688c-e2d1-ef11-8eea-6045bd0484af,72ea4760-2f38-ef11-840a-6045bd03203c,,72ea4760-2f38-ef11-840a-6045bd03203c,,72ea4760-2f38-ef11-840a-6045bd03203c,dc5c7cb8-6921-ef11-840b-0022480a10b0,
M83,"Service is not covered unless the patient is classified as at high risk.
",Katherine Higgins,rhaildev,Active,RARC,Katherine Higgins,,2025-01-13T19:14:03Z,,Katherine Higgins,,2025-01-21T22:49:10Z,,,Active,,,31471124,7b66688c-e2d1-ef11-8eea-6045bd0484af,72ea4760-2f38-ef11-840a-6045bd03203c,,72ea4760-2f38-ef11-840a-6045bd03203c,,72ea4760-2f38-ef11-840a-6045bd03203c,dc5c7cb8-6921-ef11-840b-0022480a10b0,
M84,Medical code sets used must be the codes in effect at the time of service.,Katherine Higgins,rhaildev,Active,RARC,Katherine Higgins,,2025-01-13T19:14:03Z,,Katherine Higgins,,2025-01-22T22:44:59Z,,,Active,,,31490586,7c66688c-e2d1-ef11-8eea-6045bd0484af,72ea4760-2f38-ef11-840a-6045bd03203c,,72ea4760-2f38-ef11-840a-6045bd03203c,,72ea4760-2f38-ef11-840a-6045bd03203c,dc5c7cb8-6921-ef11-840b-0022480a10b0,
M85,"Subjected to review of physician evaluation and management services.
",Katherine Higgins,rhaildev,Active,RARC,Katherine Higgins,,2025-01-13T19:14:03Z,,Katherine Higgins,,2025-01-21T22:49:10Z,,,Active,,,31471126,7d66688c-e2d1-ef11-8eea-6045bd0484af,72ea4760-2f38-ef11-840a-6045bd03203c,,72ea4760-2f38-ef11-840a-6045bd03203c,,72ea4760-2f38-ef11-840a-6045bd03203c,dc5c7cb8-6921-ef11-840b-0022480a10b0,
M86,Service denied because payment already made for same/similar procedure within set time frame.,Katherine Higgins,rhaildev,Active,RARC,Katherine Higgins,,2025-01-13T19:14:04Z,,Katherine Higgins,,2025-01-22T22:45:04Z,,,Active,,,31490592,7e66688c-e2d1-ef11-8eea-6045bd0484af,72ea4760-2f38-ef11-840a-6045bd03203c,,72ea4760-2f38-ef11-840a-6045bd03203c,,72ea4760-2f38-ef11-840a-6045bd03203c,dc5c7cb8-6921-ef11-840b-0022480a10b0,
M87,"Claim/service(s) subjected to CFO-CAP prepayment review.
",Katherine Higgins,rhaildev,Active,RARC,Katherine Higgins,,2025-01-13T19:14:04Z,,Katherine Higgins,,2025-01-21T22:49:10Z,,,Active,,,31471128,7f66688c-e2d1-ef11-8eea-6045bd0484af,72ea4760-2f38-ef11-840a-6045bd03203c,,72ea4760-2f38-ef11-840a-6045bd03203c,,72ea4760-2f38-ef11-840a-6045bd03203c,dc5c7cb8-6921-ef11-840b-0022480a10b0,
M89,"Not covered more than once under age 40.
",Katherine Higgins,rhaildev,Active,RARC,Katherine Higgins,,2025-01-13T19:14:04Z,,Katherine Higgins,,2025-01-21T22:49:10Z,,,Active,,,31471129,8066688c-e2d1-ef11-8eea-6045bd0484af,72ea4760-2f38-ef11-840a-6045bd03203c,,72ea4760-2f38-ef11-840a-6045bd03203c,,72ea4760-2f38-ef11-840a-6045bd03203c,dc5c7cb8-6921-ef11-840b-0022480a10b0,
M90,"Not covered more than once in a 12 month period.
",Katherine Higgins,rhaildev,Active,RARC,Katherine Higgins,,2025-01-13T19:14:04Z,,Katherine Higgins,,2025-01-21T22:49:10Z,,,Active,,,31471130,8166688c-e2d1-ef11-8eea-6045bd0484af,72ea4760-2f38-ef11-840a-6045bd03203c,,72ea4760-2f38-ef11-840a-6045bd03203c,,72ea4760-2f38-ef11-840a-6045bd03203c,dc5c7cb8-6921-ef11-840b-0022480a10b0,
M91,"Lab procedures with different CLIA certification numbers must be billed on separate claims.
",Katherine Higgins,rhaildev,Active,RARC,Katherine Higgins,,2025-01-13T19:14:04Z,,Katherine Higgins,,2025-01-21T22:49:10Z,,,Active,,,31471131,8266688c-e2d1-ef11-8eea-6045bd0484af,72ea4760-2f38-ef11-840a-6045bd03203c,,72ea4760-2f38-ef11-840a-6045bd03203c,,72ea4760-2f38-ef11-840a-6045bd03203c,dc5c7cb8-6921-ef11-840b-0022480a10b0,
M93,"Information supplied supports a break in therapy. A new capped rental period began with delivery of this equipment.
",Katherine Higgins,rhaildev,Active,RARC,Katherine Higgins,,2025-01-13T19:14:04Z,,Katherine Higgins,,2025-01-21T22:49:10Z,,,Active,,,31471132,8366688c-e2d1-ef11-8eea-6045bd0484af,72ea4760-2f38-ef11-840a-6045bd03203c,,72ea4760-2f38-ef11-840a-6045bd03203c,,72ea4760-2f38-ef11-840a-6045bd03203c,dc5c7cb8-6921-ef11-840b-0022480a10b0,
M94,"Information supplied does not support a break in therapy. A new capped rental period will not begin.
",Katherine Higgins,rhaildev,Active,RARC,Katherine Higgins,,2025-01-13T19:14:04Z,,Katherine Higgins,,2025-01-21T22:49:10Z,,,Active,,,31471133,8466688c-e2d1-ef11-8eea-6045bd0484af,72ea4760-2f38-ef11-840a-6045bd03203c,,72ea4760-2f38-ef11-840a-6045bd03203c,,72ea4760-2f38-ef11-840a-6045bd03203c,dc5c7cb8-6921-ef11-840b-0022480a10b0,
M95,"Services subjected to Home Health Initiative medical review/cost report audit.
",Katherine Higgins,rhaildev,Active,RARC,Katherine Higgins,,2025-01-13T19:14:04Z,,Katherine Higgins,,2025-01-21T22:49:10Z,,,Active,,,31471134,8566688c-e2d1-ef11-8eea-6045bd0484af,72ea4760-2f38-ef11-840a-6045bd03203c,,72ea4760-2f38-ef11-840a-6045bd03203c,,72ea4760-2f38-ef11-840a-6045bd03203c,dc5c7cb8-6921-ef11-840b-0022480a10b0,
M96,"The technical component of a service furnished to an inpatient may only be billed by that inpatient facility. You must contact the inpatient facility for technical component reimbursement. If not already billed, you should bill us for the professional component only.
",Katherine Higgins,rhaildev,Active,RARC,Katherine Higgins,,2025-01-13T19:14:04Z,,Katherine Higgins,,2025-01-21T22:49:10Z,,,Active,,,31471135,8666688c-e2d1-ef11-8eea-6045bd0484af,72ea4760-2f38-ef11-840a-6045bd03203c,,72ea4760-2f38-ef11-840a-6045bd03203c,,72ea4760-2f38-ef11-840a-6045bd03203c,dc5c7cb8-6921-ef11-840b-0022480a10b0,
M97,"Not paid to practitioner when provided to patient in this place of service. Payment included in the reimbursement issued the facility.
",Katherine Higgins,rhaildev,Active,RARC,Katherine Higgins,,2025-01-13T19:14:04Z,,Katherine Higgins,,2025-01-21T22:49:10Z,,,Active,,,31471136,8766688c-e2d1-ef11-8eea-6045bd0484af,72ea4760-2f38-ef11-840a-6045bd03203c,,72ea4760-2f38-ef11-840a-6045bd03203c,,72ea4760-2f38-ef11-840a-6045bd03203c,dc5c7cb8-6921-ef11-840b-0022480a10b0,
M99,Missing/incomplete/invalid Universal Product Number/Serial Number.,Katherine Higgins,rhaildev,Active,RARC,Katherine Higgins,,2025-01-13T19:14:04Z,,Katherine Higgins,,2025-01-22T22:45:19Z,,,Active,,,31490596,8866688c-e2d1-ef11-8eea-6045bd0484af,72ea4760-2f38-ef11-840a-6045bd03203c,,72ea4760-2f38-ef11-840a-6045bd03203c,,72ea4760-2f38-ef11-840a-6045bd03203c,dc5c7cb8-6921-ef11-840b-0022480a10b0,
M100,"We do not pay for an oral anti-emetic drug that is not administered for use immediately before, at, or within 48 hours of administration of a covered chemotherapy drug.
",Katherine Higgins,rhaildev,Active,RARC,Katherine Higgins,,2025-01-13T19:14:04Z,,Katherine Higgins,,2025-01-21T22:49:10Z,,,Active,,,31471138,8966688c-e2d1-ef11-8eea-6045bd0484af,72ea4760-2f38-ef11-840a-6045bd03203c,,72ea4760-2f38-ef11-840a-6045bd03203c,,72ea4760-2f38-ef11-840a-6045bd03203c,dc5c7cb8-6921-ef11-840b-0022480a10b0,
M102,"Service not performed on equipment approved by the FDA for this purpose.
",Katherine Higgins,rhaildev,Active,RARC,Katherine Higgins,,2025-01-13T19:14:04Z,,Katherine Higgins,,2025-01-21T22:49:10Z,,,Active,,,31471139,8a66688c-e2d1-ef11-8eea-6045bd0484af,72ea4760-2f38-ef11-840a-6045bd03203c,,72ea4760-2f38-ef11-840a-6045bd03203c,,72ea4760-2f38-ef11-840a-6045bd03203c,dc5c7cb8-6921-ef11-840b-0022480a10b0,
M103,"Information supplied supports a break in therapy. However, the medical information we have for this patient does not support the need for this item as billed. We have approved payment for this item at a reduced level, and a new capped rental period will begin with the delivery of this equipment.
",Katherine Higgins,rhaildev,Active,RARC,Katherine Higgins,,2025-01-13T19:14:04Z,,Katherine Higgins,,2025-01-21T22:49:11Z,,,Active,,,31471140,8b66688c-e2d1-ef11-8eea-6045bd0484af,72ea4760-2f38-ef11-840a-6045bd03203c,,72ea4760-2f38-ef11-840a-6045bd03203c,,72ea4760-2f38-ef11-840a-6045bd03203c,dc5c7cb8-6921-ef11-840b-0022480a10b0,
M104,"Information supplied supports a break in therapy. A new capped rental period will begin with delivery of the equipment. This is the maximum approved under the fee schedule for this item or service.
",Katherine Higgins,rhaildev,Active,RARC,Katherine Higgins,,2025-01-13T19:14:04Z,,Katherine Higgins,,2025-01-21T22:49:11Z,,,Active,,,31471141,8c66688c-e2d1-ef11-8eea-6045bd0484af,72ea4760-2f38-ef11-840a-6045bd03203c,,72ea4760-2f38-ef11-840a-6045bd03203c,,72ea4760-2f38-ef11-840a-6045bd03203c,dc5c7cb8-6921-ef11-840b-0022480a10b0,
M105,"Information supplied does not support a break in therapy. The medical information we have for this patient does not support the need for this item as billed. We have approved payment for this item at a reduced level, and a new capped rental period will not begin.
",Katherine Higgins,rhaildev,Active,RARC,Katherine Higgins,,2025-01-13T19:14:04Z,,Katherine Higgins,,2025-01-21T22:49:11Z,,,Active,,,31471142,8d66688c-e2d1-ef11-8eea-6045bd0484af,72ea4760-2f38-ef11-840a-6045bd03203c,,72ea4760-2f38-ef11-840a-6045bd03203c,,72ea4760-2f38-ef11-840a-6045bd03203c,dc5c7cb8-6921-ef11-840b-0022480a10b0,
M107,"Payment reduced as 90-day rolling average hematocrit for ESRD patient exceeded 36.5%.
",Katherine Higgins,rhaildev,Active,RARC,Katherine Higgins,,2025-01-13T19:14:04Z,,Katherine Higgins,,2025-01-21T22:49:11Z,,,Active,,,31471143,8e66688c-e2d1-ef11-8eea-6045bd0484af,72ea4760-2f38-ef11-840a-6045bd03203c,,72ea4760-2f38-ef11-840a-6045bd03203c,,72ea4760-2f38-ef11-840a-6045bd03203c,dc5c7cb8-6921-ef11-840b-0022480a10b0,
M109,"We have provided you with a bundled payment for a teleconsultation. You must send 25 percent of the teleconsultation payment to the referring practitioner.
",Katherine Higgins,rhaildev,Active,RARC,Katherine Higgins,,2025-01-13T19:14:04Z,,Katherine Higgins,,2025-01-21T22:49:11Z,,,Active,,,31471144,8f66688c-e2d1-ef11-8eea-6045bd0484af,72ea4760-2f38-ef11-840a-6045bd03203c,,72ea4760-2f38-ef11-840a-6045bd03203c,,72ea4760-2f38-ef11-840a-6045bd03203c,dc5c7cb8-6921-ef11-840b-0022480a10b0,
M111,"We do not pay for chiropractic manipulative treatment when the patient refuses to have an x-ray taken.
",Katherine Higgins,rhaildev,Active,RARC,Katherine Higgins,,2025-01-13T19:14:04Z,,Katherine Higgins,,2025-01-21T22:49:11Z,,,Active,,,31471145,9066688c-e2d1-ef11-8eea-6045bd0484af,72ea4760-2f38-ef11-840a-6045bd03203c,,72ea4760-2f38-ef11-840a-6045bd03203c,,72ea4760-2f38-ef11-840a-6045bd03203c,dc5c7cb8-6921-ef11-840b-0022480a10b0,
M112,"Reimbursement for this item is based on the single payment amount required under the DMEPOS Competitive Bidding Program for the area where the patient resides.
 | Last Modified: 11/05/2007
Notes: (Modified 11/5/07)",Katherine Higgins,rhaildev,Active,RARC,Katherine Higgins,,2025-01-13T19:14:04Z,,Katherine Higgins,,2025-01-21T22:49:11Z,,,Active,,,31471146,9166688c-e2d1-ef11-8eea-6045bd0484af,72ea4760-2f38-ef11-840a-6045bd03203c,,72ea4760-2f38-ef11-840a-6045bd03203c,,72ea4760-2f38-ef11-840a-6045bd03203c,dc5c7cb8-6921-ef11-840b-0022480a10b0,
M113,"Our records indicate that this patient began using this item/service prior to the current contract period for the DMEPOS Competitive Bidding Program.
 | Last Modified: 11/05/2007
Notes: (Modified 11/5/07)",Katherine Higgins,rhaildev,Active,RARC,Katherine Higgins,,2025-01-13T19:14:04Z,,Katherine Higgins,,2025-01-21T22:49:11Z,,,Active,,,31471147,9266688c-e2d1-ef11-8eea-6045bd0484af,72ea4760-2f38-ef11-840a-6045bd03203c,,72ea4760-2f38-ef11-840a-6045bd03203c,,72ea4760-2f38-ef11-840a-6045bd03203c,dc5c7cb8-6921-ef11-840b-0022480a10b0,
M114,"This service was processed in accordance with rules and guidelines under the DMEPOS Competitive Bidding Program or a Demonstration Project. For more information regarding these projects, contact your local contractor.
 | Last Modified: 11/05/2007
Notes: (Modified 8/1/06, 11/5/07)",Katherine Higgins,rhaildev,Active,RARC,Katherine Higgins,,2025-01-13T19:14:04Z,,Katherine Higgins,,2025-01-21T22:49:11Z,,,Active,,,31471148,9366688c-e2d1-ef11-8eea-6045bd0484af,72ea4760-2f38-ef11-840a-6045bd03203c,,72ea4760-2f38-ef11-840a-6045bd03203c,,72ea4760-2f38-ef11-840a-6045bd03203c,dc5c7cb8-6921-ef11-840b-0022480a10b0,
M115,"This item is denied when provided to this patient by a non-contract or non-demonstration supplier.
 | Last Modified: 11/05/2007
Notes: (Modified 11/5/2007)",Katherine Higgins,rhaildev,Active,RARC,Katherine Higgins,,2025-01-13T19:14:04Z,,Katherine Higgins,,2025-01-21T22:49:11Z,,,Active,,,31471149,9466688c-e2d1-ef11-8eea-6045bd0484af,72ea4760-2f38-ef11-840a-6045bd03203c,,72ea4760-2f38-ef11-840a-6045bd03203c,,72ea4760-2f38-ef11-840a-6045bd03203c,dc5c7cb8-6921-ef11-840b-0022480a10b0,
M116,"Processed under a demonstration project or program. Project or program is ending and additional services may not be paid under this project or program.
 | Last Modified: 03/08/2011
Notes: (Modified 2/1/04, 3/15/11)",Katherine Higgins,rhaildev,Active,RARC,Katherine Higgins,,2025-01-13T19:14:04Z,,Katherine Higgins,,2025-01-21T22:49:11Z,,,Active,,,31471150,9566688c-e2d1-ef11-8eea-6045bd0484af,72ea4760-2f38-ef11-840a-6045bd03203c,,72ea4760-2f38-ef11-840a-6045bd03203c,,72ea4760-2f38-ef11-840a-6045bd03203c,dc5c7cb8-6921-ef11-840b-0022480a10b0,
M117,"Not covered unless submitted via electronic claim.
 | Last Modified: 06/30/2003
Notes: (Modified 6/30/03)",Katherine Higgins,rhaildev,Active,RARC,Katherine Higgins,,2025-01-13T19:14:04Z,,Katherine Higgins,,2025-01-21T22:49:11Z,,,Active,,,31471151,9666688c-e2d1-ef11-8eea-6045bd0484af,72ea4760-2f38-ef11-840a-6045bd03203c,,72ea4760-2f38-ef11-840a-6045bd03203c,,72ea4760-2f38-ef11-840a-6045bd03203c,dc5c7cb8-6921-ef11-840b-0022480a10b0,
M119,"Missing/incomplete/invalid/ deactivated/withdrawn National Drug Code (NDC).
 | Last Modified: 04/01/2007
Notes: (Modified 2/28/03, 4/1/04)",Katherine Higgins,rhaildev,Active,RARC,Katherine Higgins,,2025-01-13T19:14:04Z,,Katherine Higgins,,2025-01-21T22:49:11Z,,,Active,,,31471152,9766688c-e2d1-ef11-8eea-6045bd0484af,72ea4760-2f38-ef11-840a-6045bd03203c,,72ea4760-2f38-ef11-840a-6045bd03203c,,72ea4760-2f38-ef11-840a-6045bd03203c,dc5c7cb8-6921-ef11-840b-0022480a10b0,
M121,"We pay for this service only when performed with a covered cryosurgical ablation.
",Katherine Higgins,rhaildev,Active,RARC,Katherine Higgins,,2025-01-13T19:14:04Z,,Katherine Higgins,,2025-01-21T22:49:11Z,,,Active,,,31471153,9866688c-e2d1-ef11-8eea-6045bd0484af,72ea4760-2f38-ef11-840a-6045bd03203c,,72ea4760-2f38-ef11-840a-6045bd03203c,,72ea4760-2f38-ef11-840a-6045bd03203c,dc5c7cb8-6921-ef11-840b-0022480a10b0,
M122,"Missing/incomplete/invalid level of subluxation.
 | Last Modified: 02/28/2006
Notes: (Modified 2/28/03)",Katherine Higgins,rhaildev,Active,RARC,Katherine Higgins,,2025-01-13T19:14:04Z,,Katherine Higgins,,2025-01-21T22:49:11Z,,,Active,,,31471154,9966688c-e2d1-ef11-8eea-6045bd0484af,72ea4760-2f38-ef11-840a-6045bd03203c,,72ea4760-2f38-ef11-840a-6045bd03203c,,72ea4760-2f38-ef11-840a-6045bd03203c,dc5c7cb8-6921-ef11-840b-0022480a10b0,
M123,"Missing/incomplete/invalid name, strength, or dosage of the drug furnished.
 | Last Modified: 02/28/2003
Notes: (Modified 2/28/03)",Katherine Higgins,rhaildev,Active,RARC,Katherine Higgins,,2025-01-13T19:14:04Z,,Katherine Higgins,,2025-01-21T22:49:11Z,,,Active,,,31471155,9a66688c-e2d1-ef11-8eea-6045bd0484af,72ea4760-2f38-ef11-840a-6045bd03203c,,72ea4760-2f38-ef11-840a-6045bd03203c,,72ea4760-2f38-ef11-840a-6045bd03203c,dc5c7cb8-6921-ef11-840b-0022480a10b0,
M124,"Missing indication of whether the patient owns the equipment that requires the part or supply.
 | Last Modified: 02/28/2003
Notes: (Modified 2/28/03) Related to N230",Katherine Higgins,rhaildev,Active,RARC,Katherine Higgins,,2025-01-13T19:14:04Z,,Katherine Higgins,,2025-01-21T22:49:11Z,,,Active,,,31471156,9b66688c-e2d1-ef11-8eea-6045bd0484af,72ea4760-2f38-ef11-840a-6045bd03203c,,72ea4760-2f38-ef11-840a-6045bd03203c,,72ea4760-2f38-ef11-840a-6045bd03203c,dc5c7cb8-6921-ef11-840b-0022480a10b0,
M125,"Missing/incomplete/invalid information on the period of time for which the service/supply/equipment will be needed.
 | Last Modified: 02/28/2003
Notes: (Modified 2/28/03)",Katherine Higgins,rhaildev,Active,RARC,Katherine Higgins,,2025-01-13T19:14:04Z,,Katherine Higgins,,2025-01-21T22:49:11Z,,,Active,,,31471157,9c66688c-e2d1-ef11-8eea-6045bd0484af,72ea4760-2f38-ef11-840a-6045bd03203c,,72ea4760-2f38-ef11-840a-6045bd03203c,,72ea4760-2f38-ef11-840a-6045bd03203c,dc5c7cb8-6921-ef11-840b-0022480a10b0,
M126,"Missing/incomplete/invalid individual lab codes included in the test.
 | Last Modified: 02/28/2003
Notes: (Modified 2/28/03)",Katherine Higgins,rhaildev,Active,RARC,Katherine Higgins,,2025-01-13T19:14:04Z,,Katherine Higgins,,2025-01-21T22:49:11Z,,,Active,,,31471158,9d66688c-e2d1-ef11-8eea-6045bd0484af,72ea4760-2f38-ef11-840a-6045bd03203c,,72ea4760-2f38-ef11-840a-6045bd03203c,,72ea4760-2f38-ef11-840a-6045bd03203c,dc5c7cb8-6921-ef11-840b-0022480a10b0,
M127,"Missing patient medical record for this service.
 | Last Modified: 02/28/2003
Notes: (Modified 2/28/03) Related to N237",Katherine Higgins,rhaildev,Active,RARC,Katherine Higgins,,2025-01-13T19:14:04Z,,Katherine Higgins,,2025-01-21T22:49:11Z,,,Active,,,31471159,9e66688c-e2d1-ef11-8eea-6045bd0484af,72ea4760-2f38-ef11-840a-6045bd03203c,,72ea4760-2f38-ef11-840a-6045bd03203c,,72ea4760-2f38-ef11-840a-6045bd03203c,dc5c7cb8-6921-ef11-840b-0022480a10b0,
N809,"Alert: The fee schedule amount for this service was adjusted based on prior competitive bidding rates. For more information, contact your local contractor.",Katherine Higgins,rhaildev,Active,RARC,Katherine Higgins,,2025-01-13T19:14:25Z,,Katherine Higgins,,2025-01-22T23:37:43Z,,,Active,,,31491925,bce49c94-e2d1-ef11-8eea-6045bd0484af,72ea4760-2f38-ef11-840a-6045bd03203c,,72ea4760-2f38-ef11-840a-6045bd03203c,,72ea4760-2f38-ef11-840a-6045bd03203c,dc5c7cb8-6921-ef11-840b-0022480a10b0,
N810,"Alert: Due to federal, state or local disaster declaration, this claim has been processed at the in-network level of benefit. At the conclusion or expiration of the disaster declaration, network payment rules will be reinstated.",Katherine Higgins,rhaildev,Active,RARC,Katherine Higgins,,2025-01-13T19:14:25Z,,Katherine Higgins,,2025-01-22T23:37:51Z,,,Active,,,31491933,bde49c94-e2d1-ef11-8eea-6045bd0484af,72ea4760-2f38-ef11-840a-6045bd03203c,,72ea4760-2f38-ef11-840a-6045bd03203c,,72ea4760-2f38-ef11-840a-6045bd03203c,dc5c7cb8-6921-ef11-840b-0022480a10b0,
N811,Missing Federal Sequestration Reduction from Prior Payer.,Katherine Higgins,rhaildev,Active,RARC,Katherine Higgins,,2025-01-13T19:14:25Z,,Katherine Higgins,,2025-01-22T23:37:55Z,,,Active,,,31491935,bee49c94-e2d1-ef11-8eea-6045bd0484af,72ea4760-2f38-ef11-840a-6045bd03203c,,72ea4760-2f38-ef11-840a-6045bd03203c,,72ea4760-2f38-ef11-840a-6045bd03203c,dc5c7cb8-6921-ef11-840b-0022480a10b0,
N812,The start service date through end service date cannot span greater than 18 months.,Katherine Higgins,rhaildev,Active,RARC,Katherine Higgins,,2025-01-13T19:14:25Z,,Katherine Higgins,,2025-01-22T23:37:57Z,,,Active,,,31491937,bfe49c94-e2d1-ef11-8eea-6045bd0484af,72ea4760-2f38-ef11-840a-6045bd03203c,,72ea4760-2f38-ef11-840a-6045bd03203c,,72ea4760-2f38-ef11-840a-6045bd03203c,dc5c7cb8-6921-ef11-840b-0022480a10b0,
N815,Missing/Incomplete/Invalid NDC Unit Count,Katherine Higgins,rhaildev,Active,RARC,Katherine Higgins,,2025-01-13T19:14:25Z,,Katherine Higgins,,2025-01-22T23:38:00Z,,,Active,,,31491939,c0e49c94-e2d1-ef11-8eea-6045bd0484af,72ea4760-2f38-ef11-840a-6045bd03203c,,72ea4760-2f38-ef11-840a-6045bd03203c,,72ea4760-2f38-ef11-840a-6045bd03203c,dc5c7cb8-6921-ef11-840b-0022480a10b0,
N816,Missing/Incomplete/Invalid NDC Unit of Measure,Katherine Higgins,rhaildev,Active,RARC,Katherine Higgins,,2025-01-13T19:14:25Z,,Katherine Higgins,,2025-01-22T23:38:03Z,,,Active,,,31491941,c1e49c94-e2d1-ef11-8eea-6045bd0484af,72ea4760-2f38-ef11-840a-6045bd03203c,,72ea4760-2f38-ef11-840a-6045bd03203c,,72ea4760-2f38-ef11-840a-6045bd03203c,dc5c7cb8-6921-ef11-840b-0022480a10b0,
N817,"Alert: Applicable laboratories are required to collect and report private payor data and report that data to CMS between January 1, 2020 - March 31, 2020.",Katherine Higgins,rhaildev,Active,RARC,Katherine Higgins,,2025-01-13T19:14:25Z,,Katherine Higgins,,2025-01-22T23:38:07Z,,,Active,,,31491943,c2e49c94-e2d1-ef11-8eea-6045bd0484af,72ea4760-2f38-ef11-840a-6045bd03203c,,72ea4760-2f38-ef11-840a-6045bd03203c,,72ea4760-2f38-ef11-840a-6045bd03203c,dc5c7cb8-6921-ef11-840b-0022480a10b0,
N818,Claims Dates of Service do not match Electronic Visit Verification System.,Katherine Higgins,rhaildev,Active,RARC,Katherine Higgins,,2025-01-13T19:14:25Z,,Katherine Higgins,,2025-01-22T23:38:10Z,,,Active,,,31491945,c3e49c94-e2d1-ef11-8eea-6045bd0484af,72ea4760-2f38-ef11-840a-6045bd03203c,,72ea4760-2f38-ef11-840a-6045bd03203c,,72ea4760-2f38-ef11-840a-6045bd03203c,dc5c7cb8-6921-ef11-840b-0022480a10b0,
N819,Patient not enrolled in Electronic Visit Verification System.,Katherine Higgins,rhaildev,Active,RARC,Katherine Higgins,,2025-01-13T19:14:25Z,,Katherine Higgins,,2025-01-22T23:38:13Z,,,Active,,,31491947,c4e49c94-e2d1-ef11-8eea-6045bd0484af,72ea4760-2f38-ef11-840a-6045bd03203c,,72ea4760-2f38-ef11-840a-6045bd03203c,,72ea4760-2f38-ef11-840a-6045bd03203c,dc5c7cb8-6921-ef11-840b-0022480a10b0,
N820,Electronic Visit Verification System units do not meet requirements of visit.,Katherine Higgins,rhaildev,Active,RARC,Katherine Higgins,,2025-01-13T19:14:25Z,,Katherine Higgins,,2025-01-22T23:38:24Z,,,Active,,,31491951,c5e49c94-e2d1-ef11-8eea-6045bd0484af,72ea4760-2f38-ef11-840a-6045bd03203c,,72ea4760-2f38-ef11-840a-6045bd03203c,,72ea4760-2f38-ef11-840a-6045bd03203c,dc5c7cb8-6921-ef11-840b-0022480a10b0,
N821,Electronic Visit Verification System visit not found.,Katherine Higgins,rhaildev,Active,RARC,Katherine Higgins,,2025-01-13T19:14:25Z,,Katherine Higgins,,2025-01-22T23:38:26Z,,,Active,,,31491953,c6e49c94-e2d1-ef11-8eea-6045bd0484af,72ea4760-2f38-ef11-840a-6045bd03203c,,72ea4760-2f38-ef11-840a-6045bd03203c,,72ea4760-2f38-ef11-840a-6045bd03203c,dc5c7cb8-6921-ef11-840b-0022480a10b0,
N822,Missing procedure modifier(s).,Katherine Higgins,rhaildev,Active,RARC,Katherine Higgins,,2025-01-13T19:14:25Z,,Katherine Higgins,,2025-01-22T23:38:29Z,,,Active,,,31491955,c7e49c94-e2d1-ef11-8eea-6045bd0484af,72ea4760-2f38-ef11-840a-6045bd03203c,,72ea4760-2f38-ef11-840a-6045bd03203c,,72ea4760-2f38-ef11-840a-6045bd03203c,dc5c7cb8-6921-ef11-840b-0022480a10b0,
N823,Incomplete/Invalid procedure modifier(s).,Katherine Higgins,rhaildev,Active,RARC,Katherine Higgins,,2025-01-13T19:14:25Z,,Katherine Higgins,,2025-01-22T23:38:32Z,,,Active,,,31491957,c8e49c94-e2d1-ef11-8eea-6045bd0484af,72ea4760-2f38-ef11-840a-6045bd03203c,,72ea4760-2f38-ef11-840a-6045bd03203c,,72ea4760-2f38-ef11-840a-6045bd03203c,dc5c7cb8-6921-ef11-840b-0022480a10b0,
N824,Electronic Visit Verification (EVV) data must be submitted through EVV Vendor.,Katherine Higgins,rhaildev,Active,RARC,Katherine Higgins,,2025-01-13T19:14:25Z,,Katherine Higgins,,2025-01-22T23:38:35Z,,,Active,,,31491959,c9e49c94-e2d1-ef11-8eea-6045bd0484af,72ea4760-2f38-ef11-840a-6045bd03203c,,72ea4760-2f38-ef11-840a-6045bd03203c,,72ea4760-2f38-ef11-840a-6045bd03203c,dc5c7cb8-6921-ef11-840b-0022480a10b0,
N825,Early intervention guidelines were not met.,Katherine Higgins,rhaildev,Active,RARC,Katherine Higgins,,2025-01-13T19:14:25Z,,Katherine Higgins,,2025-01-22T23:38:38Z,,,Active,,,31491961,cae49c94-e2d1-ef11-8eea-6045bd0484af,72ea4760-2f38-ef11-840a-6045bd03203c,,72ea4760-2f38-ef11-840a-6045bd03203c,,72ea4760-2f38-ef11-840a-6045bd03203c,dc5c7cb8-6921-ef11-840b-0022480a10b0,
N826,Patient did not meet the inclusion criteria for the Medicare Shared Savings Program.,Katherine Higgins,rhaildev,Active,RARC,Katherine Higgins,,2025-01-13T19:14:25Z,,Katherine Higgins,,2025-01-22T23:38:40Z,,,Active,,,31491963,cbe49c94-e2d1-ef11-8eea-6045bd0484af,72ea4760-2f38-ef11-840a-6045bd03203c,,72ea4760-2f38-ef11-840a-6045bd03203c,,72ea4760-2f38-ef11-840a-6045bd03203c,dc5c7cb8-6921-ef11-840b-0022480a10b0,
N827,Missing/Incomplete/Invalid Federal Information Processing Standard (FIPS) Code.,Katherine Higgins,rhaildev,Active,RARC,Katherine Higgins,,2025-01-13T19:14:25Z,,Katherine Higgins,,2025-01-22T23:38:43Z,,,Active,,,31491965,cce49c94-e2d1-ef11-8eea-6045bd0484af,72ea4760-2f38-ef11-840a-6045bd03203c,,72ea4760-2f38-ef11-840a-6045bd03203c,,72ea4760-2f38-ef11-840a-6045bd03203c,dc5c7cb8-6921-ef11-840b-0022480a10b0,
N828,Alert: Payment is suppressed due to a contracted funding.,Katherine Higgins,rhaildev,Active,RARC,Katherine Higgins,,2025-01-13T19:14:25Z,,Katherine Higgins,,2025-01-22T23:38:45Z,,,Active,,,31491967,cde49c94-e2d1-ef11-8eea-6045bd0484af,72ea4760-2f38-ef11-840a-6045bd03203c,,72ea4760-2f38-ef11-840a-6045bd03203c,,72ea4760-2f38-ef11-840a-6045bd03203c,dc5c7cb8-6921-ef11-840b-0022480a10b0,
N829,Missing/incomplete/invalid Diagnostics Exchange Z-Code Identifier.,Katherine Higgins,rhaildev,Active,RARC,Katherine Higgins,,2025-01-13T19:14:25Z,,Katherine Higgins,,2025-01-22T23:38:48Z,,,Active,,,31491969,cee49c94-e2d1-ef11-8eea-6045bd0484af,72ea4760-2f38-ef11-840a-6045bd03203c,,72ea4760-2f38-ef11-840a-6045bd03203c,,72ea4760-2f38-ef11-840a-6045bd03203c,dc5c7cb8-6921-ef11-840b-0022480a10b0,
N830,"Alert: The charge[s] for this service was processed in accordance with Federal/ State, Balance Billing/ No Surprise Billing regulations. As such, any amount identified with OA, CO, or PI cannot be collected from the member and may be considered provider liability or be billable to a subsequent payer. Any amount the provider collected over the identified PR amount must be refunded to the patient within applicable Federal/State timeframes. Payment amounts are eligible for dispute pursuant to any Federal/State documented appeal/grievance process(es).",Katherine Higgins,rhaildev,Active,RARC,Katherine Higgins,,2025-01-13T19:14:25Z,,Katherine Higgins,,2025-01-22T23:39:03Z,,,Active,,,31491973,cfe49c94-e2d1-ef11-8eea-6045bd0484af,72ea4760-2f38-ef11-840a-6045bd03203c,,72ea4760-2f38-ef11-840a-6045bd03203c,,72ea4760-2f38-ef11-840a-6045bd03203c,dc5c7cb8-6921-ef11-840b-0022480a10b0,
N831,You have not responded to requests to revalidate your provider/supplier enrollment information.,Katherine Higgins,rhaildev,Active,RARC,Katherine Higgins,,2025-01-13T19:14:25Z,,Katherine Higgins,,2025-01-22T23:39:05Z,,,Active,,,31491975,d0e49c94-e2d1-ef11-8eea-6045bd0484af,72ea4760-2f38-ef11-840a-6045bd03203c,,72ea4760-2f38-ef11-840a-6045bd03203c,,72ea4760-2f38-ef11-840a-6045bd03203c,dc5c7cb8-6921-ef11-840b-0022480a10b0,
N832,Duplicate occurrence code/occurrence span code.,Katherine Higgins,rhaildev,Active,RARC,Katherine Higgins,,2025-01-13T19:14:25Z,,Katherine Higgins,,2025-01-22T23:39:08Z,,,Active,,,31491977,d1e49c94-e2d1-ef11-8eea-6045bd0484af,72ea4760-2f38-ef11-840a-6045bd03203c,,72ea4760-2f38-ef11-840a-6045bd03203c,,72ea4760-2f38-ef11-840a-6045bd03203c,dc5c7cb8-6921-ef11-840b-0022480a10b0,
N833,Patient share of cost waived.,Katherine Higgins,rhaildev,Active,RARC,Katherine Higgins,,2025-01-13T19:14:25Z,,Katherine Higgins,,2025-01-22T23:39:10Z,,,Active,,,31491979,d2e49c94-e2d1-ef11-8eea-6045bd0484af,72ea4760-2f38-ef11-840a-6045bd03203c,,72ea4760-2f38-ef11-840a-6045bd03203c,,72ea4760-2f38-ef11-840a-6045bd03203c,dc5c7cb8-6921-ef11-840b-0022480a10b0,
N834,Jurisdiction exempt from sales and health tax charges.,Katherine Higgins,rhaildev,Active,RARC,Katherine Higgins,,2025-01-13T19:14:25Z,,Katherine Higgins,,2025-01-22T23:39:13Z,,,Active,,,31491981,d3e49c94-e2d1-ef11-8eea-6045bd0484af,72ea4760-2f38-ef11-840a-6045bd03203c,,72ea4760-2f38-ef11-840a-6045bd03203c,,72ea4760-2f38-ef11-840a-6045bd03203c,dc5c7cb8-6921-ef11-840b-0022480a10b0,
N835,Unrelated Service/procedure/treatment is reduced. The balance of this charge is the patient's responsibility.,Katherine Higgins,rhaildev,Active,RARC,Katherine Higgins,,2025-01-13T19:14:25Z,,Katherine Higgins,,2025-01-22T23:39:16Z,,,Active,,,31491983,d4e49c94-e2d1-ef11-8eea-6045bd0484af,72ea4760-2f38-ef11-840a-6045bd03203c,,72ea4760-2f38-ef11-840a-6045bd03203c,,72ea4760-2f38-ef11-840a-6045bd03203c,dc5c7cb8-6921-ef11-840b-0022480a10b0,
N836,Provider W9 or Payee Registration not on file.,Katherine Higgins,rhaildev,Active,RARC,Katherine Higgins,,2025-01-13T19:14:25Z,,Katherine Higgins,,2025-01-22T23:39:18Z,,,Active,,,31491985,d5e49c94-e2d1-ef11-8eea-6045bd0484af,72ea4760-2f38-ef11-840a-6045bd03203c,,72ea4760-2f38-ef11-840a-6045bd03203c,,72ea4760-2f38-ef11-840a-6045bd03203c,dc5c7cb8-6921-ef11-840b-0022480a10b0,
N837,Alert: Missing modifier was added.,Katherine Higgins,rhaildev,Active,RARC,Katherine Higgins,,2025-01-13T19:14:25Z,,Katherine Higgins,,2025-01-22T23:39:21Z,,,Active,,,31491987,d6e49c94-e2d1-ef11-8eea-6045bd0484af,72ea4760-2f38-ef11-840a-6045bd03203c,,72ea4760-2f38-ef11-840a-6045bd03203c,,72ea4760-2f38-ef11-840a-6045bd03203c,dc5c7cb8-6921-ef11-840b-0022480a10b0,
N838,"Alert: Service/procedure postponed due to a federal, state, or local mandate/disaster declaration. Any amounts applied to deductible or member liability will be applied to the prior plan year from which the procedure was cancelled.",Katherine Higgins,rhaildev,Active,RARC,Katherine Higgins,,2025-01-13T19:14:25Z,,Katherine Higgins,,2025-01-22T23:39:26Z,,,Active,,,31491989,d7e49c94-e2d1-ef11-8eea-6045bd0484af,72ea4760-2f38-ef11-840a-6045bd03203c,,72ea4760-2f38-ef11-840a-6045bd03203c,,72ea4760-2f38-ef11-840a-6045bd03203c,dc5c7cb8-6921-ef11-840b-0022480a10b0,
N839,The procedure code was added/changed because the level of service exceeds the compensable condition(s).,Katherine Higgins,rhaildev,Active,RARC,Katherine Higgins,,2025-01-13T19:14:25Z,,Katherine Higgins,,2025-01-22T23:39:29Z,,,Active,,,31491991,d8e49c94-e2d1-ef11-8eea-6045bd0484af,72ea4760-2f38-ef11-840a-6045bd03203c,,72ea4760-2f38-ef11-840a-6045bd03203c,,72ea4760-2f38-ef11-840a-6045bd03203c,dc5c7cb8-6921-ef11-840b-0022480a10b0,
N840,Worker's compensation claim filed with a different state.,Katherine Higgins,rhaildev,Active,RARC,Katherine Higgins,,2025-01-13T19:14:25Z,,Katherine Higgins,,2025-01-22T23:39:34Z,,,Active,,,31491995,d9e49c94-e2d1-ef11-8eea-6045bd0484af,72ea4760-2f38-ef11-840a-6045bd03203c,,72ea4760-2f38-ef11-840a-6045bd03203c,,72ea4760-2f38-ef11-840a-6045bd03203c,dc5c7cb8-6921-ef11-840b-0022480a10b0,
N841,Alert: North Dakota Administrative Rule 92-01-02-50.3.,Katherine Higgins,rhaildev,Active,RARC,Katherine Higgins,,2025-01-13T19:14:25Z,,Katherine Higgins,,2025-01-22T23:39:37Z,,,Active,,,31491997,dae49c94-e2d1-ef11-8eea-6045bd0484af,72ea4760-2f38-ef11-840a-6045bd03203c,,72ea4760-2f38-ef11-840a-6045bd03203c,,72ea4760-2f38-ef11-840a-6045bd03203c,dc5c7cb8-6921-ef11-840b-0022480a10b0,
N842,Alert: Patient cannot be billed for charges.,Katherine Higgins,rhaildev,Active,RARC,Katherine Higgins,,2025-01-13T19:14:25Z,,Katherine Higgins,,2025-01-22T23:39:40Z,,,Active,,,31491999,dbe49c94-e2d1-ef11-8eea-6045bd0484af,72ea4760-2f38-ef11-840a-6045bd03203c,,72ea4760-2f38-ef11-840a-6045bd03203c,,72ea4760-2f38-ef11-840a-6045bd03203c,dc5c7cb8-6921-ef11-840b-0022480a10b0,
N843,Missing/incomplete/invalid Core-Based Statistical Area (CBSA) code.,Katherine Higgins,rhaildev,Active,RARC,Katherine Higgins,,2025-01-13T19:14:25Z,,Katherine Higgins,,2025-01-22T23:39:43Z,,,Active,,,31492006,dce49c94-e2d1-ef11-8eea-6045bd0484af,72ea4760-2f38-ef11-840a-6045bd03203c,,72ea4760-2f38-ef11-840a-6045bd03203c,,72ea4760-2f38-ef11-840a-6045bd03203c,dc5c7cb8-6921-ef11-840b-0022480a10b0,
N844,"This claim, or a portion of this claim, was processed in accordance with the Nebraska Legislative LB997 July 24, 2020 - Out of Network Emergency Medical Care Act.",Katherine Higgins,rhaildev,Active,RARC,Katherine Higgins,,2025-01-13T19:14:25Z,,Katherine Higgins,,2025-01-22T23:39:46Z,,,Active,,,31492008,dde49c94-e2d1-ef11-8eea-6045bd0484af,72ea4760-2f38-ef11-840a-6045bd03203c,,72ea4760-2f38-ef11-840a-6045bd03203c,,72ea4760-2f38-ef11-840a-6045bd03203c,dc5c7cb8-6921-ef11-840b-0022480a10b0,
N845,"Alert: Nebraska Legislative LB997 July 24, 2020 - Out of Network Emergency Medical Care Act.",Katherine Higgins,rhaildev,Active,RARC,Katherine Higgins,,2025-01-13T19:14:25Z,,Katherine Higgins,,2025-01-22T23:39:49Z,,,Active,,,31492010,dee49c94-e2d1-ef11-8eea-6045bd0484af,72ea4760-2f38-ef11-840a-6045bd03203c,,72ea4760-2f38-ef11-840a-6045bd03203c,,72ea4760-2f38-ef11-840a-6045bd03203c,dc5c7cb8-6921-ef11-840b-0022480a10b0,
N846,National Drug Code (NDC) supplied does not correspond to the HCPCs/CPT billed.,Katherine Higgins,rhaildev,Active,RARC,Katherine Higgins,,2025-01-13T19:14:25Z,,Katherine Higgins,,2025-01-22T23:39:52Z,,,Active,,,31492012,dfe49c94-e2d1-ef11-8eea-6045bd0484af,72ea4760-2f38-ef11-840a-6045bd03203c,,72ea4760-2f38-ef11-840a-6045bd03203c,,72ea4760-2f38-ef11-840a-6045bd03203c,dc5c7cb8-6921-ef11-840b-0022480a10b0,
N847,National Drug Code (NDC) billed is obsolete.,Katherine Higgins,rhaildev,Active,RARC,Katherine Higgins,,2025-01-13T19:14:25Z,,Katherine Higgins,,2025-01-22T23:39:55Z,,,Active,,,31492014,e0e49c94-e2d1-ef11-8eea-6045bd0484af,72ea4760-2f38-ef11-840a-6045bd03203c,,72ea4760-2f38-ef11-840a-6045bd03203c,,72ea4760-2f38-ef11-840a-6045bd03203c,dc5c7cb8-6921-ef11-840b-0022480a10b0,
N848,National Drug Code (NDC) billed cannot be associated with a product.,Katherine Higgins,rhaildev,Active,RARC,Katherine Higgins,,2025-01-13T19:14:25Z,,Katherine Higgins,,2025-01-22T23:39:58Z,,,Active,,,31492016,e1e49c94-e2d1-ef11-8eea-6045bd0484af,72ea4760-2f38-ef11-840a-6045bd03203c,,72ea4760-2f38-ef11-840a-6045bd03203c,,72ea4760-2f38-ef11-840a-6045bd03203c,dc5c7cb8-6921-ef11-840b-0022480a10b0,
N849,Missing Tooth Clause: Tooth missing prior to the member effective date.,Katherine Higgins,rhaildev,Active,RARC,Katherine Higgins,,2025-01-13T19:14:25Z,,Katherine Higgins,,2025-01-22T23:40:00Z,,,Active,,,31492018,e2e49c94-e2d1-ef11-8eea-6045bd0484af,72ea4760-2f38-ef11-840a-6045bd03203c,,72ea4760-2f38-ef11-840a-6045bd03203c,,72ea4760-2f38-ef11-840a-6045bd03203c,dc5c7cb8-6921-ef11-840b-0022480a10b0,
N850,Missing/incomplete/invalid narrative explaining/describing this service/treatment.,Katherine Higgins,rhaildev,Active,RARC,Katherine Higgins,,2025-01-13T19:14:25Z,,Katherine Higgins,,2025-01-22T23:40:06Z,,,Active,,,31492022,e3e49c94-e2d1-ef11-8eea-6045bd0484af,72ea4760-2f38-ef11-840a-6045bd03203c,,72ea4760-2f38-ef11-840a-6045bd03203c,,72ea4760-2f38-ef11-840a-6045bd03203c,dc5c7cb8-6921-ef11-840b-0022480a10b0,
N851,Payment reduced because services were furnished by a therapy assistant.,Katherine Higgins,rhaildev,Active,RARC,Katherine Higgins,,2025-01-13T19:14:25Z,,Katherine Higgins,,2025-01-22T23:40:09Z,,,Active,,,31492025,e4e49c94-e2d1-ef11-8eea-6045bd0484af,72ea4760-2f38-ef11-840a-6045bd03203c,,72ea4760-2f38-ef11-840a-6045bd03203c,,72ea4760-2f38-ef11-840a-6045bd03203c,dc5c7cb8-6921-ef11-840b-0022480a10b0,
N852,The pay-to and rendering provider tax identification numbers (TINs) do not match,Katherine Higgins,rhaildev,Active,RARC,Katherine Higgins,,2025-01-13T19:14:25Z,,Katherine Higgins,,2025-01-22T23:40:11Z,,,Active,,,31492027,e5e49c94-e2d1-ef11-8eea-6045bd0484af,72ea4760-2f38-ef11-840a-6045bd03203c,,72ea4760-2f38-ef11-840a-6045bd03203c,,72ea4760-2f38-ef11-840a-6045bd03203c,dc5c7cb8-6921-ef11-840b-0022480a10b0,
N853,The number of modalities performed per session exceeds our acceptable maximum.,Katherine Higgins,rhaildev,Active,RARC,Katherine Higgins,,2025-01-13T19:14:25Z,,Katherine Higgins,,2025-01-22T23:40:14Z,,,Active,,,31492029,e6e49c94-e2d1-ef11-8eea-6045bd0484af,72ea4760-2f38-ef11-840a-6045bd03203c,,72ea4760-2f38-ef11-840a-6045bd03203c,,72ea4760-2f38-ef11-840a-6045bd03203c,dc5c7cb8-6921-ef11-840b-0022480a10b0,
N854,"Alert: If you have primary other health insurance (OHI) coverage that has denied services, you must exhaust all appeal levels with your primary OHI before we can consider your claim for reimbursement.",Katherine Higgins,rhaildev,Active,RARC,Katherine Higgins,,2025-01-13T19:14:25Z,,Katherine Higgins,,2025-01-22T23:40:18Z,,,Active,,,31492031,e7e49c94-e2d1-ef11-8eea-6045bd0484af,72ea4760-2f38-ef11-840a-6045bd03203c,,72ea4760-2f38-ef11-840a-6045bd03203c,,72ea4760-2f38-ef11-840a-6045bd03203c,dc5c7cb8-6921-ef11-840b-0022480a10b0,
N855,"This coverage is subject to the exclusive jurisdiction of ERISA (1974), U.S.C. SEC 1001.",Katherine Higgins,rhaildev,Active,RARC,Katherine Higgins,,2025-01-13T19:14:25Z,,Katherine Higgins,,2025-01-22T23:40:21Z,,,Active,,,31492033,e8e49c94-e2d1-ef11-8eea-6045bd0484af,72ea4760-2f38-ef11-840a-6045bd03203c,,72ea4760-2f38-ef11-840a-6045bd03203c,,72ea4760-2f38-ef11-840a-6045bd03203c,dc5c7cb8-6921-ef11-840b-0022480a10b0,
N856,"This coverage is not subject to the exclusive jurisdiction of ERISA (1974), U.S.C. SEC 1001.",Katherine Higgins,rhaildev,Active,RARC,Katherine Higgins,,2025-01-13T19:14:25Z,,Katherine Higgins,,2025-01-22T23:40:24Z,,,Active,,,31492035,e9e49c94-e2d1-ef11-8eea-6045bd0484af,72ea4760-2f38-ef11-840a-6045bd03203c,,72ea4760-2f38-ef11-840a-6045bd03203c,,72ea4760-2f38-ef11-840a-6045bd03203c,dc5c7cb8-6921-ef11-840b-0022480a10b0,
N857,This claim has been adjusted/reversed. Refund any collected copayment to the member.,Katherine Higgins,rhaildev,Active,RARC,Katherine Higgins,,2025-01-13T19:14:25Z,,Katherine Higgins,,2025-01-22T23:40:27Z,,,Active,,,31492037,eae49c94-e2d1-ef11-8eea-6045bd0484af,72ea4760-2f38-ef11-840a-6045bd03203c,,72ea4760-2f38-ef11-840a-6045bd03203c,,72ea4760-2f38-ef11-840a-6045bd03203c,dc5c7cb8-6921-ef11-840b-0022480a10b0,
N858,Alert: State regulations relating to an Out of Network Medical Emergency Care Act were applied to the processing of this claim. Payment amounts are eligible for dispute following the state's documented appeal/ grievance/ arbitration process.,Katherine Higgins,rhaildev,Active,RARC,Katherine Higgins,,2025-01-13T19:14:25Z,,Katherine Higgins,,2025-01-22T23:40:31Z,,,Active,,,31492039,ebe49c94-e2d1-ef11-8eea-6045bd0484af,72ea4760-2f38-ef11-840a-6045bd03203c,,72ea4760-2f38-ef11-840a-6045bd03203c,,72ea4760-2f38-ef11-840a-6045bd03203c,dc5c7cb8-6921-ef11-840b-0022480a10b0,
N859,"Alert: The Federal No Surprise Billing Act was applied to the processing of this claim. Payment amounts are eligible for dispute pursuant to any Federal documented appeal/ grievance/ dispute resolution process(es).
Notes: (modified 3/1/2022)",Katherine Higgins,rhaildev,Active,RARC,Katherine Higgins,,2025-01-13T19:14:25Z,,Katherine Higgins,,2025-01-22T23:40:36Z,,,Active,,,31492041,ece49c94-e2d1-ef11-8eea-6045bd0484af,72ea4760-2f38-ef11-840a-6045bd03203c,,72ea4760-2f38-ef11-840a-6045bd03203c,,72ea4760-2f38-ef11-840a-6045bd03203c,dc5c7cb8-6921-ef11-840b-0022480a10b0,
N860,Alert: The Federal No Surprise Billing Act Qualified Payment Amount (QPA) was used to calculate the member cost share(s).,Katherine Higgins,rhaildev,Active,RARC,Katherine Higgins,,2025-01-13T19:14:25Z,,Katherine Higgins,,2025-01-22T23:40:43Z,,,Active,,,31492045,ede49c94-e2d1-ef11-8eea-6045bd0484af,72ea4760-2f38-ef11-840a-6045bd03203c,,72ea4760-2f38-ef11-840a-6045bd03203c,,72ea4760-2f38-ef11-840a-6045bd03203c,dc5c7cb8-6921-ef11-840b-0022480a10b0,
N861,Alert: Mismatch between the submitted Patient Liability/Share of Cost and the amount on record for this recipient.,Katherine Higgins,rhaildev,Active,RARC,Katherine Higgins,,2025-01-13T19:14:25Z,,Katherine Higgins,,2025-01-22T23:40:46Z,,,Active,,,31492047,eee49c94-e2d1-ef11-8eea-6045bd0484af,72ea4760-2f38-ef11-840a-6045bd03203c,,72ea4760-2f38-ef11-840a-6045bd03203c,,72ea4760-2f38-ef11-840a-6045bd03203c,dc5c7cb8-6921-ef11-840b-0022480a10b0,
N862,"Alert: Member cost share is in compliance with the No Surprises Act, and is calculated using the lesser of the QPA or billed charge.",Katherine Higgins,rhaildev,Active,RARC,Katherine Higgins,,2025-01-13T19:14:25Z,,Katherine Higgins,,2025-01-22T23:40:51Z,,,Active,,,31492049,efe49c94-e2d1-ef11-8eea-6045bd0484af,72ea4760-2f38-ef11-840a-6045bd03203c,,72ea4760-2f38-ef11-840a-6045bd03203c,,72ea4760-2f38-ef11-840a-6045bd03203c,dc5c7cb8-6921-ef11-840b-0022480a10b0,
N863,"Alert: This claim is subject to the No Surprises Act (NSA). The amount paid is the final out-of-network rate and was calculated based on an All Payer Model Agreement, in accordance with the NSA.",Katherine Higgins,rhaildev,Active,RARC,Katherine Higgins,,2025-01-13T19:14:25Z,,Katherine Higgins,,2025-01-22T23:40:54Z,,,Active,,,31492051,f0e49c94-e2d1-ef11-8eea-6045bd0484af,72ea4760-2f38-ef11-840a-6045bd03203c,,72ea4760-2f38-ef11-840a-6045bd03203c,,72ea4760-2f38-ef11-840a-6045bd03203c,dc5c7cb8-6921-ef11-840b-0022480a10b0,
N864,Alert: This claim is subject to the No Surprises Act provisions that apply to emergency services.,Katherine Higgins,rhaildev,Active,RARC,Katherine Higgins,,2025-01-13T19:14:25Z,,Katherine Higgins,,2025-01-22T23:40:58Z,,,Active,,,31492053,f1e49c94-e2d1-ef11-8eea-6045bd0484af,72ea4760-2f38-ef11-840a-6045bd03203c,,72ea4760-2f38-ef11-840a-6045bd03203c,,72ea4760-2f38-ef11-840a-6045bd03203c,dc5c7cb8-6921-ef11-840b-0022480a10b0,
N865,Alert: This claim is subject to the No Surprises Act provisions that apply to nonemergency services furnished by nonparticipating providers during a patient visit to a participating facility.,Katherine Higgins,rhaildev,Active,RARC,Katherine Higgins,,2025-01-13T19:14:25Z,,Katherine Higgins,,2025-01-22T23:41:02Z,,,Active,,,31492055,f2e49c94-e2d1-ef11-8eea-6045bd0484af,72ea4760-2f38-ef11-840a-6045bd03203c,,72ea4760-2f38-ef11-840a-6045bd03203c,,72ea4760-2f38-ef11-840a-6045bd03203c,dc5c7cb8-6921-ef11-840b-0022480a10b0,
N866,Alert: This claim is subject to the No Surprises Act provisions that apply to services furnished by nonparticipating providers of air ambulance services.,Katherine Higgins,rhaildev,Active,RARC,Katherine Higgins,,2025-01-13T19:14:25Z,,Katherine Higgins,,2025-01-22T23:41:11Z,,,Active,,,31492057,f3e49c94-e2d1-ef11-8eea-6045bd0484af,72ea4760-2f38-ef11-840a-6045bd03203c,,72ea4760-2f38-ef11-840a-6045bd03203c,,72ea4760-2f38-ef11-840a-6045bd03203c,dc5c7cb8-6921-ef11-840b-0022480a10b0,
N867,"Alert: Cost sharing was calculated based on a specified state law, in accordance with the No Surprises Act.",Katherine Higgins,rhaildev,Active,RARC,Katherine Higgins,,2025-01-13T19:14:25Z,,Katherine Higgins,,2025-01-22T23:41:31Z,,,Active,,,31492061,f4e49c94-e2d1-ef11-8eea-6045bd0484af,72ea4760-2f38-ef11-840a-6045bd03203c,,72ea4760-2f38-ef11-840a-6045bd03203c,,72ea4760-2f38-ef11-840a-6045bd03203c,dc5c7cb8-6921-ef11-840b-0022480a10b0,
N868,"Alert: Cost sharing was calculated based on an All-Payer Model Agreement, in accordance with the No Surprises Act.",Katherine Higgins,rhaildev,Active,RARC,Katherine Higgins,,2025-01-13T19:14:26Z,,Katherine Higgins,,2025-01-22T23:41:33Z,,,Active,,,31492063,f5e49c94-e2d1-ef11-8eea-6045bd0484af,72ea4760-2f38-ef11-840a-6045bd03203c,,72ea4760-2f38-ef11-840a-6045bd03203c,,72ea4760-2f38-ef11-840a-6045bd03203c,dc5c7cb8-6921-ef11-840b-0022480a10b0,
N869,"Alert: Cost sharing was calculated based on the qualifying payment amount, in accordance with the No Surprises Act.",Katherine Higgins,rhaildev,Active,RARC,Katherine Higgins,,2025-01-13T19:14:26Z,,Katherine Higgins,,2025-01-22T23:41:36Z,,,Active,,,31492065,f6e49c94-e2d1-ef11-8eea-6045bd0484af,72ea4760-2f38-ef11-840a-6045bd03203c,,72ea4760-2f38-ef11-840a-6045bd03203c,,72ea4760-2f38-ef11-840a-6045bd03203c,dc5c7cb8-6921-ef11-840b-0022480a10b0,
N870,"Alert: In accordance with the No Surprises Act, cost sharing was based on the billed amount because the billed amount was lower than the qualifying payment amount.",Katherine Higgins,rhaildev,Active,RARC,Katherine Higgins,,2025-01-13T19:14:26Z,,Katherine Higgins,,2025-01-22T23:41:41Z,,,Active,,,31492069,f7e49c94-e2d1-ef11-8eea-6045bd0484af,72ea4760-2f38-ef11-840a-6045bd03203c,,72ea4760-2f38-ef11-840a-6045bd03203c,,72ea4760-2f38-ef11-840a-6045bd03203c,dc5c7cb8-6921-ef11-840b-0022480a10b0,
N871,"Alert: This initial payment was calculated based on a specified state law, in accordance with the No Surprises Act.",Katherine Higgins,rhaildev,Active,RARC,Katherine Higgins,,2025-01-13T19:14:26Z,,Katherine Higgins,,2025-01-22T23:41:44Z,,,Active,,,31492071,f8e49c94-e2d1-ef11-8eea-6045bd0484af,72ea4760-2f38-ef11-840a-6045bd03203c,,72ea4760-2f38-ef11-840a-6045bd03203c,,72ea4760-2f38-ef11-840a-6045bd03203c,dc5c7cb8-6921-ef11-840b-0022480a10b0,
N872,"Alert: This final payment was calculated based on a specified state law, in accordance with the No Surprises Act.",Katherine Higgins,rhaildev,Active,RARC,Katherine Higgins,,2025-01-13T19:14:26Z,,Katherine Higgins,,2025-01-22T23:41:46Z,,,Active,,,31492073,f9e49c94-e2d1-ef11-8eea-6045bd0484af,72ea4760-2f38-ef11-840a-6045bd03203c,,72ea4760-2f38-ef11-840a-6045bd03203c,,72ea4760-2f38-ef11-840a-6045bd03203c,dc5c7cb8-6921-ef11-840b-0022480a10b0,
N873,"Alert: This final payment was calculated based on an All-Payer Model Agreement, in accordance with the No Surprises Act.",Katherine Higgins,rhaildev,Active,RARC,Katherine Higgins,,2025-01-13T19:14:26Z,,Katherine Higgins,,2025-01-22T23:41:50Z,,,Active,,,31492075,fae49c94-e2d1-ef11-8eea-6045bd0484af,72ea4760-2f38-ef11-840a-6045bd03203c,,72ea4760-2f38-ef11-840a-6045bd03203c,,72ea4760-2f38-ef11-840a-6045bd03203c,dc5c7cb8-6921-ef11-840b-0022480a10b0,
N874,"Alert: This final payment was determined through open negotiation, in accordance with the No Surprises Act.",Katherine Higgins,rhaildev,Active,RARC,Katherine Higgins,,2025-01-13T19:14:26Z,,Katherine Higgins,,2025-01-22T23:41:56Z,,,Active,,,31492077,fbe49c94-e2d1-ef11-8eea-6045bd0484af,72ea4760-2f38-ef11-840a-6045bd03203c,,72ea4760-2f38-ef11-840a-6045bd03203c,,72ea4760-2f38-ef11-840a-6045bd03203c,dc5c7cb8-6921-ef11-840b-0022480a10b0,
N875,"Alert: This final payment equals the amount selected as the out-of-network rate by a Federal Independent Dispute Resolution Entity, in accordance with the No Surprises Act.",Katherine Higgins,rhaildev,Active,RARC,Katherine Higgins,,2025-01-13T19:14:26Z,,Katherine Higgins,,2025-01-22T23:41:59Z,,,Active,,,31492079,fce49c94-e2d1-ef11-8eea-6045bd0484af,72ea4760-2f38-ef11-840a-6045bd03203c,,72ea4760-2f38-ef11-840a-6045bd03203c,,72ea4760-2f38-ef11-840a-6045bd03203c,dc5c7cb8-6921-ef11-840b-0022480a10b0,
N876,Alert: This item or service is covered under the plan. This is a notice of denial of payment provided in accordance with the No Surprises Act. The provider or facility may initiate open negotiation if they desire to negotiate a higher out-of-network rate than the amount paid by the patient in cost sharing.,Katherine Higgins,rhaildev,Active,RARC,Katherine Higgins,,2025-01-13T19:14:26Z,,Katherine Higgins,,2025-01-22T23:42:03Z,,,Active,,,31492081,fde49c94-e2d1-ef11-8eea-6045bd0484af,72ea4760-2f38-ef11-840a-6045bd03203c,,72ea4760-2f38-ef11-840a-6045bd03203c,,72ea4760-2f38-ef11-840a-6045bd03203c,dc5c7cb8-6921-ef11-840b-0022480a10b0,
N877,Alert: This initial payment is provided in accordance with the No Surprises Act. The provider or facility may initiate open negotiation if they desire to negotiate a higher out-of-network rate.,Katherine Higgins,rhaildev,Active,RARC,Katherine Higgins,,2025-01-13T19:14:26Z,,Katherine Higgins,,2025-01-22T23:42:06Z,,,Active,,,31492083,fee49c94-e2d1-ef11-8eea-6045bd0484af,72ea4760-2f38-ef11-840a-6045bd03203c,,72ea4760-2f38-ef11-840a-6045bd03203c,,72ea4760-2f38-ef11-840a-6045bd03203c,dc5c7cb8-6921-ef11-840b-0022480a10b0,
N878,"Alert: The provider or facility specified that notice was provided and consent to balance bill obtained, but notice and consent was not provided and obtained in a manner consistent with applicable Federal law. Thus, cost sharing and the total amount paid have been calculated based on the requirements under the No Surprises Act, and balance billing is prohibited.",Katherine Higgins,rhaildev,Active,RARC,Katherine Higgins,,2025-01-13T19:14:26Z,,Katherine Higgins,,2025-01-22T23:42:11Z,,,Active,,,31492085,ffe49c94-e2d1-ef11-8eea-6045bd0484af,72ea4760-2f38-ef11-840a-6045bd03203c,,72ea4760-2f38-ef11-840a-6045bd03203c,,72ea4760-2f38-ef11-840a-6045bd03203c,dc5c7cb8-6921-ef11-840b-0022480a10b0,
N879,"Alert: The notice and consent to balance bill, and to be charged out-of-network cost sharing, that was obtained from the patient with regard to the billed services, is not permitted for these services. Thus, cost sharing and the total amount paid have been calculated based on the requirements under the No Surprises Act, and balance billing is prohibited.",Katherine Higgins,rhaildev,Active,RARC,Katherine Higgins,,2025-01-13T19:14:26Z,,Katherine Higgins,,2025-01-22T23:42:18Z,,,Active,,,31492087,00e59c94-e2d1-ef11-8eea-6045bd0484af,72ea4760-2f38-ef11-840a-6045bd03203c,,72ea4760-2f38-ef11-840a-6045bd03203c,,72ea4760-2f38-ef11-840a-6045bd03203c,dc5c7cb8-6921-ef11-840b-0022480a10b0,
N880,Original claim closed due to changes in submitted data. Adjustment claim will be processed under a new claim number.,Katherine Higgins,rhaildev,Active,RARC,Katherine Higgins,,2025-01-13T19:14:26Z,,Katherine Higgins,,2025-01-22T23:42:36Z,,,Active,,,31492091,01e59c94-e2d1-ef11-8eea-6045bd0484af,72ea4760-2f38-ef11-840a-6045bd03203c,,72ea4760-2f38-ef11-840a-6045bd03203c,,72ea4760-2f38-ef11-840a-6045bd03203c,dc5c7cb8-6921-ef11-840b-0022480a10b0,
N881,"Client Obligation, patient responsibility for Home & Community Based Services (HCBS)",Katherine Higgins,rhaildev,Active,RARC,Katherine Higgins,,2025-01-13T19:14:26Z,,Katherine Higgins,,2025-01-22T23:42:40Z,,,Active,,,31492093,02e59c94-e2d1-ef11-8eea-6045bd0484af,72ea4760-2f38-ef11-840a-6045bd03203c,,72ea4760-2f38-ef11-840a-6045bd03203c,,72ea4760-2f38-ef11-840a-6045bd03203c,dc5c7cb8-6921-ef11-840b-0022480a10b0,
N882,Alert: The out-of-network payment and cost sharing amounts were based on the plan's allowance because the provider or facility obtained the patient's consent to waive the balance billing protections under the No Surprises Act.,Katherine Higgins,rhaildev,Active,RARC,Katherine Higgins,,2025-01-13T19:14:26Z,,Katherine Higgins,,2025-01-22T23:42:44Z,,,Active,,,31492095,03e59c94-e2d1-ef11-8eea-6045bd0484af,72ea4760-2f38-ef11-840a-6045bd03203c,,72ea4760-2f38-ef11-840a-6045bd03203c,,72ea4760-2f38-ef11-840a-6045bd03203c,dc5c7cb8-6921-ef11-840b-0022480a10b0,
N883,Alert: Processed according to state law,Katherine Higgins,rhaildev,Active,RARC,Katherine Higgins,,2025-01-13T19:14:26Z,,Katherine Higgins,,2025-01-22T23:42:47Z,,,Active,,,31492098,04e59c94-e2d1-ef11-8eea-6045bd0484af,72ea4760-2f38-ef11-840a-6045bd03203c,,72ea4760-2f38-ef11-840a-6045bd03203c,,72ea4760-2f38-ef11-840a-6045bd03203c,dc5c7cb8-6921-ef11-840b-0022480a10b0,
N884,Alert: The No Surprises Act may apply to this claim. Please contact payer for instructions on how to submit information regarding whether or not the item or service was furnished during a patient visit to a participating facility.,Katherine Higgins,rhaildev,Active,RARC,Katherine Higgins,,2025-01-13T19:14:26Z,,Katherine Higgins,,2025-01-22T23:42:51Z,,,Active,,,31492100,05e59c94-e2d1-ef11-8eea-6045bd0484af,72ea4760-2f38-ef11-840a-6045bd03203c,,72ea4760-2f38-ef11-840a-6045bd03203c,,72ea4760-2f38-ef11-840a-6045bd03203c,dc5c7cb8-6921-ef11-840b-0022480a10b0,
N885,Alert: This claim was not processed in accordance with the No Surprises Act cost-sharing or out-of-network payment requirements. The payer disagrees with your determination that those requirements apply. You may contact the payer to find out why it disagrees. You may appeal this adverse determination on behalf of the patient through the payer’s internal appeals and external review processes.,Katherine Higgins,rhaildev,Active,RARC,Katherine Higgins,,2025-01-13T19:14:26Z,,Katherine Higgins,,2025-01-22T23:42:56Z,,,Active,,,31492102,06e59c94-e2d1-ef11-8eea-6045bd0484af,72ea4760-2f38-ef11-840a-6045bd03203c,,72ea4760-2f38-ef11-840a-6045bd03203c,,72ea4760-2f38-ef11-840a-6045bd03203c,dc5c7cb8-6921-ef11-840b-0022480a10b0,
N886,Alert: A Health Care Claim Request for Additional Information (277 RFAI) has been sent.,Katherine Higgins,rhaildev,Active,RARC,Katherine Higgins,,2025-01-13T19:14:26Z,,Katherine Higgins,,2025-01-22T23:43:00Z,,,Active,,,31492104,07e59c94-e2d1-ef11-8eea-6045bd0484af,72ea4760-2f38-ef11-840a-6045bd03203c,,72ea4760-2f38-ef11-840a-6045bd03203c,,72ea4760-2f38-ef11-840a-6045bd03203c,dc5c7cb8-6921-ef11-840b-0022480a10b0,
N887,"Providers not participating in the Medicare Advantage Plan have the right to appeal if the plan has partially or fully denied payment or if the provider believes the plan has not paid the services at the expected Medicare reimbursable rate or type of level/service. Providers may file their appeal in writing within 60 calendar days after the date of the remittance advice. For the plan to review the appeal, the plan will need a completed signed Waiver of Liability Statement. To obtain a Waiver of Liability form, please contact your Medicare Advantage Plan.

Once we receive the completed forms, we will give you a decision on your appeal within 60 calendar days.",Katherine Higgins,rhaildev,Active,RARC,Katherine Higgins,,2025-01-13T19:14:26Z,,Katherine Higgins,,2025-01-22T23:43:05Z,,,Active,,,31492116,08e59c94-e2d1-ef11-8eea-6045bd0484af,72ea4760-2f38-ef11-840a-6045bd03203c,,72ea4760-2f38-ef11-840a-6045bd03203c,,72ea4760-2f38-ef11-840a-6045bd03203c,dc5c7cb8-6921-ef11-840b-0022480a10b0,
N888,Alert: An electronic request for additional information has been sent for this claim.,Katherine Higgins,rhaildev,Active,RARC,Katherine Higgins,,2025-01-13T19:14:26Z,,Katherine Higgins,,2025-01-22T23:43:08Z,,,Active,,,31492118,09e59c94-e2d1-ef11-8eea-6045bd0484af,72ea4760-2f38-ef11-840a-6045bd03203c,,72ea4760-2f38-ef11-840a-6045bd03203c,,72ea4760-2f38-ef11-840a-6045bd03203c,dc5c7cb8-6921-ef11-840b-0022480a10b0,
N889,"Alert: This claim was originally processed in real-time, and we sent a real-time 835 response.",Katherine Higgins,rhaildev,Active,RARC,Katherine Higgins,,2025-01-13T19:14:26Z,,Katherine Higgins,,2025-01-22T23:43:11Z,,,Active,,,31492120,0ae59c94-e2d1-ef11-8eea-6045bd0484af,72ea4760-2f38-ef11-840a-6045bd03203c,,72ea4760-2f38-ef11-840a-6045bd03203c,,72ea4760-2f38-ef11-840a-6045bd03203c,dc5c7cb8-6921-ef11-840b-0022480a10b0,
N890,Electronic Visit Verification Data Element Requirements were not met.,Katherine Higgins,rhaildev,Active,RARC,Katherine Higgins,,2025-01-13T19:14:26Z,,Katherine Higgins,,2025-01-22T23:43:19Z,,,Active,,,31492124,0be59c94-e2d1-ef11-8eea-6045bd0484af,72ea4760-2f38-ef11-840a-6045bd03203c,,72ea4760-2f38-ef11-840a-6045bd03203c,,72ea4760-2f38-ef11-840a-6045bd03203c,dc5c7cb8-6921-ef11-840b-0022480a10b0,
N891,The maximum allowable payment for this service/procedure was paid by the primary insurance. No further payment due.,Katherine Higgins,rhaildev,Active,RARC,Katherine Higgins,,2025-01-13T19:14:26Z,,Katherine Higgins,,2025-01-22T23:43:23Z,,,Active,,,31492126,0ce59c94-e2d1-ef11-8eea-6045bd0484af,72ea4760-2f38-ef11-840a-6045bd03203c,,72ea4760-2f38-ef11-840a-6045bd03203c,,72ea4760-2f38-ef11-840a-6045bd03203c,dc5c7cb8-6921-ef11-840b-0022480a10b0,
N892,The claim does not meet the criteria for acceptable use of the Delay Reason Code.,Katherine Higgins,rhaildev,Active,RARC,Katherine Higgins,,2025-01-13T19:14:26Z,,Katherine Higgins,,2025-01-22T23:43:26Z,,,Active,,,31492128,0de59c94-e2d1-ef11-8eea-6045bd0484af,72ea4760-2f38-ef11-840a-6045bd03203c,,72ea4760-2f38-ef11-840a-6045bd03203c,,72ea4760-2f38-ef11-840a-6045bd03203c,dc5c7cb8-6921-ef11-840b-0022480a10b0,
N893,Missing/incomplete/invalid child medical evaluation form/checklist.,Katherine Higgins,rhaildev,Active,RARC,Katherine Higgins,,2025-01-13T19:14:26Z,,Katherine Higgins,,2025-01-22T23:43:29Z,,,Active,,,31492130,0ee59c94-e2d1-ef11-8eea-6045bd0484af,72ea4760-2f38-ef11-840a-6045bd03203c,,72ea4760-2f38-ef11-840a-6045bd03203c,,72ea4760-2f38-ef11-840a-6045bd03203c,dc5c7cb8-6921-ef11-840b-0022480a10b0,
N894,"Alert: These payments are made subject to a reservation of rights for the Payor to recoup or otherwise recover all or part of these payments based on any of the following: outcome of pending or future litigation/ new or updated state, federal or regulatory guidance/ any other actions that may affect the Payor's obligation to make these payments.",Katherine Higgins,rhaildev,Active,RARC,Katherine Higgins,,2025-01-13T19:14:26Z,,Katherine Higgins,,2025-01-22T23:43:34Z,,,Active,,,31492142,0fe59c94-e2d1-ef11-8eea-6045bd0484af,72ea4760-2f38-ef11-840a-6045bd03203c,,72ea4760-2f38-ef11-840a-6045bd03203c,,72ea4760-2f38-ef11-840a-6045bd03203c,dc5c7cb8-6921-ef11-840b-0022480a10b0,
N895,Processed based on a negotiated fee schedule for a specialty drug program.,Katherine Higgins,rhaildev,Active,RARC,Katherine Higgins,,2025-01-13T19:14:26Z,,Katherine Higgins,,2025-01-22T23:43:36Z,,,Active,,,31492144,10e59c94-e2d1-ef11-8eea-6045bd0484af,72ea4760-2f38-ef11-840a-6045bd03203c,,72ea4760-2f38-ef11-840a-6045bd03203c,,72ea4760-2f38-ef11-840a-6045bd03203c,dc5c7cb8-6921-ef11-840b-0022480a10b0,
101,Predetermination: anticipated payment upon completion of services or claim adjudication.,Katherine Higgins,rhaildev,Active,CARC,Katherine Higgins,,2025-01-13T19:13:56Z,,Katherine Higgins,,2025-01-22T17:29:33Z,,,Active,,,31486309,2861bf83-e2d1-ef11-8eea-6045bd07d229,72ea4760-2f38-ef11-840a-6045bd03203c,,72ea4760-2f38-ef11-840a-6045bd03203c,,72ea4760-2f38-ef11-840a-6045bd03203c,dc5c7cb8-6921-ef11-840b-0022480a10b0,
102,Major Medical Adjustment.,Katherine Higgins,rhaildev,Active,CARC,Katherine Higgins,,2025-01-13T19:13:56Z,,Katherine Higgins,,2025-01-22T17:29:45Z,,,Active,,,31486311,2961bf83-e2d1-ef11-8eea-6045bd07d229,72ea4760-2f38-ef11-840a-6045bd03203c,,72ea4760-2f38-ef11-840a-6045bd03203c,,72ea4760-2f38-ef11-840a-6045bd03203c,dc5c7cb8-6921-ef11-840b-0022480a10b0,
103,"Provider promotional discount (e.g., Senior citizen discount).",Katherine Higgins,rhaildev,Active,CARC,Katherine Higgins,,2025-01-13T19:13:56Z,,Katherine Higgins,,2025-01-22T17:29:52Z,,,Active,,,31486313,2a61bf83-e2d1-ef11-8eea-6045bd07d229,72ea4760-2f38-ef11-840a-6045bd03203c,,72ea4760-2f38-ef11-840a-6045bd03203c,,72ea4760-2f38-ef11-840a-6045bd03203c,dc5c7cb8-6921-ef11-840b-0022480a10b0,
104,Managed care withholding.,Katherine Higgins,rhaildev,Active,CARC,Katherine Higgins,,2025-01-13T19:13:56Z,,Katherine Higgins,,2025-01-22T17:29:56Z,,,Active,,,31486315,2d61bf83-e2d1-ef11-8eea-6045bd07d229,72ea4760-2f38-ef11-840a-6045bd03203c,,72ea4760-2f38-ef11-840a-6045bd03203c,,72ea4760-2f38-ef11-840a-6045bd03203c,dc5c7cb8-6921-ef11-840b-0022480a10b0,
105,Tax withholding.,Katherine Higgins,rhaildev,Active,CARC,Katherine Higgins,,2025-01-13T19:13:56Z,,Katherine Higgins,,2025-01-22T17:30:01Z,,,Active,,,31486321,2e61bf83-e2d1-ef11-8eea-6045bd07d229,72ea4760-2f38-ef11-840a-6045bd03203c,,72ea4760-2f38-ef11-840a-6045bd03203c,,72ea4760-2f38-ef11-840a-6045bd03203c,dc5c7cb8-6921-ef11-840b-0022480a10b0,
106,Patient payment option/election not in effect.,Katherine Higgins,rhaildev,Active,CARC,Katherine Higgins,,2025-01-13T19:13:56Z,,Katherine Higgins,,2025-01-22T17:30:06Z,,,Active,,,31486323,2f61bf83-e2d1-ef11-8eea-6045bd07d229,72ea4760-2f38-ef11-840a-6045bd03203c,,72ea4760-2f38-ef11-840a-6045bd03203c,,72ea4760-2f38-ef11-840a-6045bd03203c,dc5c7cb8-6921-ef11-840b-0022480a10b0,
107,"The related or qualifying claim/service was not identified on this claim. Usage: Refer to the 835 Healthcare Policy Identification Segment (loop 2110 Service Payment Information REF), if present.",Katherine Higgins,rhaildev,Active,CARC,Katherine Higgins,,2025-01-13T19:13:56Z,,Katherine Higgins,,2025-01-22T17:30:13Z,,,Active,,,31486325,3061bf83-e2d1-ef11-8eea-6045bd07d229,72ea4760-2f38-ef11-840a-6045bd03203c,,72ea4760-2f38-ef11-840a-6045bd03203c,,72ea4760-2f38-ef11-840a-6045bd03203c,dc5c7cb8-6921-ef11-840b-0022480a10b0,
108,"Rent/purchase guidelines were not met. Usage: Refer to the 835 Healthcare Policy Identification Segment (loop 2110 Service Payment Information REF), if present.",Katherine Higgins,rhaildev,Active,CARC,Katherine Higgins,,2025-01-13T19:13:56Z,,Katherine Higgins,,2025-01-22T17:30:18Z,,,Active,,,31486327,3161bf83-e2d1-ef11-8eea-6045bd07d229,72ea4760-2f38-ef11-840a-6045bd03203c,,72ea4760-2f38-ef11-840a-6045bd03203c,,72ea4760-2f38-ef11-840a-6045bd03203c,dc5c7cb8-6921-ef11-840b-0022480a10b0,
109,Claim/service not covered by this payer/contractor. You must send the claim/service to the correct payer/contractor.,Katherine Higgins,rhaildev,Active,CARC,Katherine Higgins,,2025-01-13T19:13:56Z,,Katherine Higgins,,2025-01-22T17:30:24Z,,,Active,,,31486330,3261bf83-e2d1-ef11-8eea-6045bd07d229,72ea4760-2f38-ef11-840a-6045bd03203c,,72ea4760-2f38-ef11-840a-6045bd03203c,,72ea4760-2f38-ef11-840a-6045bd03203c,dc5c7cb8-6921-ef11-840b-0022480a10b0,
110,Billing date predates service date.,Katherine Higgins,rhaildev,Active,CARC,Katherine Higgins,,2025-01-13T19:13:56Z,,Katherine Higgins,,2025-01-22T17:30:34Z,,,Active,,,31486334,3361bf83-e2d1-ef11-8eea-6045bd07d229,72ea4760-2f38-ef11-840a-6045bd03203c,,72ea4760-2f38-ef11-840a-6045bd03203c,,72ea4760-2f38-ef11-840a-6045bd03203c,dc5c7cb8-6921-ef11-840b-0022480a10b0,
111,Not covered unless the provider accepts assignment.,Katherine Higgins,rhaildev,Active,CARC,Katherine Higgins,,2025-01-13T19:13:56Z,,Katherine Higgins,,2025-01-22T17:31:15Z,,,Active,,,31486337,3461bf83-e2d1-ef11-8eea-6045bd07d229,72ea4760-2f38-ef11-840a-6045bd03203c,,72ea4760-2f38-ef11-840a-6045bd03203c,,72ea4760-2f38-ef11-840a-6045bd03203c,dc5c7cb8-6921-ef11-840b-0022480a10b0,
112,Service not furnished directly to the patient and/or not documented.,Katherine Higgins,rhaildev,Active,CARC,Katherine Higgins,,2025-01-13T19:13:56Z,,Katherine Higgins,,2025-01-22T17:33:42Z,,,Active,,,31486353,3561bf83-e2d1-ef11-8eea-6045bd07d229,72ea4760-2f38-ef11-840a-6045bd03203c,,72ea4760-2f38-ef11-840a-6045bd03203c,,72ea4760-2f38-ef11-840a-6045bd03203c,dc5c7cb8-6921-ef11-840b-0022480a10b0,
113,Payment denied because service/procedure was provided outside the United States or as a result of war.,Katherine Higgins,rhaildev,Active,CARC,Katherine Higgins,,2025-01-13T19:13:56Z,,Katherine Higgins,,2025-01-22T17:33:51Z,,,Active,,,31486359,3661bf83-e2d1-ef11-8eea-6045bd07d229,72ea4760-2f38-ef11-840a-6045bd03203c,,72ea4760-2f38-ef11-840a-6045bd03203c,,72ea4760-2f38-ef11-840a-6045bd03203c,dc5c7cb8-6921-ef11-840b-0022480a10b0,
114,Procedure/product not approved by the Food and Drug Administration.,Katherine Higgins,rhaildev,Active,CARC,Katherine Higgins,,2025-01-13T19:13:56Z,,Katherine Higgins,,2025-01-22T17:33:54Z,,,Active,,,31486361,3761bf83-e2d1-ef11-8eea-6045bd07d229,72ea4760-2f38-ef11-840a-6045bd03203c,,72ea4760-2f38-ef11-840a-6045bd03203c,,72ea4760-2f38-ef11-840a-6045bd03203c,dc5c7cb8-6921-ef11-840b-0022480a10b0,
115,"Procedure postponed, canceled, or delayed.",Katherine Higgins,rhaildev,Active,CARC,Katherine Higgins,,2025-01-13T19:13:56Z,,Katherine Higgins,,2025-01-22T17:33:59Z,,,Active,,,31486363,3861bf83-e2d1-ef11-8eea-6045bd07d229,72ea4760-2f38-ef11-840a-6045bd03203c,,72ea4760-2f38-ef11-840a-6045bd03203c,,72ea4760-2f38-ef11-840a-6045bd03203c,dc5c7cb8-6921-ef11-840b-0022480a10b0,
116,The advance indemnification notice signed by the patient did not comply with requirements.,Katherine Higgins,rhaildev,Active,CARC,Katherine Higgins,,2025-01-13T19:13:56Z,,Katherine Higgins,,2025-01-22T17:34:04Z,,,Active,,,31486365,3961bf83-e2d1-ef11-8eea-6045bd07d229,72ea4760-2f38-ef11-840a-6045bd03203c,,72ea4760-2f38-ef11-840a-6045bd03203c,,72ea4760-2f38-ef11-840a-6045bd03203c,dc5c7cb8-6921-ef11-840b-0022480a10b0,
117,Transportation is only covered to the closest facility that can provide the necessary care.,Katherine Higgins,rhaildev,Active,CARC,Katherine Higgins,,2025-01-13T19:13:56Z,,Katherine Higgins,,2025-01-22T17:34:08Z,,,Active,,,31486367,3a61bf83-e2d1-ef11-8eea-6045bd07d229,72ea4760-2f38-ef11-840a-6045bd03203c,,72ea4760-2f38-ef11-840a-6045bd03203c,,72ea4760-2f38-ef11-840a-6045bd03203c,dc5c7cb8-6921-ef11-840b-0022480a10b0,
118,ESRD network support adjustment.,Katherine Higgins,rhaildev,Active,CARC,Katherine Higgins,,2025-01-13T19:13:56Z,,Katherine Higgins,,2025-01-22T17:34:14Z,,,Active,,,31486369,3b61bf83-e2d1-ef11-8eea-6045bd07d229,72ea4760-2f38-ef11-840a-6045bd03203c,,72ea4760-2f38-ef11-840a-6045bd03203c,,72ea4760-2f38-ef11-840a-6045bd03203c,dc5c7cb8-6921-ef11-840b-0022480a10b0,
119,Benefit maximum for this time period or occurrence has been reached.,Katherine Higgins,rhaildev,Active,CARC,Katherine Higgins,,2025-01-13T19:13:56Z,,Katherine Higgins,,2025-01-22T17:34:19Z,,,Active,,,31486371,3c61bf83-e2d1-ef11-8eea-6045bd07d229,72ea4760-2f38-ef11-840a-6045bd03203c,,72ea4760-2f38-ef11-840a-6045bd03203c,,72ea4760-2f38-ef11-840a-6045bd03203c,dc5c7cb8-6921-ef11-840b-0022480a10b0,
120,"Patient is covered by a managed care plan.
Notes: Use code 24.",Katherine Higgins,rhaildev,Active,CARC,Katherine Higgins,,2025-01-13T19:13:56Z,,Katherine Higgins,,2025-01-22T17:34:36Z,,,Active,,,31486375,3d61bf83-e2d1-ef11-8eea-6045bd07d229,72ea4760-2f38-ef11-840a-6045bd03203c,,72ea4760-2f38-ef11-840a-6045bd03203c,,72ea4760-2f38-ef11-840a-6045bd03203c,dc5c7cb8-6921-ef11-840b-0022480a10b0,
121,Indemnification adjustment - compensation for outstanding member responsibility.,Katherine Higgins,rhaildev,Active,CARC,Katherine Higgins,,2025-01-13T19:13:56Z,,Katherine Higgins,,2025-01-22T17:34:43Z,,,Active,,,31486377,3e61bf83-e2d1-ef11-8eea-6045bd07d229,72ea4760-2f38-ef11-840a-6045bd03203c,,72ea4760-2f38-ef11-840a-6045bd03203c,,72ea4760-2f38-ef11-840a-6045bd03203c,dc5c7cb8-6921-ef11-840b-0022480a10b0,
122,Psychiatric reduction.,Katherine Higgins,rhaildev,Active,CARC,Katherine Higgins,,2025-01-13T19:13:56Z,,Katherine Higgins,,2025-01-22T17:34:47Z,,,Active,,,31486379,3f61bf83-e2d1-ef11-8eea-6045bd07d229,72ea4760-2f38-ef11-840a-6045bd03203c,,72ea4760-2f38-ef11-840a-6045bd03203c,,72ea4760-2f38-ef11-840a-6045bd03203c,dc5c7cb8-6921-ef11-840b-0022480a10b0,
123,Payer refund due to overpayment.,Katherine Higgins,rhaildev,Active,CARC,Katherine Higgins,,2025-01-13T19:13:56Z,,Katherine Higgins,,2025-01-22T17:34:57Z,,,Active,,,31486381,4061bf83-e2d1-ef11-8eea-6045bd07d229,72ea4760-2f38-ef11-840a-6045bd03203c,,72ea4760-2f38-ef11-840a-6045bd03203c,,72ea4760-2f38-ef11-840a-6045bd03203c,dc5c7cb8-6921-ef11-840b-0022480a10b0,
124,"Payer refund amount - not our patient.
Notes: Refer to implementation guide for proper handling of reversals.",Katherine Higgins,rhaildev,Active,CARC,Katherine Higgins,,2025-01-13T19:13:56Z,,Katherine Higgins,,2025-01-22T17:35:06Z,,,Active,,,31486383,4161bf83-e2d1-ef11-8eea-6045bd07d229,72ea4760-2f38-ef11-840a-6045bd03203c,,72ea4760-2f38-ef11-840a-6045bd03203c,,72ea4760-2f38-ef11-840a-6045bd03203c,dc5c7cb8-6921-ef11-840b-0022480a10b0,
125,"Submission/billing error(s). At least one Remark Code must be provided (may be comprised of either the NCPDP Reject Reason Code, or Remittance Advice Remark Code that is not an ALERT.)",Katherine Higgins,rhaildev,Active,CARC,Katherine Higgins,,2025-01-13T19:13:56Z,,Katherine Higgins,,2025-01-22T17:35:18Z,,,Active,,,31486386,4261bf83-e2d1-ef11-8eea-6045bd07d229,72ea4760-2f38-ef11-840a-6045bd03203c,,72ea4760-2f38-ef11-840a-6045bd03203c,,72ea4760-2f38-ef11-840a-6045bd03203c,dc5c7cb8-6921-ef11-840b-0022480a10b0,
126,Deductible -- Major Medical,Katherine Higgins,rhaildev,Active,CARC,Katherine Higgins,,2025-01-13T19:13:56Z,,Katherine Higgins,,2025-01-22T17:35:33Z,,,Active,,,31486388,4361bf83-e2d1-ef11-8eea-6045bd07d229,72ea4760-2f38-ef11-840a-6045bd03203c,,72ea4760-2f38-ef11-840a-6045bd03203c,,72ea4760-2f38-ef11-840a-6045bd03203c,dc5c7cb8-6921-ef11-840b-0022480a10b0,
127,"Coinsurance -- Major Medical
Notes: Use Group Code PR and code 2.",Katherine Higgins,rhaildev,Active,CARC,Katherine Higgins,,2025-01-13T19:13:56Z,,Katherine Higgins,,2025-01-22T17:35:48Z,,,Active,,,31486394,4461bf83-e2d1-ef11-8eea-6045bd07d229,72ea4760-2f38-ef11-840a-6045bd03203c,,72ea4760-2f38-ef11-840a-6045bd03203c,,72ea4760-2f38-ef11-840a-6045bd03203c,dc5c7cb8-6921-ef11-840b-0022480a10b0,
128,Newborn's services are covered in the mother's Allowance.,Katherine Higgins,rhaildev,Active,CARC,Katherine Higgins,,2025-01-13T19:13:56Z,,Katherine Higgins,,2025-01-22T17:35:56Z,,,Active,,,31486396,4561bf83-e2d1-ef11-8eea-6045bd07d229,72ea4760-2f38-ef11-840a-6045bd03203c,,72ea4760-2f38-ef11-840a-6045bd03203c,,72ea4760-2f38-ef11-840a-6045bd03203c,dc5c7cb8-6921-ef11-840b-0022480a10b0,
129,"Prior processing information appears incorrect. At least one Remark Code must be provided (may be comprised of either the NCPDP Reject Reason Code, or Remittance Advice Remark Code that is not an ALERT.)",Katherine Higgins,rhaildev,Active,CARC,Katherine Higgins,,2025-01-13T19:13:56Z,,Katherine Higgins,,2025-01-22T17:36:04Z,,,Active,,,31486398,4661bf83-e2d1-ef11-8eea-6045bd07d229,72ea4760-2f38-ef11-840a-6045bd03203c,,72ea4760-2f38-ef11-840a-6045bd03203c,,72ea4760-2f38-ef11-840a-6045bd03203c,dc5c7cb8-6921-ef11-840b-0022480a10b0,
130,Claim submission fee.,Katherine Higgins,rhaildev,Active,CARC,Katherine Higgins,,2025-01-13T19:13:56Z,,Katherine Higgins,,2025-01-22T17:36:11Z,,,Active,,,31486443,4761bf83-e2d1-ef11-8eea-6045bd07d229,72ea4760-2f38-ef11-840a-6045bd03203c,,72ea4760-2f38-ef11-840a-6045bd03203c,,72ea4760-2f38-ef11-840a-6045bd03203c,dc5c7cb8-6921-ef11-840b-0022480a10b0,
131,Claim specific negotiated discount.,Katherine Higgins,rhaildev,Active,CARC,Katherine Higgins,,2025-01-13T19:13:56Z,,Katherine Higgins,,2025-01-22T17:36:14Z,,,Active,,,31486445,4861bf83-e2d1-ef11-8eea-6045bd07d229,72ea4760-2f38-ef11-840a-6045bd03203c,,72ea4760-2f38-ef11-840a-6045bd03203c,,72ea4760-2f38-ef11-840a-6045bd03203c,dc5c7cb8-6921-ef11-840b-0022480a10b0,
132,Prearranged demonstration project adjustment.,Katherine Higgins,rhaildev,Active,CARC,Katherine Higgins,,2025-01-13T19:13:56Z,,Katherine Higgins,,2025-01-22T17:36:18Z,,,Active,,,31486446,4961bf83-e2d1-ef11-8eea-6045bd07d229,72ea4760-2f38-ef11-840a-6045bd03203c,,72ea4760-2f38-ef11-840a-6045bd03203c,,72ea4760-2f38-ef11-840a-6045bd03203c,dc5c7cb8-6921-ef11-840b-0022480a10b0,
133,The disposition of this service line is pending further review. (Use only with Group Code OA). Usage: Use of this code requires a reversal and correction when the service line is finalized (use only in Loop 2110 CAS segment of the 835 or Loop 2430 of the 837).,Katherine Higgins,rhaildev,Active,CARC,Katherine Higgins,,2025-01-13T19:13:56Z,,Katherine Higgins,,2025-01-22T17:36:23Z,,,Active,,,31486448,4a61bf83-e2d1-ef11-8eea-6045bd07d229,72ea4760-2f38-ef11-840a-6045bd03203c,,72ea4760-2f38-ef11-840a-6045bd03203c,,72ea4760-2f38-ef11-840a-6045bd03203c,dc5c7cb8-6921-ef11-840b-0022480a10b0,
134,Technical fees removed from charges.,Katherine Higgins,rhaildev,Active,CARC,Katherine Higgins,,2025-01-13T19:13:56Z,,Katherine Higgins,,2025-01-22T17:36:27Z,,,Active,,,31486450,4b61bf83-e2d1-ef11-8eea-6045bd07d229,72ea4760-2f38-ef11-840a-6045bd03203c,,72ea4760-2f38-ef11-840a-6045bd03203c,,72ea4760-2f38-ef11-840a-6045bd03203c,dc5c7cb8-6921-ef11-840b-0022480a10b0,
135,Interim bills cannot be processed.,Katherine Higgins,rhaildev,Active,CARC,Katherine Higgins,,2025-01-13T19:13:56Z,,Katherine Higgins,,2025-01-22T17:36:30Z,,,Active,,,31486453,4c61bf83-e2d1-ef11-8eea-6045bd07d229,72ea4760-2f38-ef11-840a-6045bd03203c,,72ea4760-2f38-ef11-840a-6045bd03203c,,72ea4760-2f38-ef11-840a-6045bd03203c,dc5c7cb8-6921-ef11-840b-0022480a10b0,
136,Failure to follow prior payer's coverage rules. (Use only with Group Code OA),Katherine Higgins,rhaildev,Active,CARC,Katherine Higgins,,2025-01-13T19:13:56Z,,Katherine Higgins,,2025-01-22T17:36:35Z,,,Active,,,31486457,4d61bf83-e2d1-ef11-8eea-6045bd07d229,72ea4760-2f38-ef11-840a-6045bd03203c,,72ea4760-2f38-ef11-840a-6045bd03203c,,72ea4760-2f38-ef11-840a-6045bd03203c,dc5c7cb8-6921-ef11-840b-0022480a10b0,
137,"Regulatory Surcharges, Assessments, Allowances or Health Related Taxes.",Katherine Higgins,rhaildev,Active,CARC,Katherine Higgins,,2025-01-13T19:13:56Z,,Katherine Higgins,,2025-01-22T17:36:38Z,,,Active,,,31486459,4e61bf83-e2d1-ef11-8eea-6045bd07d229,72ea4760-2f38-ef11-840a-6045bd03203c,,72ea4760-2f38-ef11-840a-6045bd03203c,,72ea4760-2f38-ef11-840a-6045bd03203c,dc5c7cb8-6921-ef11-840b-0022480a10b0,
138,Appeal procedures not followed or time limits not met.,Katherine Higgins,rhaildev,Active,CARC,Katherine Higgins,,2025-01-13T19:13:57Z,,Katherine Higgins,,2025-01-22T17:36:42Z,,,Active,,,31486461,4f61bf83-e2d1-ef11-8eea-6045bd07d229,72ea4760-2f38-ef11-840a-6045bd03203c,,72ea4760-2f38-ef11-840a-6045bd03203c,,72ea4760-2f38-ef11-840a-6045bd03203c,dc5c7cb8-6921-ef11-840b-0022480a10b0,
139,Contracted funding agreement - Subscriber is employed by the provider of services. Use only with Group Code CO.,Katherine Higgins,rhaildev,Active,CARC,Katherine Higgins,,2025-01-13T19:13:57Z,,Katherine Higgins,,2025-01-22T17:36:48Z,,,Active,,,31486463,5061bf83-e2d1-ef11-8eea-6045bd07d229,72ea4760-2f38-ef11-840a-6045bd03203c,,72ea4760-2f38-ef11-840a-6045bd03203c,,72ea4760-2f38-ef11-840a-6045bd03203c,dc5c7cb8-6921-ef11-840b-0022480a10b0,
140,Patient/Insured health identification number and name do not match.,Katherine Higgins,rhaildev,Active,CARC,Katherine Higgins,,2025-01-13T19:13:57Z,,Katherine Higgins,,2025-01-22T17:36:57Z,,,Active,,,31486468,5161bf83-e2d1-ef11-8eea-6045bd07d229,72ea4760-2f38-ef11-840a-6045bd03203c,,72ea4760-2f38-ef11-840a-6045bd03203c,,72ea4760-2f38-ef11-840a-6045bd03203c,dc5c7cb8-6921-ef11-840b-0022480a10b0,
141,Claim spans eligible and ineligible periods of coverage.,Katherine Higgins,rhaildev,Active,CARC,Katherine Higgins,,2025-01-13T19:13:57Z,,Katherine Higgins,,2025-01-22T17:37:03Z,,,Active,,,31486470,5261bf83-e2d1-ef11-8eea-6045bd07d229,72ea4760-2f38-ef11-840a-6045bd03203c,,72ea4760-2f38-ef11-840a-6045bd03203c,,72ea4760-2f38-ef11-840a-6045bd03203c,dc5c7cb8-6921-ef11-840b-0022480a10b0,
142,Monthly Medicaid patient liability amount.,Katherine Higgins,rhaildev,Active,CARC,Katherine Higgins,,2025-01-13T19:13:57Z,,Katherine Higgins,,2025-01-22T17:37:07Z,,,Active,,,31486472,5361bf83-e2d1-ef11-8eea-6045bd07d229,72ea4760-2f38-ef11-840a-6045bd03203c,,72ea4760-2f38-ef11-840a-6045bd03203c,,72ea4760-2f38-ef11-840a-6045bd03203c,dc5c7cb8-6921-ef11-840b-0022480a10b0,
143,Portion of payment deferred.,Katherine Higgins,rhaildev,Active,CARC,Katherine Higgins,,2025-01-13T19:13:57Z,,Katherine Higgins,,2025-01-22T17:37:10Z,,,Active,,,31486474,5461bf83-e2d1-ef11-8eea-6045bd07d229,72ea4760-2f38-ef11-840a-6045bd03203c,,72ea4760-2f38-ef11-840a-6045bd03203c,,72ea4760-2f38-ef11-840a-6045bd03203c,dc5c7cb8-6921-ef11-840b-0022480a10b0,
144,"Incentive adjustment, e.g. preferred product/service.",Katherine Higgins,rhaildev,Active,CARC,Katherine Higgins,,2025-01-13T19:13:57Z,,Katherine Higgins,,2025-01-22T17:37:14Z,,,Active,,,31486476,5561bf83-e2d1-ef11-8eea-6045bd07d229,72ea4760-2f38-ef11-840a-6045bd03203c,,72ea4760-2f38-ef11-840a-6045bd03203c,,72ea4760-2f38-ef11-840a-6045bd03203c,dc5c7cb8-6921-ef11-840b-0022480a10b0,
145,Premium payment withholding,Katherine Higgins,rhaildev,Active,CARC,Katherine Higgins,,2025-01-13T19:13:57Z,,Katherine Higgins,,2025-01-22T17:37:19Z,,,Active,,,31486478,5661bf83-e2d1-ef11-8eea-6045bd07d229,72ea4760-2f38-ef11-840a-6045bd03203c,,72ea4760-2f38-ef11-840a-6045bd03203c,,72ea4760-2f38-ef11-840a-6045bd03203c,dc5c7cb8-6921-ef11-840b-0022480a10b0,
146,Diagnosis was invalid for the date(s) of service reported.,Katherine Higgins,rhaildev,Active,CARC,Katherine Higgins,,2025-01-13T19:13:57Z,,Katherine Higgins,,2025-01-22T17:37:23Z,,,Active,,,31486480,5761bf83-e2d1-ef11-8eea-6045bd07d229,72ea4760-2f38-ef11-840a-6045bd03203c,,72ea4760-2f38-ef11-840a-6045bd03203c,,72ea4760-2f38-ef11-840a-6045bd03203c,dc5c7cb8-6921-ef11-840b-0022480a10b0,
147,Provider contracted/negotiated rate expired or not on file.,Katherine Higgins,rhaildev,Active,CARC,Katherine Higgins,,2025-01-13T19:13:57Z,,Katherine Higgins,,2025-01-22T17:37:26Z,,,Active,,,31486482,5861bf83-e2d1-ef11-8eea-6045bd07d229,72ea4760-2f38-ef11-840a-6045bd03203c,,72ea4760-2f38-ef11-840a-6045bd03203c,,72ea4760-2f38-ef11-840a-6045bd03203c,dc5c7cb8-6921-ef11-840b-0022480a10b0,
148,"Information from another provider was not provided or was insufficient/incomplete. At least one Remark Code must be provided (may be comprised of either the NCPDP Reject Reason Code, or Remittance Advice Remark Code that is not an ALERT.)",Katherine Higgins,rhaildev,Active,CARC,Katherine Higgins,,2025-01-13T19:13:57Z,,Katherine Higgins,,2025-01-22T17:37:31Z,,,Active,,,31486484,5961bf83-e2d1-ef11-8eea-6045bd07d229,72ea4760-2f38-ef11-840a-6045bd03203c,,72ea4760-2f38-ef11-840a-6045bd03203c,,72ea4760-2f38-ef11-840a-6045bd03203c,dc5c7cb8-6921-ef11-840b-0022480a10b0,
149,Lifetime benefit maximum has been reached for this service/benefit category.,Katherine Higgins,rhaildev,Active,CARC,Katherine Higgins,,2025-01-13T19:13:57Z,,Katherine Higgins,,2025-01-22T17:37:36Z,,,Active,,,31486486,5a61bf83-e2d1-ef11-8eea-6045bd07d229,72ea4760-2f38-ef11-840a-6045bd03203c,,72ea4760-2f38-ef11-840a-6045bd03203c,,72ea4760-2f38-ef11-840a-6045bd03203c,dc5c7cb8-6921-ef11-840b-0022480a10b0,
150,Payer deems the information submitted does not support this level of service.,Katherine Higgins,rhaildev,Active,CARC,Katherine Higgins,,2025-01-13T19:13:57Z,,Katherine Higgins,,2025-01-22T17:37:43Z,,,Active,,,31486490,5b61bf83-e2d1-ef11-8eea-6045bd07d229,72ea4760-2f38-ef11-840a-6045bd03203c,,72ea4760-2f38-ef11-840a-6045bd03203c,,72ea4760-2f38-ef11-840a-6045bd03203c,dc5c7cb8-6921-ef11-840b-0022480a10b0,
151,Payment adjusted because the payer deems the information submitted does not support this many/frequency of services.,Katherine Higgins,rhaildev,Active,CARC,Katherine Higgins,,2025-01-13T19:13:57Z,,Katherine Higgins,,2025-01-22T17:37:47Z,,,Active,,,31486492,5c61bf83-e2d1-ef11-8eea-6045bd07d229,72ea4760-2f38-ef11-840a-6045bd03203c,,72ea4760-2f38-ef11-840a-6045bd03203c,,72ea4760-2f38-ef11-840a-6045bd03203c,dc5c7cb8-6921-ef11-840b-0022480a10b0,
152,"Payer deems the information submitted does not support this length of service. Usage: Refer to the 835 Healthcare Policy Identification Segment (loop 2110 Service Payment Information REF), if present.",Katherine Higgins,rhaildev,Active,CARC,Katherine Higgins,,2025-01-13T19:13:57Z,,Katherine Higgins,,2025-01-22T17:37:52Z,,,Active,,,31486494,5d61bf83-e2d1-ef11-8eea-6045bd07d229,72ea4760-2f38-ef11-840a-6045bd03203c,,72ea4760-2f38-ef11-840a-6045bd03203c,,72ea4760-2f38-ef11-840a-6045bd03203c,dc5c7cb8-6921-ef11-840b-0022480a10b0,
153,Payer deems the information submitted does not support this dosage.,Katherine Higgins,rhaildev,Active,CARC,Katherine Higgins,,2025-01-13T19:13:57Z,,Katherine Higgins,,2025-01-22T17:37:55Z,,,Active,,,31486496,5e61bf83-e2d1-ef11-8eea-6045bd07d229,72ea4760-2f38-ef11-840a-6045bd03203c,,72ea4760-2f38-ef11-840a-6045bd03203c,,72ea4760-2f38-ef11-840a-6045bd03203c,dc5c7cb8-6921-ef11-840b-0022480a10b0,
154,Payer deems the information submitted does not support this day's supply.,Katherine Higgins,rhaildev,Active,CARC,Katherine Higgins,,2025-01-13T19:13:57Z,,Katherine Higgins,,2025-01-22T17:37:59Z,,,Active,,,31486499,5f61bf83-e2d1-ef11-8eea-6045bd07d229,72ea4760-2f38-ef11-840a-6045bd03203c,,72ea4760-2f38-ef11-840a-6045bd03203c,,72ea4760-2f38-ef11-840a-6045bd03203c,dc5c7cb8-6921-ef11-840b-0022480a10b0,
155,Patient refused the service/procedure.,Katherine Higgins,rhaildev,Active,CARC,Katherine Higgins,,2025-01-13T19:13:57Z,,Katherine Higgins,,2025-01-22T17:38:03Z,,,Active,,,31486501,6061bf83-e2d1-ef11-8eea-6045bd07d229,72ea4760-2f38-ef11-840a-6045bd03203c,,72ea4760-2f38-ef11-840a-6045bd03203c,,72ea4760-2f38-ef11-840a-6045bd03203c,dc5c7cb8-6921-ef11-840b-0022480a10b0,
156,Flexible spending account payments. Note: Use code 187.,Katherine Higgins,rhaildev,Active,CARC,Katherine Higgins,,2025-01-13T19:13:57Z,,Katherine Higgins,,2025-01-22T17:38:09Z,,,Active,,,31486503,6161bf83-e2d1-ef11-8eea-6045bd07d229,72ea4760-2f38-ef11-840a-6045bd03203c,,72ea4760-2f38-ef11-840a-6045bd03203c,,72ea4760-2f38-ef11-840a-6045bd03203c,dc5c7cb8-6921-ef11-840b-0022480a10b0,
157,Service/procedure was provided as a result of an act of war.,Katherine Higgins,rhaildev,Active,CARC,Katherine Higgins,,2025-01-13T19:13:57Z,,Katherine Higgins,,2025-01-22T17:38:14Z,,,Active,,,31486505,6261bf83-e2d1-ef11-8eea-6045bd07d229,72ea4760-2f38-ef11-840a-6045bd03203c,,72ea4760-2f38-ef11-840a-6045bd03203c,,72ea4760-2f38-ef11-840a-6045bd03203c,dc5c7cb8-6921-ef11-840b-0022480a10b0,
158,Service/procedure was provided outside of the United States.,Katherine Higgins,rhaildev,Active,CARC,Katherine Higgins,,2025-01-13T19:13:57Z,,Katherine Higgins,,2025-01-22T17:38:17Z,,,Active,,,31486507,6361bf83-e2d1-ef11-8eea-6045bd07d229,72ea4760-2f38-ef11-840a-6045bd03203c,,72ea4760-2f38-ef11-840a-6045bd03203c,,72ea4760-2f38-ef11-840a-6045bd03203c,dc5c7cb8-6921-ef11-840b-0022480a10b0,
159,Service/procedure was provided as a result of terrorism.,Katherine Higgins,rhaildev,Active,CARC,Katherine Higgins,,2025-01-13T19:13:57Z,,Katherine Higgins,,2025-01-22T17:38:20Z,,,Active,,,31486509,6461bf83-e2d1-ef11-8eea-6045bd07d229,72ea4760-2f38-ef11-840a-6045bd03203c,,72ea4760-2f38-ef11-840a-6045bd03203c,,72ea4760-2f38-ef11-840a-6045bd03203c,dc5c7cb8-6921-ef11-840b-0022480a10b0,
160,Injury/illness was the result of an activity that is a benefit exclusion.,Katherine Higgins,rhaildev,Active,CARC,Katherine Higgins,,2025-01-13T19:13:57Z,,Katherine Higgins,,2025-01-22T17:38:31Z,,,Active,,,31486515,6561bf83-e2d1-ef11-8eea-6045bd07d229,72ea4760-2f38-ef11-840a-6045bd03203c,,72ea4760-2f38-ef11-840a-6045bd03203c,,72ea4760-2f38-ef11-840a-6045bd03203c,dc5c7cb8-6921-ef11-840b-0022480a10b0,
161,Provider performance bonus,Katherine Higgins,rhaildev,Active,CARC,Katherine Higgins,,2025-01-13T19:13:57Z,,Katherine Higgins,,2025-01-22T17:38:35Z,,,Active,,,31486517,6661bf83-e2d1-ef11-8eea-6045bd07d229,72ea4760-2f38-ef11-840a-6045bd03203c,,72ea4760-2f38-ef11-840a-6045bd03203c,,72ea4760-2f38-ef11-840a-6045bd03203c,dc5c7cb8-6921-ef11-840b-0022480a10b0,
162,"State-mandated Requirement for Property and Casualty, see Claim Payment Remarks Code for specific explanation.
Notes: Use code P1",Katherine Higgins,rhaildev,Active,CARC,Katherine Higgins,,2025-01-13T19:13:57Z,,Katherine Higgins,,2025-01-22T17:38:41Z,,,Active,,,31486519,6761bf83-e2d1-ef11-8eea-6045bd07d229,72ea4760-2f38-ef11-840a-6045bd03203c,,72ea4760-2f38-ef11-840a-6045bd03203c,,72ea4760-2f38-ef11-840a-6045bd03203c,dc5c7cb8-6921-ef11-840b-0022480a10b0,
163,Attachment/other documentation referenced on the claim was not received.,Katherine Higgins,rhaildev,Active,CARC,Katherine Higgins,,2025-01-13T19:13:57Z,,Katherine Higgins,,2025-01-22T17:38:45Z,,,Active,,,31486521,6861bf83-e2d1-ef11-8eea-6045bd07d229,72ea4760-2f38-ef11-840a-6045bd03203c,,72ea4760-2f38-ef11-840a-6045bd03203c,,72ea4760-2f38-ef11-840a-6045bd03203c,dc5c7cb8-6921-ef11-840b-0022480a10b0,
164,Attachment/other documentation referenced on the claim was not received in a timely fashion.,Katherine Higgins,rhaildev,Active,CARC,Katherine Higgins,,2025-01-13T19:13:57Z,,Katherine Higgins,,2025-01-22T17:38:48Z,,,Active,,,31486523,6961bf83-e2d1-ef11-8eea-6045bd07d229,72ea4760-2f38-ef11-840a-6045bd03203c,,72ea4760-2f38-ef11-840a-6045bd03203c,,72ea4760-2f38-ef11-840a-6045bd03203c,dc5c7cb8-6921-ef11-840b-0022480a10b0,
165,Referral absent or exceeded.,Katherine Higgins,rhaildev,Active,CARC,Katherine Higgins,,2025-01-13T19:13:57Z,,Katherine Higgins,,2025-01-22T17:38:54Z,,,Active,,,31486525,6a61bf83-e2d1-ef11-8eea-6045bd07d229,72ea4760-2f38-ef11-840a-6045bd03203c,,72ea4760-2f38-ef11-840a-6045bd03203c,,72ea4760-2f38-ef11-840a-6045bd03203c,dc5c7cb8-6921-ef11-840b-0022480a10b0,
166,These services were submitted after this payers responsibility for processing claims under this plan ended.,Katherine Higgins,rhaildev,Active,CARC,Katherine Higgins,,2025-01-13T19:13:57Z,,Katherine Higgins,,2025-01-22T17:38:58Z,,,Active,,,31486527,6b61bf83-e2d1-ef11-8eea-6045bd07d229,72ea4760-2f38-ef11-840a-6045bd03203c,,72ea4760-2f38-ef11-840a-6045bd03203c,,72ea4760-2f38-ef11-840a-6045bd03203c,dc5c7cb8-6921-ef11-840b-0022480a10b0,
167,"This (these) diagnosis(es) is (are) not covered. Usage: Refer to the 835 Healthcare Policy Identification Segment (loop 2110 Service Payment Information REF), if present.",Katherine Higgins,rhaildev,Active,CARC,Katherine Higgins,,2025-01-13T19:13:57Z,,Katherine Higgins,,2025-01-22T17:39:02Z,,,Active,,,31486529,6c61bf83-e2d1-ef11-8eea-6045bd07d229,72ea4760-2f38-ef11-840a-6045bd03203c,,72ea4760-2f38-ef11-840a-6045bd03203c,,72ea4760-2f38-ef11-840a-6045bd03203c,dc5c7cb8-6921-ef11-840b-0022480a10b0,
168,Service(s) have been considered under the patient's medical plan. Benefits are not available under this dental plan.,Katherine Higgins,rhaildev,Active,CARC,Katherine Higgins,,2025-01-13T19:13:57Z,,Katherine Higgins,,2025-01-22T17:39:06Z,,,Active,,,31486531,6d61bf83-e2d1-ef11-8eea-6045bd07d229,72ea4760-2f38-ef11-840a-6045bd03203c,,72ea4760-2f38-ef11-840a-6045bd03203c,,72ea4760-2f38-ef11-840a-6045bd03203c,dc5c7cb8-6921-ef11-840b-0022480a10b0,
169,Alternate benefit has been provided.,Katherine Higgins,rhaildev,Active,CARC,Katherine Higgins,,2025-01-13T19:13:57Z,,Katherine Higgins,,2025-01-22T17:39:11Z,,,Active,,,31486533,6e61bf83-e2d1-ef11-8eea-6045bd07d229,72ea4760-2f38-ef11-840a-6045bd03203c,,72ea4760-2f38-ef11-840a-6045bd03203c,,72ea4760-2f38-ef11-840a-6045bd03203c,dc5c7cb8-6921-ef11-840b-0022480a10b0,
170,"Payment is denied when performed/billed by this type of provider. Usage: Refer to the 835 Healthcare Policy Identification Segment (loop 2110 Service Payment Information REF), if present.",Katherine Higgins,rhaildev,Active,CARC,Katherine Higgins,,2025-01-13T19:13:57Z,,Katherine Higgins,,2025-01-22T17:39:23Z,,,Active,,,31486537,6f61bf83-e2d1-ef11-8eea-6045bd07d229,72ea4760-2f38-ef11-840a-6045bd03203c,,72ea4760-2f38-ef11-840a-6045bd03203c,,72ea4760-2f38-ef11-840a-6045bd03203c,dc5c7cb8-6921-ef11-840b-0022480a10b0,
171,"Payment is denied when performed/billed by this type of provider in this type of facility. Usage: Refer to the 835 Healthcare Policy Identification Segment (loop 2110 Service Payment Information REF), if present.",Katherine Higgins,rhaildev,Active,CARC,Katherine Higgins,,2025-01-13T19:13:57Z,,Katherine Higgins,,2025-01-22T17:39:26Z,,,Active,,,31486539,7061bf83-e2d1-ef11-8eea-6045bd07d229,72ea4760-2f38-ef11-840a-6045bd03203c,,72ea4760-2f38-ef11-840a-6045bd03203c,,72ea4760-2f38-ef11-840a-6045bd03203c,dc5c7cb8-6921-ef11-840b-0022480a10b0,
172,"Payment is adjusted when performed/billed by a provider of this specialty. Usage: Refer to the 835 Healthcare Policy Identification Segment (loop 2110 Service Payment Information REF), if present.",Katherine Higgins,rhaildev,Active,CARC,Katherine Higgins,,2025-01-13T19:13:57Z,,Katherine Higgins,,2025-01-22T17:39:32Z,,,Active,,,31486541,7161bf83-e2d1-ef11-8eea-6045bd07d229,72ea4760-2f38-ef11-840a-6045bd03203c,,72ea4760-2f38-ef11-840a-6045bd03203c,,72ea4760-2f38-ef11-840a-6045bd03203c,dc5c7cb8-6921-ef11-840b-0022480a10b0,
173,Service/equipment was not prescribed by a physician.,Katherine Higgins,rhaildev,Active,CARC,Katherine Higgins,,2025-01-13T19:13:57Z,,Katherine Higgins,,2025-01-22T17:39:35Z,,,Active,,,31486543,7261bf83-e2d1-ef11-8eea-6045bd07d229,72ea4760-2f38-ef11-840a-6045bd03203c,,72ea4760-2f38-ef11-840a-6045bd03203c,,72ea4760-2f38-ef11-840a-6045bd03203c,dc5c7cb8-6921-ef11-840b-0022480a10b0,
174,Service was not prescribed prior to delivery.,Katherine Higgins,rhaildev,Active,CARC,Katherine Higgins,,2025-01-13T19:13:57Z,,Katherine Higgins,,2025-01-22T17:39:39Z,,,Active,,,31486545,7361bf83-e2d1-ef11-8eea-6045bd07d229,72ea4760-2f38-ef11-840a-6045bd03203c,,72ea4760-2f38-ef11-840a-6045bd03203c,,72ea4760-2f38-ef11-840a-6045bd03203c,dc5c7cb8-6921-ef11-840b-0022480a10b0,
175,Prescription is incomplete.,Katherine Higgins,rhaildev,Active,CARC,Katherine Higgins,,2025-01-13T19:13:57Z,,Katherine Higgins,,2025-01-22T17:39:42Z,,,Active,,,31486551,7461bf83-e2d1-ef11-8eea-6045bd07d229,72ea4760-2f38-ef11-840a-6045bd03203c,,72ea4760-2f38-ef11-840a-6045bd03203c,,72ea4760-2f38-ef11-840a-6045bd03203c,dc5c7cb8-6921-ef11-840b-0022480a10b0,
176,Prescription is not current.,Katherine Higgins,rhaildev,Active,CARC,Katherine Higgins,,2025-01-13T19:13:57Z,,Katherine Higgins,,2025-01-22T17:39:47Z,,,Active,,,31486561,7561bf83-e2d1-ef11-8eea-6045bd07d229,72ea4760-2f38-ef11-840a-6045bd03203c,,72ea4760-2f38-ef11-840a-6045bd03203c,,72ea4760-2f38-ef11-840a-6045bd03203c,dc5c7cb8-6921-ef11-840b-0022480a10b0,
177,Patient has not met the required eligibility requirements.,Katherine Higgins,rhaildev,Active,CARC,Katherine Higgins,,2025-01-13T19:13:57Z,,Katherine Higgins,,2025-01-22T17:40:01Z,,,Active,,,31486563,7661bf83-e2d1-ef11-8eea-6045bd07d229,72ea4760-2f38-ef11-840a-6045bd03203c,,72ea4760-2f38-ef11-840a-6045bd03203c,,72ea4760-2f38-ef11-840a-6045bd03203c,dc5c7cb8-6921-ef11-840b-0022480a10b0,
178,Patient has not met the required spend down requirements.,Katherine Higgins,rhaildev,Active,CARC,Katherine Higgins,,2025-01-13T19:13:57Z,,Katherine Higgins,,2025-01-22T17:40:05Z,,,Active,,,31486566,7761bf83-e2d1-ef11-8eea-6045bd07d229,72ea4760-2f38-ef11-840a-6045bd03203c,,72ea4760-2f38-ef11-840a-6045bd03203c,,72ea4760-2f38-ef11-840a-6045bd03203c,dc5c7cb8-6921-ef11-840b-0022480a10b0,
179,"Patient has not met the required waiting requirements. Usage: Refer to the 835 Healthcare Policy Identification Segment (loop 2110 Service Payment Information REF), if present.",Katherine Higgins,rhaildev,Active,CARC,Katherine Higgins,,2025-01-13T19:13:57Z,,Katherine Higgins,,2025-01-22T17:40:11Z,,,Active,,,31486568,7861bf83-e2d1-ef11-8eea-6045bd07d229,72ea4760-2f38-ef11-840a-6045bd03203c,,72ea4760-2f38-ef11-840a-6045bd03203c,,72ea4760-2f38-ef11-840a-6045bd03203c,dc5c7cb8-6921-ef11-840b-0022480a10b0,
180,Patient has not met the required residency requirements.,Katherine Higgins,rhaildev,Active,CARC,Katherine Higgins,,2025-01-13T19:13:57Z,,Katherine Higgins,,2025-01-22T17:40:43Z,,,Active,,,31486572,7961bf83-e2d1-ef11-8eea-6045bd07d229,72ea4760-2f38-ef11-840a-6045bd03203c,,72ea4760-2f38-ef11-840a-6045bd03203c,,72ea4760-2f38-ef11-840a-6045bd03203c,dc5c7cb8-6921-ef11-840b-0022480a10b0,
181,Procedure code was invalid on the date of service.,Katherine Higgins,rhaildev,Active,CARC,Katherine Higgins,,2025-01-13T19:13:57Z,,Katherine Higgins,,2025-01-22T17:40:47Z,,,Active,,,31486574,7a61bf83-e2d1-ef11-8eea-6045bd07d229,72ea4760-2f38-ef11-840a-6045bd03203c,,72ea4760-2f38-ef11-840a-6045bd03203c,,72ea4760-2f38-ef11-840a-6045bd03203c,dc5c7cb8-6921-ef11-840b-0022480a10b0,
182,Procedure modifier was invalid on the date of service.,Katherine Higgins,rhaildev,Active,CARC,Katherine Higgins,,2025-01-13T19:13:57Z,,Katherine Higgins,,2025-01-22T17:40:52Z,,,Active,,,31486576,7b61bf83-e2d1-ef11-8eea-6045bd07d229,72ea4760-2f38-ef11-840a-6045bd03203c,,72ea4760-2f38-ef11-840a-6045bd03203c,,72ea4760-2f38-ef11-840a-6045bd03203c,dc5c7cb8-6921-ef11-840b-0022480a10b0,
183,"The referring provider is not eligible to refer the service billed. Usage: Refer to the 835 Healthcare Policy Identification Segment (loop 2110 Service Payment Information REF), if present.",Katherine Higgins,rhaildev,Active,CARC,Katherine Higgins,,2025-01-13T19:13:57Z,,Katherine Higgins,,2025-01-22T18:52:48Z,,,Active,,,31487055,7c61bf83-e2d1-ef11-8eea-6045bd07d229,72ea4760-2f38-ef11-840a-6045bd03203c,,72ea4760-2f38-ef11-840a-6045bd03203c,,72ea4760-2f38-ef11-840a-6045bd03203c,dc5c7cb8-6921-ef11-840b-0022480a10b0,
184,"The prescribing/ordering provider is not eligible to prescribe/order the service billed. Usage: Refer to the 835 Healthcare Policy Identification Segment (loop 2110 Service Payment Information REF), if present.",Katherine Higgins,rhaildev,Active,CARC,Katherine Higgins,,2025-01-13T19:13:57Z,,Katherine Higgins,,2025-01-22T18:52:54Z,,,Active,,,31487057,7d61bf83-e2d1-ef11-8eea-6045bd07d229,72ea4760-2f38-ef11-840a-6045bd03203c,,72ea4760-2f38-ef11-840a-6045bd03203c,,72ea4760-2f38-ef11-840a-6045bd03203c,dc5c7cb8-6921-ef11-840b-0022480a10b0,
185,"The rendering provider is not eligible to perform the service billed. Usage: Refer to the 835 Healthcare Policy Identification Segment (loop 2110 Service Payment Information REF), if present.",Katherine Higgins,rhaildev,Active,CARC,Katherine Higgins,,2025-01-13T19:13:57Z,,Katherine Higgins,,2025-01-22T18:52:59Z,,,Active,,,31487059,7e61bf83-e2d1-ef11-8eea-6045bd07d229,72ea4760-2f38-ef11-840a-6045bd03203c,,72ea4760-2f38-ef11-840a-6045bd03203c,,72ea4760-2f38-ef11-840a-6045bd03203c,dc5c7cb8-6921-ef11-840b-0022480a10b0,
186,Level of care change adjustment.,Katherine Higgins,rhaildev,Active,CARC,Katherine Higgins,,2025-01-13T19:13:57Z,,Katherine Higgins,,2025-01-22T18:53:04Z,,,Active,,,31487061,7f61bf83-e2d1-ef11-8eea-6045bd07d229,72ea4760-2f38-ef11-840a-6045bd03203c,,72ea4760-2f38-ef11-840a-6045bd03203c,,72ea4760-2f38-ef11-840a-6045bd03203c,dc5c7cb8-6921-ef11-840b-0022480a10b0,
187,"Consumer Spending Account payments (includes but is not limited to Flexible Spending Account, Health Savings Account, Health Reimbursement Account, etc.)",Katherine Higgins,rhaildev,Active,CARC,Katherine Higgins,,2025-01-13T19:13:57Z,,Katherine Higgins,,2025-01-22T18:53:34Z,,,Active,,,31487063,8061bf83-e2d1-ef11-8eea-6045bd07d229,72ea4760-2f38-ef11-840a-6045bd03203c,,72ea4760-2f38-ef11-840a-6045bd03203c,,72ea4760-2f38-ef11-840a-6045bd03203c,dc5c7cb8-6921-ef11-840b-0022480a10b0,
188,This product/procedure is only covered when used according to FDA recommendations.,Katherine Higgins,rhaildev,Active,CARC,Katherine Higgins,,2025-01-13T19:13:57Z,,Katherine Higgins,,2025-01-22T19:42:33Z,,,Active,,,31487337,8161bf83-e2d1-ef11-8eea-6045bd07d229,72ea4760-2f38-ef11-840a-6045bd03203c,,72ea4760-2f38-ef11-840a-6045bd03203c,,72ea4760-2f38-ef11-840a-6045bd03203c,dc5c7cb8-6921-ef11-840b-0022480a10b0,
189,Not otherwise classified' or 'unlisted' procedure code (CPT/HCPCS) was billed when there is a specific procedure code for this procedure/service,Katherine Higgins,rhaildev,Active,CARC,Katherine Higgins,,2025-01-13T19:13:57Z,,Katherine Higgins,,2025-01-22T19:42:36Z,,,Active,,,31487339,8261bf83-e2d1-ef11-8eea-6045bd07d229,72ea4760-2f38-ef11-840a-6045bd03203c,,72ea4760-2f38-ef11-840a-6045bd03203c,,72ea4760-2f38-ef11-840a-6045bd03203c,dc5c7cb8-6921-ef11-840b-0022480a10b0,
190,Payment is included in the allowance for a Skilled Nursing Facility (SNF) qualified stay.,Katherine Higgins,rhaildev,Active,CARC,Katherine Higgins,,2025-01-13T19:13:57Z,,Katherine Higgins,,2025-01-22T19:42:44Z,,,Active,,,31487343,8361bf83-e2d1-ef11-8eea-6045bd07d229,72ea4760-2f38-ef11-840a-6045bd03203c,,72ea4760-2f38-ef11-840a-6045bd03203c,,72ea4760-2f38-ef11-840a-6045bd03203c,dc5c7cb8-6921-ef11-840b-0022480a10b0,
191,"Not a work related injury/illness and thus not the liability of the workers' compensation carrier Note: If adjustment is at the Claim Level, the payer must send and the provider should refer to the 835 Insurance Policy Number Segment (Loop 2100 Other Claim Related Information REF qualifier 'IG') for the jurisdictional regulation. If adjustment is at the Line Level, the payer must send and the provider should refer to the 835 Healthcare Policy Identification Segment (loop 2110 Service Payment information REF)",Katherine Higgins,rhaildev,Active,CARC,Katherine Higgins,,2025-01-13T19:13:57Z,,Katherine Higgins,,2025-01-22T19:42:55Z,,,Active,,,31487345,8561bf83-e2d1-ef11-8eea-6045bd07d229,72ea4760-2f38-ef11-840a-6045bd03203c,,72ea4760-2f38-ef11-840a-6045bd03203c,,72ea4760-2f38-ef11-840a-6045bd03203c,dc5c7cb8-6921-ef11-840b-0022480a10b0,
192,"Non standard adjustment code from paper remittance. Usage: This code is to be used by providers/payers providing Coordination of Benefits information to another payer in the 837 transaction only. This code is only used when the non-standard code cannot be reasonably mapped to an existing Claims Adjustment Reason Code, specifically Deductible, Coinsurance and Co-payment.",Katherine Higgins,rhaildev,Active,CARC,Katherine Higgins,,2025-01-13T19:13:57Z,,Katherine Higgins,,2025-01-22T19:43:00Z,,,Active,,,31487347,8761bf83-e2d1-ef11-8eea-6045bd07d229,72ea4760-2f38-ef11-840a-6045bd03203c,,72ea4760-2f38-ef11-840a-6045bd03203c,,72ea4760-2f38-ef11-840a-6045bd03203c,dc5c7cb8-6921-ef11-840b-0022480a10b0,
193,"Original payment decision is being maintained. Upon review, it was determined that this claim was processed properly.",Katherine Higgins,rhaildev,Active,CARC,Katherine Higgins,,2025-01-13T19:13:57Z,,Katherine Higgins,,2025-01-22T19:43:03Z,,,Active,,,31487349,8861bf83-e2d1-ef11-8eea-6045bd07d229,72ea4760-2f38-ef11-840a-6045bd03203c,,72ea4760-2f38-ef11-840a-6045bd03203c,,72ea4760-2f38-ef11-840a-6045bd03203c,dc5c7cb8-6921-ef11-840b-0022480a10b0,
194,"Anesthesia performed by the operating physician, the assistant surgeon or the attending physician.",Katherine Higgins,rhaildev,Active,CARC,Katherine Higgins,,2025-01-13T19:13:57Z,,Katherine Higgins,,2025-01-22T19:43:06Z,,,Active,,,31487351,8961bf83-e2d1-ef11-8eea-6045bd07d229,72ea4760-2f38-ef11-840a-6045bd03203c,,72ea4760-2f38-ef11-840a-6045bd03203c,,72ea4760-2f38-ef11-840a-6045bd03203c,dc5c7cb8-6921-ef11-840b-0022480a10b0,
195,Refund issued to an erroneous priority payer for this claim/service.,Katherine Higgins,rhaildev,Active,CARC,Katherine Higgins,,2025-01-13T19:13:58Z,,Katherine Higgins,,2025-01-22T19:43:09Z,,,Active,,,31487353,8a61bf83-e2d1-ef11-8eea-6045bd07d229,72ea4760-2f38-ef11-840a-6045bd03203c,,72ea4760-2f38-ef11-840a-6045bd03203c,,72ea4760-2f38-ef11-840a-6045bd03203c,dc5c7cb8-6921-ef11-840b-0022480a10b0,
196,Claim/service denied based on prior payer's coverage determination.,Katherine Higgins,rhaildev,Active,CARC,Katherine Higgins,,2025-01-13T19:13:58Z,,Katherine Higgins,,2025-01-22T19:43:12Z,,,Active,,,31487355,8b61bf83-e2d1-ef11-8eea-6045bd07d229,72ea4760-2f38-ef11-840a-6045bd03203c,,72ea4760-2f38-ef11-840a-6045bd03203c,,72ea4760-2f38-ef11-840a-6045bd03203c,dc5c7cb8-6921-ef11-840b-0022480a10b0,
197,Precertification/authorization/notification/pre-treatment absent.,Katherine Higgins,rhaildev,Active,CARC,Katherine Higgins,,2025-01-13T19:13:58Z,,Katherine Higgins,,2025-01-22T19:43:15Z,,,Active,,,31487356,8c61bf83-e2d1-ef11-8eea-6045bd07d229,72ea4760-2f38-ef11-840a-6045bd03203c,,72ea4760-2f38-ef11-840a-6045bd03203c,,72ea4760-2f38-ef11-840a-6045bd03203c,dc5c7cb8-6921-ef11-840b-0022480a10b0,
198,Precertification/notification/authorization/pre-treatment exceeded.,Katherine Higgins,rhaildev,Active,CARC,Katherine Higgins,,2025-01-13T19:13:58Z,,Katherine Higgins,,2025-01-22T19:43:19Z,,,Active,,,31487358,8d61bf83-e2d1-ef11-8eea-6045bd07d229,72ea4760-2f38-ef11-840a-6045bd03203c,,72ea4760-2f38-ef11-840a-6045bd03203c,,72ea4760-2f38-ef11-840a-6045bd03203c,dc5c7cb8-6921-ef11-840b-0022480a10b0,
199,Revenue code and Procedure code do not match.,Katherine Higgins,rhaildev,Active,CARC,Katherine Higgins,,2025-01-13T19:13:58Z,,Katherine Higgins,,2025-01-22T19:43:22Z,,,Active,,,31487360,8f61bf83-e2d1-ef11-8eea-6045bd07d229,72ea4760-2f38-ef11-840a-6045bd03203c,,72ea4760-2f38-ef11-840a-6045bd03203c,,72ea4760-2f38-ef11-840a-6045bd03203c,dc5c7cb8-6921-ef11-840b-0022480a10b0,
200,Expenses incurred during lapse in coverage,Katherine Higgins,rhaildev,Active,CARC,Katherine Higgins,,2025-01-13T19:13:58Z,,Katherine Higgins,,2025-01-22T19:43:32Z,,,Active,,,31487366,9261bf83-e2d1-ef11-8eea-6045bd07d229,72ea4760-2f38-ef11-840a-6045bd03203c,,72ea4760-2f38-ef11-840a-6045bd03203c,,72ea4760-2f38-ef11-840a-6045bd03203c,dc5c7cb8-6921-ef11-840b-0022480a10b0,
N86,A failed trial of pelvic muscle exercise training is required in order for biofeedback training for the treatment of urinary incontinence to be covered.,Katherine Higgins,rhaildev,Active,RARC,Katherine Higgins,,2025-01-13T19:14:09Z,,Katherine Higgins,,2025-01-22T23:40:39Z,,,Active,,,31492043,cd453b90-e2d1-ef11-8eea-6045bd08003d,72ea4760-2f38-ef11-840a-6045bd03203c,,72ea4760-2f38-ef11-840a-6045bd03203c,,72ea4760-2f38-ef11-840a-6045bd03203c,dc5c7cb8-6921-ef11-840b-0022480a10b0,
N87,Home use of biofeedback therapy is not covered.,Katherine Higgins,rhaildev,Active,RARC,Katherine Higgins,,2025-01-13T19:14:09Z,,Katherine Higgins,,2025-01-22T23:41:38Z,,,Active,,,31492067,ce453b90-e2d1-ef11-8eea-6045bd08003d,72ea4760-2f38-ef11-840a-6045bd03203c,,72ea4760-2f38-ef11-840a-6045bd03203c,,72ea4760-2f38-ef11-840a-6045bd03203c,dc5c7cb8-6921-ef11-840b-0022480a10b0,
N88,"Alert: This payment is being made conditionally. An HHA episode of care notice has been filed for this patient. When a patient is treated under a HHA episode of care, consolidated billing requires that certain therapy services and supplies, such as this, be included in the HHA's payment. This payment will need to be recouped from you if we establish that the patient is concurrently receiving treatment under a HHA episode of care.",Katherine Higgins,rhaildev,Active,RARC,Katherine Higgins,,2025-01-13T19:14:09Z,,Katherine Higgins,,2025-01-22T23:42:31Z,,,Active,,,31492089,cf453b90-e2d1-ef11-8eea-6045bd08003d,72ea4760-2f38-ef11-840a-6045bd03203c,,72ea4760-2f38-ef11-840a-6045bd03203c,,72ea4760-2f38-ef11-840a-6045bd03203c,dc5c7cb8-6921-ef11-840b-0022480a10b0,
N89,"Alert: Payment information for this claim has been forwarded to more than one other payer, but format limitations permit only one of the secondary payers to be identified in this remittance advice.
Notes: (Modified 4/1/07)",Katherine Higgins,rhaildev,Active,RARC,Katherine Higgins,,2025-01-13T19:14:09Z,,Katherine Higgins,,2025-01-22T23:43:16Z,,,Active,,,31492122,d0453b90-e2d1-ef11-8eea-6045bd08003d,72ea4760-2f38-ef11-840a-6045bd03203c,,72ea4760-2f38-ef11-840a-6045bd03203c,,72ea4760-2f38-ef11-840a-6045bd03203c,dc5c7cb8-6921-ef11-840b-0022480a10b0,
N90,Covered only when performed by the attending physician.,Katherine Higgins,rhaildev,Active,RARC,Katherine Higgins,,2025-01-13T19:14:09Z,,Katherine Higgins,,2025-01-22T23:43:44Z,,,Active,,,31492148,d1453b90-e2d1-ef11-8eea-6045bd08003d,72ea4760-2f38-ef11-840a-6045bd03203c,,72ea4760-2f38-ef11-840a-6045bd03203c,,72ea4760-2f38-ef11-840a-6045bd03203c,dc5c7cb8-6921-ef11-840b-0022480a10b0,
N91,Services not included in the appeal review.,Katherine Higgins,rhaildev,Active,RARC,Katherine Higgins,,2025-01-13T19:14:09Z,,Katherine Higgins,,2025-01-22T23:43:47Z,,,Active,,,31492150,d2453b90-e2d1-ef11-8eea-6045bd08003d,72ea4760-2f38-ef11-840a-6045bd03203c,,72ea4760-2f38-ef11-840a-6045bd03203c,,72ea4760-2f38-ef11-840a-6045bd03203c,dc5c7cb8-6921-ef11-840b-0022480a10b0,
N92,This facility is not certified for digital mammography.,Katherine Higgins,rhaildev,Active,RARC,Katherine Higgins,,2025-01-13T19:14:09Z,,Katherine Higgins,,2025-01-22T23:43:51Z,,,Active,,,31492156,d3453b90-e2d1-ef11-8eea-6045bd08003d,72ea4760-2f38-ef11-840a-6045bd03203c,,72ea4760-2f38-ef11-840a-6045bd03203c,,72ea4760-2f38-ef11-840a-6045bd03203c,dc5c7cb8-6921-ef11-840b-0022480a10b0,
N93,A separate claim must be submitted for each place of service. Services furnished at multiple sites may not be billed in the same claim.,Katherine Higgins,rhaildev,Active,RARC,Katherine Higgins,,2025-01-13T19:14:09Z,,Katherine Higgins,,2025-01-22T23:43:55Z,,,Active,,,31492158,d4453b90-e2d1-ef11-8eea-6045bd08003d,72ea4760-2f38-ef11-840a-6045bd03203c,,72ea4760-2f38-ef11-840a-6045bd03203c,,72ea4760-2f38-ef11-840a-6045bd03203c,dc5c7cb8-6921-ef11-840b-0022480a10b0,
N94,Claim/Service denied because a more specific taxonomy code is required for adjudication.,Katherine Higgins,rhaildev,Active,RARC,Katherine Higgins,,2025-01-13T19:14:09Z,,Katherine Higgins,,2025-01-22T23:44:00Z,,,Active,,,31492160,d5453b90-e2d1-ef11-8eea-6045bd08003d,72ea4760-2f38-ef11-840a-6045bd03203c,,72ea4760-2f38-ef11-840a-6045bd03203c,,72ea4760-2f38-ef11-840a-6045bd03203c,dc5c7cb8-6921-ef11-840b-0022480a10b0,
N95,This provider type/provider specialty may not bill this service.,Katherine Higgins,rhaildev,Active,RARC,Katherine Higgins,,2025-01-13T19:14:09Z,,Katherine Higgins,,2025-01-22T23:44:06Z,,,Active,,,31492162,d6453b90-e2d1-ef11-8eea-6045bd08003d,72ea4760-2f38-ef11-840a-6045bd03203c,,72ea4760-2f38-ef11-840a-6045bd03203c,,72ea4760-2f38-ef11-840a-6045bd03203c,dc5c7cb8-6921-ef11-840b-0022480a10b0,
N96,"Patient must be refractory to conventional therapy (documented behavioral, pharmacologic and/or surgical corrective therapy) and be an appropriate surgical candidate such that implantation with anesthesia can occur.",Katherine Higgins,rhaildev,Active,RARC,Katherine Higgins,,2025-01-13T19:14:09Z,,Katherine Higgins,,2025-01-22T23:44:12Z,,,Active,,,31492164,d7453b90-e2d1-ef11-8eea-6045bd08003d,72ea4760-2f38-ef11-840a-6045bd03203c,,72ea4760-2f38-ef11-840a-6045bd03203c,,72ea4760-2f38-ef11-840a-6045bd03203c,dc5c7cb8-6921-ef11-840b-0022480a10b0,
N97,"Patients with stress incontinence, urinary obstruction, and specific neurologic diseases (e.g., diabetes with peripheral nerve involvement) which are associated with secondary manifestations of the above three indications are excluded.",Katherine Higgins,rhaildev,Active,RARC,Katherine Higgins,,2025-01-13T19:14:09Z,,Katherine Higgins,,2025-01-22T23:44:24Z,,,Active,,,31492174,d8453b90-e2d1-ef11-8eea-6045bd08003d,72ea4760-2f38-ef11-840a-6045bd03203c,,72ea4760-2f38-ef11-840a-6045bd03203c,,72ea4760-2f38-ef11-840a-6045bd03203c,dc5c7cb8-6921-ef11-840b-0022480a10b0,
N98,"Patient must have had a successful test stimulation in order to support subsequent implantation. Before a patient is eligible for permanent implantation, he/she must demonstrate a 50 percent or greater improvement through test stimulation. Improvement is measured through voiding diaries.",Katherine Higgins,rhaildev,Active,RARC,Katherine Higgins,,2025-01-13T19:14:10Z,,Katherine Higgins,,2025-01-22T23:44:19Z,,,Active,,,31492168,d9453b90-e2d1-ef11-8eea-6045bd08003d,72ea4760-2f38-ef11-840a-6045bd03203c,,72ea4760-2f38-ef11-840a-6045bd03203c,,72ea4760-2f38-ef11-840a-6045bd03203c,dc5c7cb8-6921-ef11-840b-0022480a10b0,
N99,Patient must be able to demonstrate adequate ability to record voiding diary data such that clinical results of the implant procedure can be properly evaluated.,Katherine Higgins,rhaildev,Active,RARC,Katherine Higgins,,2025-01-13T19:14:10Z,,Katherine Higgins,,2025-01-22T23:44:15Z,,,Active,,,31492166,da453b90-e2d1-ef11-8eea-6045bd08003d,72ea4760-2f38-ef11-840a-6045bd03203c,,72ea4760-2f38-ef11-840a-6045bd03203c,,72ea4760-2f38-ef11-840a-6045bd03203c,dc5c7cb8-6921-ef11-840b-0022480a10b0,
N103,"Records indicate this patient was a prisoner or in custody of a Federal, State, or local authority when the service was rendered. This payer does not cover items and services furnished to an individual while he or she is in custody under a penal statute or rule, unless under State or local law, the individual is personally liable for the cost of his or her health care while in custody and the State or local government pursues the collection of such debt in the same way and with the same vigor as the collection of its other debts. The provider can collect from the Federal/State/ Local Authority as appropriate.",Katherine Higgins,rhaildev,Active,RARC,Katherine Higgins,,2025-01-13T19:14:10Z,,Katherine Higgins,,2025-01-22T22:54:38Z,,,Active,,,31490720,db453b90-e2d1-ef11-8eea-6045bd08003d,72ea4760-2f38-ef11-840a-6045bd03203c,,72ea4760-2f38-ef11-840a-6045bd03203c,,72ea4760-2f38-ef11-840a-6045bd03203c,dc5c7cb8-6921-ef11-840b-0022480a10b0,
N104,"This claim/service is not payable under our claims jurisdiction area. You can identify the correct Medicare contractor to process this claim/service through the CMS website at www.cms.gov.
Notes: (Modified 10/31/02, 7/1/10)",Katherine Higgins,rhaildev,Active,RARC,Katherine Higgins,,2025-01-13T19:14:10Z,,Katherine Higgins,,2025-01-22T22:54:38Z,,,Active,,,31490722,dc453b90-e2d1-ef11-8eea-6045bd08003d,72ea4760-2f38-ef11-840a-6045bd03203c,,72ea4760-2f38-ef11-840a-6045bd03203c,,72ea4760-2f38-ef11-840a-6045bd03203c,dc5c7cb8-6921-ef11-840b-0022480a10b0,
N105,"This is a misdirected claim/service for an RRB beneficiary. Submit paper claims to the RRB carrier: Palmetto GBA, P.O. Box 10066, Augusta, GA 30999. Call 888-355-9165 for RRB EDI information for electronic claims processing.",Katherine Higgins,rhaildev,Active,RARC,Katherine Higgins,,2025-01-13T19:14:10Z,,Katherine Higgins,,2025-01-22T22:54:43Z,,,Active,,,31490724,dd453b90-e2d1-ef11-8eea-6045bd08003d,72ea4760-2f38-ef11-840a-6045bd03203c,,72ea4760-2f38-ef11-840a-6045bd03203c,,72ea4760-2f38-ef11-840a-6045bd03203c,dc5c7cb8-6921-ef11-840b-0022480a10b0,
N106,Payment for services furnished to Skilled Nursing Facility (SNF) inpatients (except for excluded services) can only be made to the SNF. You must request payment from the SNF rather than the patient for this service.,Katherine Higgins,rhaildev,Active,RARC,Katherine Higgins,,2025-01-13T19:14:10Z,,Katherine Higgins,,2025-01-22T22:54:47Z,,,Active,,,31490726,de453b90-e2d1-ef11-8eea-6045bd08003d,72ea4760-2f38-ef11-840a-6045bd03203c,,72ea4760-2f38-ef11-840a-6045bd03203c,,72ea4760-2f38-ef11-840a-6045bd03203c,dc5c7cb8-6921-ef11-840b-0022480a10b0,
N107,Services furnished to Skilled Nursing Facility (SNF) inpatients must be billed on the inpatient claim. They cannot be billed separately as outpatient services.,Katherine Higgins,rhaildev,Active,RARC,Katherine Higgins,,2025-01-13T19:14:10Z,,Katherine Higgins,,2025-01-22T22:59:12Z,,,Active,,,31490738,df453b90-e2d1-ef11-8eea-6045bd08003d,72ea4760-2f38-ef11-840a-6045bd03203c,,72ea4760-2f38-ef11-840a-6045bd03203c,,72ea4760-2f38-ef11-840a-6045bd03203c,dc5c7cb8-6921-ef11-840b-0022480a10b0,
N108,Missing/incomplete/invalid upgrade information.,Katherine Higgins,rhaildev,Active,RARC,Katherine Higgins,,2025-01-13T19:14:10Z,,Katherine Higgins,,2025-01-22T22:59:15Z,,,Active,,,31490741,e0453b90-e2d1-ef11-8eea-6045bd08003d,72ea4760-2f38-ef11-840a-6045bd03203c,,72ea4760-2f38-ef11-840a-6045bd03203c,,72ea4760-2f38-ef11-840a-6045bd03203c,dc5c7cb8-6921-ef11-840b-0022480a10b0,
N109,Alert: This claim/service was chosen for complex review.,Katherine Higgins,rhaildev,Active,RARC,Katherine Higgins,,2025-01-13T19:14:10Z,,Katherine Higgins,,2025-01-22T22:59:28Z,,,Active,,,31490743,e1453b90-e2d1-ef11-8eea-6045bd08003d,72ea4760-2f38-ef11-840a-6045bd03203c,,72ea4760-2f38-ef11-840a-6045bd03203c,,72ea4760-2f38-ef11-840a-6045bd03203c,dc5c7cb8-6921-ef11-840b-0022480a10b0,
N110,This facility is not certified for film mammography.,Katherine Higgins,rhaildev,Active,RARC,Katherine Higgins,,2025-01-13T19:14:10Z,,Katherine Higgins,,2025-01-22T22:59:35Z,,,Active,,,31490747,e2453b90-e2d1-ef11-8eea-6045bd08003d,72ea4760-2f38-ef11-840a-6045bd03203c,,72ea4760-2f38-ef11-840a-6045bd03203c,,72ea4760-2f38-ef11-840a-6045bd03203c,dc5c7cb8-6921-ef11-840b-0022480a10b0,
N111,No appeal right except duplicate claim/service issue. This service was included in a claim that has been previously billed and adjudicated.,Katherine Higgins,rhaildev,Active,RARC,Katherine Higgins,,2025-01-13T19:14:10Z,,Katherine Higgins,,2025-01-22T22:59:38Z,,,Active,,,31490749,e3453b90-e2d1-ef11-8eea-6045bd08003d,72ea4760-2f38-ef11-840a-6045bd03203c,,72ea4760-2f38-ef11-840a-6045bd03203c,,72ea4760-2f38-ef11-840a-6045bd03203c,dc5c7cb8-6921-ef11-840b-0022480a10b0,
N112,This claim is excluded from your electronic remittance advice.,Katherine Higgins,rhaildev,Active,RARC,Katherine Higgins,,2025-01-13T19:14:10Z,,Katherine Higgins,,2025-01-22T22:59:41Z,,,Active,,,31490751,e4453b90-e2d1-ef11-8eea-6045bd08003d,72ea4760-2f38-ef11-840a-6045bd03203c,,72ea4760-2f38-ef11-840a-6045bd03203c,,72ea4760-2f38-ef11-840a-6045bd03203c,dc5c7cb8-6921-ef11-840b-0022480a10b0,
N113,"Only one initial visit is covered per physician, group practice or provider.",Katherine Higgins,rhaildev,Active,RARC,Katherine Higgins,,2025-01-13T19:14:10Z,,Katherine Higgins,,2025-01-22T22:59:44Z,,,Active,,,31490770,e5453b90-e2d1-ef11-8eea-6045bd08003d,72ea4760-2f38-ef11-840a-6045bd03203c,,72ea4760-2f38-ef11-840a-6045bd03203c,,72ea4760-2f38-ef11-840a-6045bd03203c,dc5c7cb8-6921-ef11-840b-0022480a10b0,
N114,"During the transition to the Ambulance Fee Schedule, payment is based on the lesser of a blended amount calculated using a percentage of the reasonable charge/cost and fee schedule amounts, or the submitted charge for the service. You will be notified yearly what the percentages for the blended payment calculation will be.",Katherine Higgins,rhaildev,Active,RARC,Katherine Higgins,,2025-01-13T19:14:10Z,,Katherine Higgins,,2025-01-22T22:59:49Z,,,Active,,,31490772,e6453b90-e2d1-ef11-8eea-6045bd08003d,72ea4760-2f38-ef11-840a-6045bd03203c,,72ea4760-2f38-ef11-840a-6045bd03203c,,72ea4760-2f38-ef11-840a-6045bd03203c,dc5c7cb8-6921-ef11-840b-0022480a10b0,
N115,"This decision was based on a Local Coverage Determination (LCD). An LCD provides a guide to assist in determining whether a particular item or service is covered. A copy of this policy is available at www.cms.gov/mcd, or if you do not have web access, you may contact the contractor to request a copy of the LCD.",Katherine Higgins,rhaildev,Active,RARC,Katherine Higgins,,2025-01-13T19:14:10Z,,Katherine Higgins,,2025-01-22T22:59:55Z,,,Active,,,31490774,e7453b90-e2d1-ef11-8eea-6045bd08003d,72ea4760-2f38-ef11-840a-6045bd03203c,,72ea4760-2f38-ef11-840a-6045bd03203c,,72ea4760-2f38-ef11-840a-6045bd03203c,dc5c7cb8-6921-ef11-840b-0022480a10b0,
N116,"Alert: This payment is being made conditionally because the service was provided in the home, and it is possible that the patient is under a home health episode of care. When a patient is treated under a home health episode of care, consolidated billing requires that certain therapy services and supplies, such as this, be included in the home health agency's (HHA's) payment. This payment will need to be recouped from you if we establish that the patient is concurrently receiving treatment under an HHA episode of care.",Katherine Higgins,rhaildev,Active,RARC,Katherine Higgins,,2025-01-13T19:14:10Z,,Katherine Higgins,,2025-01-22T23:00:08Z,,,Active,,,31490786,e8453b90-e2d1-ef11-8eea-6045bd08003d,72ea4760-2f38-ef11-840a-6045bd03203c,,72ea4760-2f38-ef11-840a-6045bd03203c,,72ea4760-2f38-ef11-840a-6045bd03203c,dc5c7cb8-6921-ef11-840b-0022480a10b0,
N117,This service is paid only once in a patient's lifetime.,Katherine Higgins,rhaildev,Active,RARC,Katherine Higgins,,2025-01-13T19:14:10Z,,Katherine Higgins,,2025-01-22T23:00:22Z,,,Active,,,31490795,e9453b90-e2d1-ef11-8eea-6045bd08003d,72ea4760-2f38-ef11-840a-6045bd03203c,,72ea4760-2f38-ef11-840a-6045bd03203c,,72ea4760-2f38-ef11-840a-6045bd03203c,dc5c7cb8-6921-ef11-840b-0022480a10b0,
N118,This service is not paid if billed more than once every 28 days.,Katherine Higgins,rhaildev,Active,RARC,Katherine Higgins,,2025-01-13T19:14:10Z,,Katherine Higgins,,2025-01-22T23:00:16Z,,,Active,,,31490793,ea453b90-e2d1-ef11-8eea-6045bd08003d,72ea4760-2f38-ef11-840a-6045bd03203c,,72ea4760-2f38-ef11-840a-6045bd03203c,,72ea4760-2f38-ef11-840a-6045bd03203c,dc5c7cb8-6921-ef11-840b-0022480a10b0,
N119,"This service is not paid if billed once every 28 days, and the patient has spent 5 or more consecutive days in any inpatient or Skilled /nursing Facility (SNF) within those 28 days.",Katherine Higgins,rhaildev,Active,RARC,Katherine Higgins,,2025-01-13T19:14:10Z,,Katherine Higgins,,2025-01-22T23:00:25Z,,,Active,,,31490797,eb453b90-e2d1-ef11-8eea-6045bd08003d,72ea4760-2f38-ef11-840a-6045bd03203c,,72ea4760-2f38-ef11-840a-6045bd03203c,,72ea4760-2f38-ef11-840a-6045bd03203c,dc5c7cb8-6921-ef11-840b-0022480a10b0,
N120,Payment is subject to home health prospective payment system partial episode payment adjustment. Patient was transferred/discharged/readmitted during payment episode.,Katherine Higgins,rhaildev,Active,RARC,Katherine Higgins,,2025-01-13T19:14:10Z,,Katherine Higgins,,2025-01-22T23:00:41Z,,,Active,,,31490801,ec453b90-e2d1-ef11-8eea-6045bd08003d,72ea4760-2f38-ef11-840a-6045bd03203c,,72ea4760-2f38-ef11-840a-6045bd03203c,,72ea4760-2f38-ef11-840a-6045bd03203c,dc5c7cb8-6921-ef11-840b-0022480a10b0,
N121,Medicare Part B does not pay for items or services provided by this type of practitioner for beneficiaries in a Medicare Part A covered Skilled Nursing Facility (SNF) stay.,Katherine Higgins,rhaildev,Active,RARC,Katherine Higgins,,2025-01-13T19:14:10Z,,Katherine Higgins,,2025-01-22T23:00:52Z,,,Active,,,31490807,ed453b90-e2d1-ef11-8eea-6045bd08003d,72ea4760-2f38-ef11-840a-6045bd03203c,,72ea4760-2f38-ef11-840a-6045bd03203c,,72ea4760-2f38-ef11-840a-6045bd03203c,dc5c7cb8-6921-ef11-840b-0022480a10b0,
N122,Add-on code cannot be billed by itself.,Katherine Higgins,rhaildev,Active,RARC,Katherine Higgins,,2025-01-13T19:14:10Z,,Katherine Higgins,,2025-01-22T23:00:49Z,,,Active,,,31490805,ee453b90-e2d1-ef11-8eea-6045bd08003d,72ea4760-2f38-ef11-840a-6045bd03203c,,72ea4760-2f38-ef11-840a-6045bd03203c,,72ea4760-2f38-ef11-840a-6045bd03203c,dc5c7cb8-6921-ef11-840b-0022480a10b0,
N123,Alert: This is a split service and represents a portion of the units from the originally submitted service.,Katherine Higgins,rhaildev,Active,RARC,Katherine Higgins,,2025-01-13T19:14:10Z,,Katherine Higgins,,2025-01-22T23:01:04Z,,,Active,,,31490817,ef453b90-e2d1-ef11-8eea-6045bd08003d,72ea4760-2f38-ef11-840a-6045bd03203c,,72ea4760-2f38-ef11-840a-6045bd03203c,,72ea4760-2f38-ef11-840a-6045bd03203c,dc5c7cb8-6921-ef11-840b-0022480a10b0,
N124,"Payment has been denied for the/made only for a less extensive service/item because the information furnished does not substantiate the need for the (more extensive) service/item. The patient is liable for the charges for this service/item as you informed the patient in writing before the service/item was furnished that we would not pay for it, and the patient agreed to pay.",Katherine Higgins,rhaildev,Active,RARC,Katherine Higgins,,2025-01-13T19:14:10Z,,Katherine Higgins,,2025-01-22T23:01:00Z,,,Active,,,31490814,f0453b90-e2d1-ef11-8eea-6045bd08003d,72ea4760-2f38-ef11-840a-6045bd03203c,,72ea4760-2f38-ef11-840a-6045bd03203c,,72ea4760-2f38-ef11-840a-6045bd03203c,dc5c7cb8-6921-ef11-840b-0022480a10b0,
N125,"Payment has been (denied for the/made only for a less extensive) service/item because the information furnished does not substantiate the need for the (more extensive) service/item. If you have collected any amount from the patient, you must refund that amount to the patient within 30 days of receiving this notice.",Katherine Higgins,rhaildev,Active,RARC,Katherine Higgins,,2025-01-13T19:14:10Z,,Katherine Higgins,,2025-01-22T23:01:12Z,,,Active,,,31490819,f1453b90-e2d1-ef11-8eea-6045bd08003d,72ea4760-2f38-ef11-840a-6045bd03203c,,72ea4760-2f38-ef11-840a-6045bd03203c,,72ea4760-2f38-ef11-840a-6045bd03203c,dc5c7cb8-6921-ef11-840b-0022480a10b0,
N126,Social Security Records indicate that this individual has been deported. This payer does not cover items and services furnished to individuals who have been deported.,Katherine Higgins,rhaildev,Active,RARC,Katherine Higgins,,2025-01-13T19:14:10Z,,Katherine Higgins,,2025-01-22T23:01:15Z,,,Active,,,31490821,f2453b90-e2d1-ef11-8eea-6045bd08003d,72ea4760-2f38-ef11-840a-6045bd03203c,,72ea4760-2f38-ef11-840a-6045bd03203c,,72ea4760-2f38-ef11-840a-6045bd03203c,dc5c7cb8-6921-ef11-840b-0022480a10b0,
N127,This is a misdirected claim/service for a United Mine Workers of America (UMWA) beneficiary. Please submit claims to them.,Katherine Higgins,rhaildev,Active,RARC,Katherine Higgins,,2025-01-13T19:14:10Z,,Katherine Higgins,,2025-01-22T23:01:29Z,,,Active,,,31490825,f3453b90-e2d1-ef11-8eea-6045bd08003d,72ea4760-2f38-ef11-840a-6045bd03203c,,72ea4760-2f38-ef11-840a-6045bd03203c,,72ea4760-2f38-ef11-840a-6045bd03203c,dc5c7cb8-6921-ef11-840b-0022480a10b0,
N128,This amount represents the prior to coverage portion of the allowance.,Katherine Higgins,rhaildev,Active,RARC,Katherine Higgins,,2025-01-13T19:14:10Z,,Katherine Higgins,,2025-01-22T23:01:34Z,,,Active,,,31490827,f4453b90-e2d1-ef11-8eea-6045bd08003d,72ea4760-2f38-ef11-840a-6045bd03203c,,72ea4760-2f38-ef11-840a-6045bd03203c,,72ea4760-2f38-ef11-840a-6045bd03203c,dc5c7cb8-6921-ef11-840b-0022480a10b0,
N129,Not eligible due to the patient's age.,Katherine Higgins,rhaildev,Active,RARC,Katherine Higgins,,2025-01-13T19:14:10Z,,Katherine Higgins,,2025-01-22T23:01:46Z,,,Active,,,31490833,f5453b90-e2d1-ef11-8eea-6045bd08003d,72ea4760-2f38-ef11-840a-6045bd03203c,,72ea4760-2f38-ef11-840a-6045bd03203c,,72ea4760-2f38-ef11-840a-6045bd03203c,dc5c7cb8-6921-ef11-840b-0022480a10b0,
N130,Consult plan benefit documents/guidelines for information about restrictions for this service.,Katherine Higgins,rhaildev,Active,RARC,Katherine Higgins,,2025-01-13T19:14:10Z,,Katherine Higgins,,2025-01-22T23:02:21Z,,,Active,,,31490847,f6453b90-e2d1-ef11-8eea-6045bd08003d,72ea4760-2f38-ef11-840a-6045bd03203c,,72ea4760-2f38-ef11-840a-6045bd03203c,,72ea4760-2f38-ef11-840a-6045bd03203c,dc5c7cb8-6921-ef11-840b-0022480a10b0,
N131,Total payments under multiple contracts cannot exceed the allowance for this service.,Katherine Higgins,rhaildev,Active,RARC,Katherine Higgins,,2025-01-13T19:14:10Z,,Katherine Higgins,,2025-01-22T23:02:17Z,,,Active,,,31490845,f7453b90-e2d1-ef11-8eea-6045bd08003d,72ea4760-2f38-ef11-840a-6045bd03203c,,72ea4760-2f38-ef11-840a-6045bd03203c,,72ea4760-2f38-ef11-840a-6045bd03203c,dc5c7cb8-6921-ef11-840b-0022480a10b0,
N132,"Alert: Payments will cease for services rendered by this US Government debarred or excluded provider after the 30 day grace period as previously notified.
Notes: (Modified 4/1/07)",Katherine Higgins,rhaildev,Active,RARC,Katherine Higgins,,2025-01-13T19:14:10Z,,Katherine Higgins,,2025-01-22T23:02:26Z,,,Active,,,31490849,f8453b90-e2d1-ef11-8eea-6045bd08003d,72ea4760-2f38-ef11-840a-6045bd03203c,,72ea4760-2f38-ef11-840a-6045bd03203c,,72ea4760-2f38-ef11-840a-6045bd03203c,dc5c7cb8-6921-ef11-840b-0022480a10b0,
N133,"Alert: Services for predetermination and services requesting payment are being processed separately.
Notes: (Modified 4/1/07)",Katherine Higgins,rhaildev,Active,RARC,Katherine Higgins,,2025-01-13T19:14:10Z,,Katherine Higgins,,2025-01-22T23:02:31Z,,,Active,,,31490855,f9453b90-e2d1-ef11-8eea-6045bd08003d,72ea4760-2f38-ef11-840a-6045bd03203c,,72ea4760-2f38-ef11-840a-6045bd03203c,,72ea4760-2f38-ef11-840a-6045bd03203c,dc5c7cb8-6921-ef11-840b-0022480a10b0,
N134,"Alert: This represents your scheduled payment for this service. If treatment has been discontinued, please contact Customer Service.",Katherine Higgins,rhaildev,Active,RARC,Katherine Higgins,,2025-01-13T19:14:10Z,,Katherine Higgins,,2025-01-22T23:02:41Z,,,Active,,,31490861,fa453b90-e2d1-ef11-8eea-6045bd08003d,72ea4760-2f38-ef11-840a-6045bd03203c,,72ea4760-2f38-ef11-840a-6045bd03203c,,72ea4760-2f38-ef11-840a-6045bd03203c,dc5c7cb8-6921-ef11-840b-0022480a10b0,
N135,Record fees are the patient's responsibility and limited to the specified co-payment.,Katherine Higgins,rhaildev,Active,RARC,Katherine Higgins,,2025-01-13T19:14:10Z,,Katherine Higgins,,2025-01-22T23:02:38Z,,,Active,,,31490859,fb453b90-e2d1-ef11-8eea-6045bd08003d,72ea4760-2f38-ef11-840a-6045bd03203c,,72ea4760-2f38-ef11-840a-6045bd03203c,,72ea4760-2f38-ef11-840a-6045bd03203c,dc5c7cb8-6921-ef11-840b-0022480a10b0,
N136,"Alert: To obtain information on the process to file an appeal in Arizona, call the Department's Consumer Assistance Office at (602) 912-8444 or (800) 325-2548.
Notes: (Modified 4/1/07)",Katherine Higgins,rhaildev,Active,RARC,Katherine Higgins,,2025-01-13T19:14:10Z,,Katherine Higgins,,2025-01-22T23:02:45Z,,,Active,,,31490864,fc453b90-e2d1-ef11-8eea-6045bd08003d,72ea4760-2f38-ef11-840a-6045bd03203c,,72ea4760-2f38-ef11-840a-6045bd03203c,,72ea4760-2f38-ef11-840a-6045bd03203c,dc5c7cb8-6921-ef11-840b-0022480a10b0,
N137,"Alert: The provider acting on the Member's behalf, may file an appeal with the Payer. The provider, acting on the Member's behalf, may file a complaint with the State Insurance Regulatory Authority without first filing an appeal, if the coverage decision involves an urgent condition for which care has not been rendered. The address may be obtained from the State Insurance Regulatory Authority.",Katherine Higgins,rhaildev,Active,RARC,Katherine Higgins,,2025-01-13T19:14:10Z,,Katherine Higgins,,2025-01-22T23:02:55Z,,,Active,,,31490866,fd453b90-e2d1-ef11-8eea-6045bd08003d,72ea4760-2f38-ef11-840a-6045bd03203c,,72ea4760-2f38-ef11-840a-6045bd03203c,,72ea4760-2f38-ef11-840a-6045bd03203c,dc5c7cb8-6921-ef11-840b-0022480a10b0,
N138,"Alert: In the event you disagree with the Dental Advisor's opinion and have additional information relative to the case, you may submit radiographs to the Dental Advisor Unit at the subscriber's dental insurance carrier for a second Independent Dental Advisor Review.",Katherine Higgins,rhaildev,Active,RARC,Katherine Higgins,,2025-01-13T19:14:10Z,,Katherine Higgins,,2025-01-22T23:03:03Z,,,Active,,,31490868,fe453b90-e2d1-ef11-8eea-6045bd08003d,72ea4760-2f38-ef11-840a-6045bd03203c,,72ea4760-2f38-ef11-840a-6045bd03203c,,72ea4760-2f38-ef11-840a-6045bd03203c,dc5c7cb8-6921-ef11-840b-0022480a10b0,
N139,"Alert: Under 32 CFR 199.13, a non-participating provider is not an appropriate appealing party. Therefore, if you disagree with the Dental Advisor's opinion, you may appeal the determination if appointed in writing, by the beneficiary, to act as his/her representative. Should you be appointed as a representative, submit a copy of this letter, a signed statement explaining the matter in which you disagree, and any radiographs and relevant information to the subscriber's Dental insurance carrier within 90 days from the date of this letter.",Katherine Higgins,rhaildev,Active,RARC,Katherine Higgins,,2025-01-13T19:14:10Z,,Katherine Higgins,,2025-01-22T23:03:12Z,,,Active,,,31490870,ff453b90-e2d1-ef11-8eea-6045bd08003d,72ea4760-2f38-ef11-840a-6045bd03203c,,72ea4760-2f38-ef11-840a-6045bd03203c,,72ea4760-2f38-ef11-840a-6045bd03203c,dc5c7cb8-6921-ef11-840b-0022480a10b0,
N140,"Alert: You have not been designated as an authorized OCONUS provider therefore are not considered an appropriate appealing party. If the beneficiary has appointed you, in writing, to act as his/her representative and you disagree with the Dental Advisor's opinion, you may appeal by submitting a copy of this letter, a signed statement explaining the matter in which you disagree, and any relevant information to the subscriber's Dental insurance carrier within 90 days from the date of this letter.",Katherine Higgins,rhaildev,Active,RARC,Katherine Higgins,,2025-01-13T19:14:10Z,,Katherine Higgins,,2025-01-22T23:03:21Z,,,Active,,,31490872,00463b90-e2d1-ef11-8eea-6045bd08003d,72ea4760-2f38-ef11-840a-6045bd03203c,,72ea4760-2f38-ef11-840a-6045bd03203c,,72ea4760-2f38-ef11-840a-6045bd03203c,dc5c7cb8-6921-ef11-840b-0022480a10b0,
N141,The patient was not residing in a long-term care facility during all or part of the service dates billed.,Katherine Higgins,rhaildev,Active,RARC,Katherine Higgins,,2025-01-13T19:14:10Z,,Katherine Higgins,,2025-01-22T23:03:25Z,,,Active,,,31490874,01463b90-e2d1-ef11-8eea-6045bd08003d,72ea4760-2f38-ef11-840a-6045bd03203c,,72ea4760-2f38-ef11-840a-6045bd03203c,,72ea4760-2f38-ef11-840a-6045bd03203c,dc5c7cb8-6921-ef11-840b-0022480a10b0,
N142,"The original claim was denied. Resubmit a new claim, not a replacement claim.",Katherine Higgins,rhaildev,Active,RARC,Katherine Higgins,,2025-01-13T19:14:10Z,,Katherine Higgins,,2025-01-22T23:03:27Z,,,Active,,,31490876,02463b90-e2d1-ef11-8eea-6045bd08003d,72ea4760-2f38-ef11-840a-6045bd03203c,,72ea4760-2f38-ef11-840a-6045bd03203c,,72ea4760-2f38-ef11-840a-6045bd03203c,dc5c7cb8-6921-ef11-840b-0022480a10b0,
N143,The patient was not in a hospice program during all or part of the service dates billed.,Katherine Higgins,rhaildev,Active,RARC,Katherine Higgins,,2025-01-13T19:14:10Z,,Katherine Higgins,,2025-01-22T23:03:30Z,,,Active,,,31490878,03463b90-e2d1-ef11-8eea-6045bd08003d,72ea4760-2f38-ef11-840a-6045bd03203c,,72ea4760-2f38-ef11-840a-6045bd03203c,,72ea4760-2f38-ef11-840a-6045bd03203c,dc5c7cb8-6921-ef11-840b-0022480a10b0,
N144,The rate changed during the dates of service billed.,Katherine Higgins,rhaildev,Active,RARC,Katherine Higgins,,2025-01-13T19:14:10Z,,Katherine Higgins,,2025-01-22T23:03:32Z,,,Active,,,31490880,04463b90-e2d1-ef11-8eea-6045bd08003d,72ea4760-2f38-ef11-840a-6045bd03203c,,72ea4760-2f38-ef11-840a-6045bd03203c,,72ea4760-2f38-ef11-840a-6045bd03203c,dc5c7cb8-6921-ef11-840b-0022480a10b0,
N146,Missing screening document.,Katherine Higgins,rhaildev,Active,RARC,Katherine Higgins,,2025-01-13T19:14:10Z,,Katherine Higgins,,2025-01-22T23:03:42Z,,,Active,,,31490882,05463b90-e2d1-ef11-8eea-6045bd08003d,72ea4760-2f38-ef11-840a-6045bd03203c,,72ea4760-2f38-ef11-840a-6045bd03203c,,72ea4760-2f38-ef11-840a-6045bd03203c,dc5c7cb8-6921-ef11-840b-0022480a10b0,
N147,"Long term care case mix or per diem rate cannot be determined because the patient ID number is missing, incomplete, or invalid on the assignment request.",Katherine Higgins,rhaildev,Active,RARC,Katherine Higgins,,2025-01-13T19:14:10Z,,Katherine Higgins,,2025-01-22T23:03:46Z,,,Active,,,31490885,06463b90-e2d1-ef11-8eea-6045bd08003d,72ea4760-2f38-ef11-840a-6045bd03203c,,72ea4760-2f38-ef11-840a-6045bd03203c,,72ea4760-2f38-ef11-840a-6045bd03203c,dc5c7cb8-6921-ef11-840b-0022480a10b0,
N148,Missing/incomplete/invalid date of last menstrual period.,Katherine Higgins,rhaildev,Active,RARC,Katherine Higgins,,2025-01-13T19:14:10Z,,Katherine Higgins,,2025-01-22T23:03:50Z,,,Active,,,31490887,07463b90-e2d1-ef11-8eea-6045bd08003d,72ea4760-2f38-ef11-840a-6045bd03203c,,72ea4760-2f38-ef11-840a-6045bd03203c,,72ea4760-2f38-ef11-840a-6045bd03203c,dc5c7cb8-6921-ef11-840b-0022480a10b0,
N149,Rebill all applicable services on a single claim.,Katherine Higgins,rhaildev,Active,RARC,Katherine Higgins,,2025-01-13T19:14:10Z,,Katherine Higgins,,2025-01-22T23:03:52Z,,,Active,,,31490889,08463b90-e2d1-ef11-8eea-6045bd08003d,72ea4760-2f38-ef11-840a-6045bd03203c,,72ea4760-2f38-ef11-840a-6045bd03203c,,72ea4760-2f38-ef11-840a-6045bd03203c,dc5c7cb8-6921-ef11-840b-0022480a10b0,
N150,Missing/incomplete/invalid model number.,Katherine Higgins,rhaildev,Active,RARC,Katherine Higgins,,2025-01-13T19:14:10Z,,Katherine Higgins,,2025-01-22T23:03:58Z,,,Active,,,31490893,09463b90-e2d1-ef11-8eea-6045bd08003d,72ea4760-2f38-ef11-840a-6045bd03203c,,72ea4760-2f38-ef11-840a-6045bd03203c,,72ea4760-2f38-ef11-840a-6045bd03203c,dc5c7cb8-6921-ef11-840b-0022480a10b0,
N151,Telephone contact services will not be paid until the face-to-face contact requirement has been met.,Katherine Higgins,rhaildev,Active,RARC,Katherine Higgins,,2025-01-13T19:14:11Z,,Katherine Higgins,,2025-01-22T23:04:01Z,,,Active,,,31490895,0a463b90-e2d1-ef11-8eea-6045bd08003d,72ea4760-2f38-ef11-840a-6045bd03203c,,72ea4760-2f38-ef11-840a-6045bd03203c,,72ea4760-2f38-ef11-840a-6045bd03203c,dc5c7cb8-6921-ef11-840b-0022480a10b0,
N152,Missing/incomplete/invalid replacement claim information.,Katherine Higgins,rhaildev,Active,RARC,Katherine Higgins,,2025-01-13T19:14:11Z,,Katherine Higgins,,2025-01-22T23:04:06Z,,,Active,,,31490902,0b463b90-e2d1-ef11-8eea-6045bd08003d,72ea4760-2f38-ef11-840a-6045bd03203c,,72ea4760-2f38-ef11-840a-6045bd03203c,,72ea4760-2f38-ef11-840a-6045bd03203c,dc5c7cb8-6921-ef11-840b-0022480a10b0,
N153,Missing/incomplete/invalid room and board rate.,Katherine Higgins,rhaildev,Active,RARC,Katherine Higgins,,2025-01-13T19:14:11Z,,Katherine Higgins,,2025-01-22T23:04:10Z,,,Active,,,31490904,0c463b90-e2d1-ef11-8eea-6045bd08003d,72ea4760-2f38-ef11-840a-6045bd03203c,,72ea4760-2f38-ef11-840a-6045bd03203c,,72ea4760-2f38-ef11-840a-6045bd03203c,dc5c7cb8-6921-ef11-840b-0022480a10b0,
N154,Alert: This payment was delayed for correction of provider's mailing address.,Katherine Higgins,rhaildev,Active,RARC,Katherine Higgins,,2025-01-13T19:14:11Z,,Katherine Higgins,,2025-01-22T23:04:15Z,,,Active,,,31490906,0d463b90-e2d1-ef11-8eea-6045bd08003d,72ea4760-2f38-ef11-840a-6045bd03203c,,72ea4760-2f38-ef11-840a-6045bd03203c,,72ea4760-2f38-ef11-840a-6045bd03203c,dc5c7cb8-6921-ef11-840b-0022480a10b0,
N155,Alert: Our records do not indicate that other insurance is on file. Please submit other insurance information for our records.,Katherine Higgins,rhaildev,Active,RARC,Katherine Higgins,,2025-01-13T19:14:11Z,,Katherine Higgins,,2025-01-22T23:06:35Z,,,Active,,,31490909,0e463b90-e2d1-ef11-8eea-6045bd08003d,72ea4760-2f38-ef11-840a-6045bd03203c,,72ea4760-2f38-ef11-840a-6045bd03203c,,72ea4760-2f38-ef11-840a-6045bd03203c,dc5c7cb8-6921-ef11-840b-0022480a10b0,
N156,"Alert: The patient is responsible for the difference between the approved treatment and the elective treatment.
Notes: (Modified 4/1/07)",Katherine Higgins,rhaildev,Active,RARC,Katherine Higgins,,2025-01-13T19:14:11Z,,Katherine Higgins,,2025-01-22T23:06:39Z,,,Active,,,31490911,0f463b90-e2d1-ef11-8eea-6045bd08003d,72ea4760-2f38-ef11-840a-6045bd03203c,,72ea4760-2f38-ef11-840a-6045bd03203c,,72ea4760-2f38-ef11-840a-6045bd03203c,dc5c7cb8-6921-ef11-840b-0022480a10b0,
N157,Transportation to/from this destination is not covered.,Katherine Higgins,rhaildev,Active,RARC,Katherine Higgins,,2025-01-13T19:14:11Z,,Katherine Higgins,,2025-01-22T23:06:42Z,,,Active,,,31490912,10463b90-e2d1-ef11-8eea-6045bd08003d,72ea4760-2f38-ef11-840a-6045bd03203c,,72ea4760-2f38-ef11-840a-6045bd03203c,,72ea4760-2f38-ef11-840a-6045bd03203c,dc5c7cb8-6921-ef11-840b-0022480a10b0,
N158,Transportation in a vehicle other than an ambulance is not covered.,Katherine Higgins,rhaildev,Active,RARC,Katherine Higgins,,2025-01-13T19:14:11Z,,Katherine Higgins,,2025-01-22T23:06:44Z,,,Active,,,31490914,11463b90-e2d1-ef11-8eea-6045bd08003d,72ea4760-2f38-ef11-840a-6045bd03203c,,72ea4760-2f38-ef11-840a-6045bd03203c,,72ea4760-2f38-ef11-840a-6045bd03203c,dc5c7cb8-6921-ef11-840b-0022480a10b0,
N159,Payment denied/reduced because mileage is not covered when the patient is not in the ambulance.,Katherine Higgins,rhaildev,Active,RARC,Katherine Higgins,,2025-01-13T19:14:11Z,,Katherine Higgins,,2025-01-22T23:06:47Z,,,Active,,,31490916,12463b90-e2d1-ef11-8eea-6045bd08003d,72ea4760-2f38-ef11-840a-6045bd03203c,,72ea4760-2f38-ef11-840a-6045bd03203c,,72ea4760-2f38-ef11-840a-6045bd03203c,dc5c7cb8-6921-ef11-840b-0022480a10b0,
N160,The patient must choose an option before a payment can be made for this procedure/ equipment/ supply/ service.,Katherine Higgins,rhaildev,Active,RARC,Katherine Higgins,,2025-01-13T19:14:11Z,,Katherine Higgins,,2025-01-22T23:07:01Z,,,Active,,,31490922,13463b90-e2d1-ef11-8eea-6045bd08003d,72ea4760-2f38-ef11-840a-6045bd03203c,,72ea4760-2f38-ef11-840a-6045bd03203c,,72ea4760-2f38-ef11-840a-6045bd03203c,dc5c7cb8-6921-ef11-840b-0022480a10b0,
N161,This drug/service/supply is covered only when the associated service is covered.,Katherine Higgins,rhaildev,Active,RARC,Katherine Higgins,,2025-01-13T19:14:11Z,,Katherine Higgins,,2025-01-22T23:07:05Z,,,Active,,,31490924,14463b90-e2d1-ef11-8eea-6045bd08003d,72ea4760-2f38-ef11-840a-6045bd03203c,,72ea4760-2f38-ef11-840a-6045bd03203c,,72ea4760-2f38-ef11-840a-6045bd03203c,dc5c7cb8-6921-ef11-840b-0022480a10b0,
N162,"Alert: Although your claim was paid, you have billed for a test/specialty not included in your Laboratory Certification. Your failure to correct the laboratory certification information will result in a denial of payment in the near future.",Katherine Higgins,rhaildev,Active,RARC,Katherine Higgins,,2025-01-13T19:14:11Z,,Katherine Higgins,,2025-01-22T23:07:10Z,,,Active,,,31490925,15463b90-e2d1-ef11-8eea-6045bd08003d,72ea4760-2f38-ef11-840a-6045bd03203c,,72ea4760-2f38-ef11-840a-6045bd03203c,,72ea4760-2f38-ef11-840a-6045bd03203c,dc5c7cb8-6921-ef11-840b-0022480a10b0,
N163,Medical record does not support code billed per the code definition.,Katherine Higgins,rhaildev,Active,RARC,Katherine Higgins,,2025-01-13T19:14:11Z,,Katherine Higgins,,2025-01-22T23:07:14Z,,,Active,,,31490927,16463b90-e2d1-ef11-8eea-6045bd08003d,72ea4760-2f38-ef11-840a-6045bd03203c,,72ea4760-2f38-ef11-840a-6045bd03203c,,72ea4760-2f38-ef11-840a-6045bd03203c,dc5c7cb8-6921-ef11-840b-0022480a10b0,
N167,Charges exceed the post-transplant coverage limit.,Katherine Higgins,rhaildev,Active,RARC,Katherine Higgins,,2025-01-13T19:14:11Z,,Katherine Higgins,,2025-01-22T23:07:16Z,,,Active,,,31490929,17463b90-e2d1-ef11-8eea-6045bd08003d,72ea4760-2f38-ef11-840a-6045bd03203c,,72ea4760-2f38-ef11-840a-6045bd03203c,,72ea4760-2f38-ef11-840a-6045bd03203c,dc5c7cb8-6921-ef11-840b-0022480a10b0,
N170,A new/revised/renewed certificate of medical necessity is needed.,Katherine Higgins,rhaildev,Active,RARC,Katherine Higgins,,2025-01-13T19:14:11Z,,Katherine Higgins,,2025-01-22T23:07:18Z,,,Active,,,31490931,18463b90-e2d1-ef11-8eea-6045bd08003d,72ea4760-2f38-ef11-840a-6045bd03203c,,72ea4760-2f38-ef11-840a-6045bd03203c,,72ea4760-2f38-ef11-840a-6045bd03203c,dc5c7cb8-6921-ef11-840b-0022480a10b0,
N171,Payment for repair or replacement is not covered or has exceeded the purchase price.,Katherine Higgins,rhaildev,Active,RARC,Katherine Higgins,,2025-01-13T19:14:11Z,,Katherine Higgins,,2025-01-22T23:07:22Z,,,Active,,,31490933,19463b90-e2d1-ef11-8eea-6045bd08003d,72ea4760-2f38-ef11-840a-6045bd03203c,,72ea4760-2f38-ef11-840a-6045bd03203c,,72ea4760-2f38-ef11-840a-6045bd03203c,dc5c7cb8-6921-ef11-840b-0022480a10b0,
N172,The patient is not liable for the denied/adjusted charge(s) for receiving any updated service/item.,Katherine Higgins,rhaildev,Active,RARC,Katherine Higgins,,2025-01-13T19:14:11Z,,Katherine Higgins,,2025-01-22T23:07:25Z,,,Active,,,31490935,1a463b90-e2d1-ef11-8eea-6045bd08003d,72ea4760-2f38-ef11-840a-6045bd03203c,,72ea4760-2f38-ef11-840a-6045bd03203c,,72ea4760-2f38-ef11-840a-6045bd03203c,dc5c7cb8-6921-ef11-840b-0022480a10b0,
N173,No qualifying hospital stay dates were provided for this episode of care.,Katherine Higgins,rhaildev,Active,RARC,Katherine Higgins,,2025-01-13T19:14:11Z,,Katherine Higgins,,2025-01-22T23:07:27Z,,,Active,,,31490936,1b463b90-e2d1-ef11-8eea-6045bd08003d,72ea4760-2f38-ef11-840a-6045bd03203c,,72ea4760-2f38-ef11-840a-6045bd03203c,,72ea4760-2f38-ef11-840a-6045bd03203c,dc5c7cb8-6921-ef11-840b-0022480a10b0,
N174,"This is not a covered service/procedure/ equipment/bed, however patient liability is limited to amounts shown in the adjustments under group 'PR'.",Katherine Higgins,rhaildev,Active,RARC,Katherine Higgins,,2025-01-13T19:14:11Z,,Katherine Higgins,,2025-01-22T23:07:31Z,,,Active,,,31490938,1c463b90-e2d1-ef11-8eea-6045bd08003d,72ea4760-2f38-ef11-840a-6045bd03203c,,72ea4760-2f38-ef11-840a-6045bd03203c,,72ea4760-2f38-ef11-840a-6045bd03203c,dc5c7cb8-6921-ef11-840b-0022480a10b0,
N175,Missing review organization approval.,Katherine Higgins,rhaildev,Active,RARC,Katherine Higgins,,2025-01-13T19:14:11Z,,Katherine Higgins,,2025-01-22T23:07:35Z,,,Active,,,31490940,1d463b90-e2d1-ef11-8eea-6045bd08003d,72ea4760-2f38-ef11-840a-6045bd03203c,,72ea4760-2f38-ef11-840a-6045bd03203c,,72ea4760-2f38-ef11-840a-6045bd03203c,dc5c7cb8-6921-ef11-840b-0022480a10b0,
N176,"Services provided aboard a ship are covered only when the ship is of United States registry and is in United States waters. In addition, a doctor licensed to practice in the United States must provide the service.",Katherine Higgins,rhaildev,Active,RARC,Katherine Higgins,,2025-01-13T19:14:11Z,,Katherine Higgins,,2025-01-22T23:09:15Z,,,Active,,,31490942,1e463b90-e2d1-ef11-8eea-6045bd08003d,72ea4760-2f38-ef11-840a-6045bd03203c,,72ea4760-2f38-ef11-840a-6045bd03203c,,72ea4760-2f38-ef11-840a-6045bd03203c,dc5c7cb8-6921-ef11-840b-0022480a10b0,
N177,Alert: We did not send this claim to patient's other insurer. They have indicated no additional payment can be made.,Katherine Higgins,rhaildev,Active,RARC,Katherine Higgins,,2025-01-13T19:14:11Z,,Katherine Higgins,,2025-01-22T23:09:20Z,,,Active,,,31490944,1f463b90-e2d1-ef11-8eea-6045bd08003d,72ea4760-2f38-ef11-840a-6045bd03203c,,72ea4760-2f38-ef11-840a-6045bd03203c,,72ea4760-2f38-ef11-840a-6045bd03203c,dc5c7cb8-6921-ef11-840b-0022480a10b0,
N178,Missing pre-operative images/visual field results.,Katherine Higgins,rhaildev,Active,RARC,Katherine Higgins,,2025-01-13T19:14:11Z,,Katherine Higgins,,2025-01-22T23:09:23Z,,,Active,,,31490946,20463b90-e2d1-ef11-8eea-6045bd08003d,72ea4760-2f38-ef11-840a-6045bd03203c,,72ea4760-2f38-ef11-840a-6045bd03203c,,72ea4760-2f38-ef11-840a-6045bd03203c,dc5c7cb8-6921-ef11-840b-0022480a10b0,
N179,Additional information has been requested from the member. The charges will be reconsidered upon receipt of that information.,Katherine Higgins,rhaildev,Active,RARC,Katherine Higgins,,2025-01-13T19:14:11Z,,Katherine Higgins,,2025-01-22T23:10:16Z,,,Active,,,31490952,21463b90-e2d1-ef11-8eea-6045bd08003d,72ea4760-2f38-ef11-840a-6045bd03203c,,72ea4760-2f38-ef11-840a-6045bd03203c,,72ea4760-2f38-ef11-840a-6045bd03203c,dc5c7cb8-6921-ef11-840b-0022480a10b0,
N180,This item or service does not meet the criteria for the category under which it was billed.,Katherine Higgins,rhaildev,Active,RARC,Katherine Higgins,,2025-01-13T19:14:11Z,,Katherine Higgins,,2025-01-22T23:10:19Z,,,Active,,,31490954,22463b90-e2d1-ef11-8eea-6045bd08003d,72ea4760-2f38-ef11-840a-6045bd03203c,,72ea4760-2f38-ef11-840a-6045bd03203c,,72ea4760-2f38-ef11-840a-6045bd03203c,dc5c7cb8-6921-ef11-840b-0022480a10b0,
N181,Additional information is required from another provider involved in this service.,Katherine Higgins,rhaildev,Active,RARC,Katherine Higgins,,2025-01-13T19:14:11Z,,Katherine Higgins,,2025-01-22T23:10:23Z,,,Active,,,31490956,23463b90-e2d1-ef11-8eea-6045bd08003d,72ea4760-2f38-ef11-840a-6045bd03203c,,72ea4760-2f38-ef11-840a-6045bd03203c,,72ea4760-2f38-ef11-840a-6045bd03203c,dc5c7cb8-6921-ef11-840b-0022480a10b0,
N182,This claim/service must be billed according to the schedule for this plan.,Katherine Higgins,rhaildev,Active,RARC,Katherine Higgins,,2025-01-13T19:14:11Z,,Katherine Higgins,,2025-01-22T23:10:25Z,,,Active,,,31490958,24463b90-e2d1-ef11-8eea-6045bd08003d,72ea4760-2f38-ef11-840a-6045bd03203c,,72ea4760-2f38-ef11-840a-6045bd03203c,,72ea4760-2f38-ef11-840a-6045bd03203c,dc5c7cb8-6921-ef11-840b-0022480a10b0,
N183,"Alert: This is a predetermination advisory message, when this service is submitted for payment additional documentation as specified in plan documents will be required to process benefits.
Notes: (Modified 4/1/07)",Katherine Higgins,rhaildev,Active,RARC,Katherine Higgins,,2025-01-13T19:14:11Z,,Katherine Higgins,,2025-01-22T23:10:30Z,,,Active,,,31490960,25463b90-e2d1-ef11-8eea-6045bd08003d,72ea4760-2f38-ef11-840a-6045bd03203c,,72ea4760-2f38-ef11-840a-6045bd03203c,,72ea4760-2f38-ef11-840a-6045bd03203c,dc5c7cb8-6921-ef11-840b-0022480a10b0,
N184,Rebill technical and professional components separately.,Katherine Higgins,rhaildev,Active,RARC,Katherine Higgins,,2025-01-13T19:14:11Z,,Katherine Higgins,,2025-01-22T23:10:33Z,,,Active,,,31490962,26463b90-e2d1-ef11-8eea-6045bd08003d,72ea4760-2f38-ef11-840a-6045bd03203c,,72ea4760-2f38-ef11-840a-6045bd03203c,,72ea4760-2f38-ef11-840a-6045bd03203c,dc5c7cb8-6921-ef11-840b-0022480a10b0,
N185,Alert: Do not resubmit this claim/service.,Katherine Higgins,rhaildev,Active,RARC,Katherine Higgins,,2025-01-13T19:14:11Z,,Katherine Higgins,,2025-01-22T23:10:36Z,,,Active,,,31490964,27463b90-e2d1-ef11-8eea-6045bd08003d,72ea4760-2f38-ef11-840a-6045bd03203c,,72ea4760-2f38-ef11-840a-6045bd03203c,,72ea4760-2f38-ef11-840a-6045bd03203c,dc5c7cb8-6921-ef11-840b-0022480a10b0,
N186,Non-Availability Statement (NAS) required for this service. Contact the nearest Military Treatment Facility (MTF) for assistance.,Katherine Higgins,rhaildev,Active,RARC,Katherine Higgins,,2025-01-13T19:14:11Z,,Katherine Higgins,,2025-01-22T23:10:40Z,,,Active,,,31490966,28463b90-e2d1-ef11-8eea-6045bd08003d,72ea4760-2f38-ef11-840a-6045bd03203c,,72ea4760-2f38-ef11-840a-6045bd03203c,,72ea4760-2f38-ef11-840a-6045bd03203c,dc5c7cb8-6921-ef11-840b-0022480a10b0,
N187,Alert: You may request a review in writing within the required time limits following receipt of this notice by following the instructions included in your contract or plan benefit documents.,Katherine Higgins,rhaildev,Active,RARC,Katherine Higgins,,2025-01-13T19:14:11Z,,Katherine Higgins,,2025-01-22T23:10:43Z,,,Active,,,31490968,29463b90-e2d1-ef11-8eea-6045bd08003d,72ea4760-2f38-ef11-840a-6045bd03203c,,72ea4760-2f38-ef11-840a-6045bd03203c,,72ea4760-2f38-ef11-840a-6045bd03203c,dc5c7cb8-6921-ef11-840b-0022480a10b0,
N188,The approved level of care does not match the procedure code submitted.,Katherine Higgins,rhaildev,Active,RARC,Katherine Higgins,,2025-01-13T19:14:11Z,,Katherine Higgins,,2025-01-22T23:10:46Z,,,Active,,,31490970,2a463b90-e2d1-ef11-8eea-6045bd08003d,72ea4760-2f38-ef11-840a-6045bd03203c,,72ea4760-2f38-ef11-840a-6045bd03203c,,72ea4760-2f38-ef11-840a-6045bd03203c,dc5c7cb8-6921-ef11-840b-0022480a10b0,
N189,Alert: This service has been paid as a one-time exception to the plan's benefit restrictions.,Katherine Higgins,rhaildev,Active,RARC,Katherine Higgins,,2025-01-13T19:14:11Z,,Katherine Higgins,,2025-01-22T23:10:52Z,,,Active,,,31490972,2b463b90-e2d1-ef11-8eea-6045bd08003d,72ea4760-2f38-ef11-840a-6045bd03203c,,72ea4760-2f38-ef11-840a-6045bd03203c,,72ea4760-2f38-ef11-840a-6045bd03203c,dc5c7cb8-6921-ef11-840b-0022480a10b0,
N190,Missing contract indicator.,Katherine Higgins,rhaildev,Active,RARC,Katherine Higgins,,2025-01-13T19:14:11Z,,Katherine Higgins,,2025-01-22T23:10:59Z,,,Active,,,31490976,2c463b90-e2d1-ef11-8eea-6045bd08003d,72ea4760-2f38-ef11-840a-6045bd03203c,,72ea4760-2f38-ef11-840a-6045bd03203c,,72ea4760-2f38-ef11-840a-6045bd03203c,dc5c7cb8-6921-ef11-840b-0022480a10b0,
N191,The provider must update insurance information directly with payer.,Katherine Higgins,rhaildev,Active,RARC,Katherine Higgins,,2025-01-13T19:14:11Z,,Katherine Higgins,,2025-01-22T23:11:02Z,,,Active,,,31490979,2d463b90-e2d1-ef11-8eea-6045bd08003d,72ea4760-2f38-ef11-840a-6045bd03203c,,72ea4760-2f38-ef11-840a-6045bd03203c,,72ea4760-2f38-ef11-840a-6045bd03203c,dc5c7cb8-6921-ef11-840b-0022480a10b0,
N192,Alert: Patient is a Medicaid/Qualified Medicare Beneficiary.,Katherine Higgins,rhaildev,Active,RARC,Katherine Higgins,,2025-01-13T19:14:11Z,,Katherine Higgins,,2025-01-22T23:11:07Z,,,Active,,,31490984,2e463b90-e2d1-ef11-8eea-6045bd08003d,72ea4760-2f38-ef11-840a-6045bd03203c,,72ea4760-2f38-ef11-840a-6045bd03203c,,72ea4760-2f38-ef11-840a-6045bd03203c,dc5c7cb8-6921-ef11-840b-0022480a10b0,
N193,Alert: Specific federal/state/local program may cover this service through another payer.,Katherine Higgins,rhaildev,Active,RARC,Katherine Higgins,,2025-01-13T19:14:11Z,,Katherine Higgins,,2025-01-22T23:11:11Z,,,Active,,,31490986,2f463b90-e2d1-ef11-8eea-6045bd08003d,72ea4760-2f38-ef11-840a-6045bd03203c,,72ea4760-2f38-ef11-840a-6045bd03203c,,72ea4760-2f38-ef11-840a-6045bd03203c,dc5c7cb8-6921-ef11-840b-0022480a10b0,
N194,Technical component not paid if provider does not own the equipment used.,Katherine Higgins,rhaildev,Active,RARC,Katherine Higgins,,2025-01-13T19:14:11Z,,Katherine Higgins,,2025-01-22T23:11:14Z,,,Active,,,31490988,30463b90-e2d1-ef11-8eea-6045bd08003d,72ea4760-2f38-ef11-840a-6045bd03203c,,72ea4760-2f38-ef11-840a-6045bd03203c,,72ea4760-2f38-ef11-840a-6045bd03203c,dc5c7cb8-6921-ef11-840b-0022480a10b0,
MA106,PIP (Periodic Interim Payment) claim.,Katherine Higgins,rhaildev,Active,RARC,Katherine Higgins,,2025-01-13T19:14:07Z,,Katherine Higgins,,2025-01-22T22:45:24Z,,,Active,,,31490598,6faaad89-e2d1-ef11-8eea-6045bd080606,72ea4760-2f38-ef11-840a-6045bd03203c,,72ea4760-2f38-ef11-840a-6045bd03203c,,72ea4760-2f38-ef11-840a-6045bd03203c,dc5c7cb8-6921-ef11-840b-0022480a10b0,
MA107,"Paper claim contains more than three separate data items in field 19.
",Katherine Higgins,rhaildev,Active,RARC,Katherine Higgins,,2025-01-13T19:14:07Z,,Katherine Higgins,,2025-01-21T22:49:11Z,,,Active,,,31471161,70aaad89-e2d1-ef11-8eea-6045bd080606,72ea4760-2f38-ef11-840a-6045bd03203c,,72ea4760-2f38-ef11-840a-6045bd03203c,,72ea4760-2f38-ef11-840a-6045bd03203c,dc5c7cb8-6921-ef11-840b-0022480a10b0,
MA108,"Paper claim contains more than one data item in field 23.
",Katherine Higgins,rhaildev,Active,RARC,Katherine Higgins,,2025-01-13T19:14:07Z,,Katherine Higgins,,2025-01-21T22:49:11Z,,,Active,,,31471162,71aaad89-e2d1-ef11-8eea-6045bd080606,72ea4760-2f38-ef11-840a-6045bd03203c,,72ea4760-2f38-ef11-840a-6045bd03203c,,72ea4760-2f38-ef11-840a-6045bd03203c,dc5c7cb8-6921-ef11-840b-0022480a10b0,
MA109,"Claim processed in accordance with ambulatory surgical guidelines.
",Katherine Higgins,rhaildev,Active,RARC,Katherine Higgins,,2025-01-13T19:14:07Z,,Katherine Higgins,,2025-01-21T22:49:11Z,,,Active,,,31471163,72aaad89-e2d1-ef11-8eea-6045bd080606,72ea4760-2f38-ef11-840a-6045bd03203c,,72ea4760-2f38-ef11-840a-6045bd03203c,,72ea4760-2f38-ef11-840a-6045bd03203c,dc5c7cb8-6921-ef11-840b-0022480a10b0,
MA110,Missing/incomplete/invalid information on whether the diagnostic test(s) were performed by an outside entity or if no purchased tests are included on the claim.,Katherine Higgins,rhaildev,Active,RARC,Katherine Higgins,,2025-01-13T19:14:07Z,,Katherine Higgins,,2025-01-22T22:45:28Z,,,Active,,,31490600,73aaad89-e2d1-ef11-8eea-6045bd080606,72ea4760-2f38-ef11-840a-6045bd03203c,,72ea4760-2f38-ef11-840a-6045bd03203c,,72ea4760-2f38-ef11-840a-6045bd03203c,dc5c7cb8-6921-ef11-840b-0022480a10b0,
MA111,"Missing/incomplete/invalid purchase price of the test(s) and/or the performing laboratory's name and address.
Notes: (Modified 2/28/03)",Katherine Higgins,rhaildev,Active,RARC,Katherine Higgins,,2025-01-13T19:14:07Z,,Katherine Higgins,,2025-01-22T22:45:33Z,,,Active,,,31490602,74aaad89-e2d1-ef11-8eea-6045bd080606,72ea4760-2f38-ef11-840a-6045bd03203c,,72ea4760-2f38-ef11-840a-6045bd03203c,,72ea4760-2f38-ef11-840a-6045bd03203c,dc5c7cb8-6921-ef11-840b-0022480a10b0,
MA112,Missing/incomplete/invalid group practice information.,Katherine Higgins,rhaildev,Active,RARC,Katherine Higgins,,2025-01-13T19:14:07Z,,Katherine Higgins,,2025-01-22T22:45:37Z,,,Active,,,31490604,75aaad89-e2d1-ef11-8eea-6045bd080606,72ea4760-2f38-ef11-840a-6045bd03203c,,72ea4760-2f38-ef11-840a-6045bd03203c,,72ea4760-2f38-ef11-840a-6045bd03203c,dc5c7cb8-6921-ef11-840b-0022480a10b0,
MA113,"Incomplete/invalid taxpayer identification number (TIN) submitted by you per the Internal Revenue Service. Your claims cannot be processed without your correct TIN, and you may not bill the patient pending correction of your TIN. There are no appeal rights for unprocessable claims, but you may resubmit this claim after you have notified this office of your correct TIN.",Katherine Higgins,rhaildev,Active,RARC,Katherine Higgins,,2025-01-13T19:14:07Z,,Katherine Higgins,,2025-01-22T22:46:09Z,,,Active,,,31490614,76aaad89-e2d1-ef11-8eea-6045bd080606,72ea4760-2f38-ef11-840a-6045bd03203c,,72ea4760-2f38-ef11-840a-6045bd03203c,,72ea4760-2f38-ef11-840a-6045bd03203c,dc5c7cb8-6921-ef11-840b-0022480a10b0,
MA114,Missing/incomplete/invalid information on where the services were furnished.,Katherine Higgins,rhaildev,Active,RARC,Katherine Higgins,,2025-01-13T19:14:07Z,,Katherine Higgins,,2025-01-22T22:45:45Z,,,Active,,,31490606,77aaad89-e2d1-ef11-8eea-6045bd080606,72ea4760-2f38-ef11-840a-6045bd03203c,,72ea4760-2f38-ef11-840a-6045bd03203c,,72ea4760-2f38-ef11-840a-6045bd03203c,dc5c7cb8-6921-ef11-840b-0022480a10b0,
MA115,"Missing/incomplete/invalid physical location (name and address, or PIN) where the service(s) were rendered in a Health Professional Shortage Area (HPSA).
Notes: (Modified 2/28/03)",Katherine Higgins,rhaildev,Active,RARC,Katherine Higgins,,2025-01-13T19:14:07Z,,Katherine Higgins,,2025-01-22T22:45:49Z,,,Active,,,31490608,78aaad89-e2d1-ef11-8eea-6045bd080606,72ea4760-2f38-ef11-840a-6045bd03203c,,72ea4760-2f38-ef11-840a-6045bd03203c,,72ea4760-2f38-ef11-840a-6045bd03203c,dc5c7cb8-6921-ef11-840b-0022480a10b0,
MA116,Did not complete the statement 'Homebound' on the claim to validate whether laboratory services were performed at home or in an institution.,Katherine Higgins,rhaildev,Active,RARC,Katherine Higgins,,2025-01-13T19:14:07Z,,Katherine Higgins,,2025-01-22T22:45:57Z,,,Active,,,31490610,79aaad89-e2d1-ef11-8eea-6045bd080606,72ea4760-2f38-ef11-840a-6045bd03203c,,72ea4760-2f38-ef11-840a-6045bd03203c,,72ea4760-2f38-ef11-840a-6045bd03203c,dc5c7cb8-6921-ef11-840b-0022480a10b0,
MA117,"This claim has been assessed a $1.00 user fee.
",Katherine Higgins,rhaildev,Active,RARC,Katherine Higgins,,2025-01-13T19:14:07Z,,Katherine Higgins,,2025-01-21T22:49:11Z,,,Active,,,31471171,7aaaad89-e2d1-ef11-8eea-6045bd080606,72ea4760-2f38-ef11-840a-6045bd03203c,,72ea4760-2f38-ef11-840a-6045bd03203c,,72ea4760-2f38-ef11-840a-6045bd03203c,dc5c7cb8-6921-ef11-840b-0022480a10b0,
MA118,Alert: No Medicare payment issued for this claim for services or supplies furnished to a Medicare-eligible veteran through a facility of the Department of Veterans Affairs. Coinsurance and/or deductible are applicable.,Katherine Higgins,rhaildev,Active,RARC,Katherine Higgins,,2025-01-13T19:14:07Z,,Katherine Higgins,,2025-01-22T22:46:01Z,,,Active,,,31490612,7baaad89-e2d1-ef11-8eea-6045bd080606,72ea4760-2f38-ef11-840a-6045bd03203c,,72ea4760-2f38-ef11-840a-6045bd03203c,,72ea4760-2f38-ef11-840a-6045bd03203c,dc5c7cb8-6921-ef11-840b-0022480a10b0,
MA120,Missing/incomplete/invalid CLIA certification number.,Katherine Higgins,rhaildev,Active,RARC,Katherine Higgins,,2025-01-13T19:14:07Z,,Katherine Higgins,,2025-01-22T22:46:12Z,,,Active,,,31490616,7caaad89-e2d1-ef11-8eea-6045bd080606,72ea4760-2f38-ef11-840a-6045bd03203c,,72ea4760-2f38-ef11-840a-6045bd03203c,,72ea4760-2f38-ef11-840a-6045bd03203c,dc5c7cb8-6921-ef11-840b-0022480a10b0,
MA121,Missing/incomplete/invalid x-ray date.,Katherine Higgins,rhaildev,Active,RARC,Katherine Higgins,,2025-01-13T19:14:07Z,,Katherine Higgins,,2025-01-22T22:46:20Z,,,Active,,,31490620,7daaad89-e2d1-ef11-8eea-6045bd080606,72ea4760-2f38-ef11-840a-6045bd03203c,,72ea4760-2f38-ef11-840a-6045bd03203c,,72ea4760-2f38-ef11-840a-6045bd03203c,dc5c7cb8-6921-ef11-840b-0022480a10b0,
MA122,Missing/incomplete/invalid initial treatment date.,Katherine Higgins,rhaildev,Active,RARC,Katherine Higgins,,2025-01-13T19:14:08Z,,Katherine Higgins,,2025-01-22T22:46:30Z,,,Active,,,31490624,7eaaad89-e2d1-ef11-8eea-6045bd080606,72ea4760-2f38-ef11-840a-6045bd03203c,,72ea4760-2f38-ef11-840a-6045bd03203c,,72ea4760-2f38-ef11-840a-6045bd03203c,dc5c7cb8-6921-ef11-840b-0022480a10b0,
MA123,"Your center was not selected to participate in this study, therefore, we cannot pay for these services.
",Katherine Higgins,rhaildev,Active,RARC,Katherine Higgins,,2025-01-13T19:14:08Z,,Katherine Higgins,,2025-01-21T22:49:11Z,,,Active,,,31471176,7faaad89-e2d1-ef11-8eea-6045bd080606,72ea4760-2f38-ef11-840a-6045bd03203c,,72ea4760-2f38-ef11-840a-6045bd03203c,,72ea4760-2f38-ef11-840a-6045bd03203c,dc5c7cb8-6921-ef11-840b-0022480a10b0,
MA125,"Per legislation governing this program, payment constitutes payment in full.
",Katherine Higgins,rhaildev,Active,RARC,Katherine Higgins,,2025-01-13T19:14:08Z,,Katherine Higgins,,2025-01-21T22:49:11Z,,,Active,,,31471177,80aaad89-e2d1-ef11-8eea-6045bd080606,72ea4760-2f38-ef11-840a-6045bd03203c,,72ea4760-2f38-ef11-840a-6045bd03203c,,72ea4760-2f38-ef11-840a-6045bd03203c,dc5c7cb8-6921-ef11-840b-0022480a10b0,
MA126,Pancreas transplant not covered unless kidney transplant performed.,Katherine Higgins,rhaildev,Active,RARC,Katherine Higgins,,2025-01-13T19:14:08Z,,Katherine Higgins,,2025-01-22T22:46:33Z,,,Active,,,31490626,81aaad89-e2d1-ef11-8eea-6045bd080606,72ea4760-2f38-ef11-840a-6045bd03203c,,72ea4760-2f38-ef11-840a-6045bd03203c,,72ea4760-2f38-ef11-840a-6045bd03203c,dc5c7cb8-6921-ef11-840b-0022480a10b0,
MA128,Missing/incomplete/invalid FDA approval number.,Katherine Higgins,rhaildev,Active,RARC,Katherine Higgins,,2025-01-13T19:14:08Z,,Katherine Higgins,,2025-01-22T22:47:00Z,,,Active,,,31490636,82aaad89-e2d1-ef11-8eea-6045bd080606,72ea4760-2f38-ef11-840a-6045bd03203c,,72ea4760-2f38-ef11-840a-6045bd03203c,,72ea4760-2f38-ef11-840a-6045bd03203c,dc5c7cb8-6921-ef11-840b-0022480a10b0,
MA130,"Your claim contains incomplete and/or invalid information, and no appeal rights are afforded because the claim is unprocessable. Please submit a new claim with the complete/correct information.",Katherine Higgins,rhaildev,Active,RARC,Katherine Higgins,,2025-01-13T19:14:08Z,,Katherine Higgins,,2025-01-22T22:47:07Z,,,Active,,,31490638,83aaad89-e2d1-ef11-8eea-6045bd080606,72ea4760-2f38-ef11-840a-6045bd03203c,,72ea4760-2f38-ef11-840a-6045bd03203c,,72ea4760-2f38-ef11-840a-6045bd03203c,dc5c7cb8-6921-ef11-840b-0022480a10b0,
MA131,Physician already paid for services in conjunction with this demonstration claim. You must have the physician withdraw that claim and refund the payment before we can process your claim.,Katherine Higgins,rhaildev,Active,RARC,Katherine Higgins,,2025-01-13T19:14:08Z,,Katherine Higgins,,2025-01-22T22:47:11Z,,,Active,,,31490640,84aaad89-e2d1-ef11-8eea-6045bd080606,72ea4760-2f38-ef11-840a-6045bd03203c,,72ea4760-2f38-ef11-840a-6045bd03203c,,72ea4760-2f38-ef11-840a-6045bd03203c,dc5c7cb8-6921-ef11-840b-0022480a10b0,
MA132,Adjustment to the pre-demonstration rate.,Katherine Higgins,rhaildev,Active,RARC,Katherine Higgins,,2025-01-13T19:14:08Z,,Katherine Higgins,,2025-01-22T22:47:14Z,,,Active,,,31490642,85aaad89-e2d1-ef11-8eea-6045bd080606,72ea4760-2f38-ef11-840a-6045bd03203c,,72ea4760-2f38-ef11-840a-6045bd03203c,,72ea4760-2f38-ef11-840a-6045bd03203c,dc5c7cb8-6921-ef11-840b-0022480a10b0,
MA133,Claim overlaps inpatient stay. Rebill only those services rendered outside the inpatient stay.,Katherine Higgins,rhaildev,Active,RARC,Katherine Higgins,,2025-01-13T19:14:08Z,,Katherine Higgins,,2025-01-22T22:47:20Z,,,Active,,,31490644,86aaad89-e2d1-ef11-8eea-6045bd080606,72ea4760-2f38-ef11-840a-6045bd03203c,,72ea4760-2f38-ef11-840a-6045bd03203c,,72ea4760-2f38-ef11-840a-6045bd03203c,dc5c7cb8-6921-ef11-840b-0022480a10b0,
MA134,Missing/incomplete/invalid provider number of the facility where the patient resides.,Katherine Higgins,rhaildev,Active,RARC,Katherine Higgins,,2025-01-13T19:14:08Z,,Katherine Higgins,,2025-01-22T22:49:15Z,,,Active,,,31490698,87aaad89-e2d1-ef11-8eea-6045bd080606,72ea4760-2f38-ef11-840a-6045bd03203c,,72ea4760-2f38-ef11-840a-6045bd03203c,,72ea4760-2f38-ef11-840a-6045bd03203c,dc5c7cb8-6921-ef11-840b-0022480a10b0,
N1,"Alert: You may appeal this decision in writing within the required time limits following receipt of this notice by following the instructions included in your contract, plan benefit documents or jurisdiction statutes. Refer to the URL provided in the ERA for the payer website to access the appeals process guidelines.",Katherine Higgins,rhaildev,Active,RARC,Katherine Higgins,,2025-01-13T19:14:08Z,,Katherine Higgins,,2025-01-22T22:54:17Z,,,Active,,,31490716,88aaad89-e2d1-ef11-8eea-6045bd080606,72ea4760-2f38-ef11-840a-6045bd03203c,,72ea4760-2f38-ef11-840a-6045bd03203c,,72ea4760-2f38-ef11-840a-6045bd03203c,dc5c7cb8-6921-ef11-840b-0022480a10b0,
N2,This allowance has been made in accordance with the most appropriate course of treatment provision of the plan.,Katherine Higgins,rhaildev,Active,RARC,Katherine Higgins,,2025-01-13T19:14:08Z,,Katherine Higgins,,2025-01-22T23:11:35Z,,,Active,,,31491000,89aaad89-e2d1-ef11-8eea-6045bd080606,72ea4760-2f38-ef11-840a-6045bd03203c,,72ea4760-2f38-ef11-840a-6045bd03203c,,72ea4760-2f38-ef11-840a-6045bd03203c,dc5c7cb8-6921-ef11-840b-0022480a10b0,
N3,Missing consent form.,Katherine Higgins,rhaildev,Active,RARC,Katherine Higgins,,2025-01-13T19:14:08Z,,Katherine Higgins,,2025-01-22T23:18:01Z,,,Active,,,31491250,8aaaad89-e2d1-ef11-8eea-6045bd080606,72ea4760-2f38-ef11-840a-6045bd03203c,,72ea4760-2f38-ef11-840a-6045bd03203c,,72ea4760-2f38-ef11-840a-6045bd03203c,dc5c7cb8-6921-ef11-840b-0022480a10b0,
N4,Missing/Incomplete/Invalid prior Insurance Carrier(s) EOB.,Katherine Higgins,rhaildev,Active,RARC,Katherine Higgins,,2025-01-13T19:14:08Z,,Katherine Higgins,,2025-01-22T23:25:17Z,,,Active,,,31491493,8baaad89-e2d1-ef11-8eea-6045bd080606,72ea4760-2f38-ef11-840a-6045bd03203c,,72ea4760-2f38-ef11-840a-6045bd03203c,,72ea4760-2f38-ef11-840a-6045bd03203c,dc5c7cb8-6921-ef11-840b-0022480a10b0,
N5,EOB received from previous payer. Claim not on file.,Katherine Higgins,rhaildev,Active,RARC,Katherine Higgins,,2025-01-13T19:14:08Z,,Katherine Higgins,,2025-01-22T23:29:12Z,,,Active,,,31491622,8caaad89-e2d1-ef11-8eea-6045bd080606,72ea4760-2f38-ef11-840a-6045bd03203c,,72ea4760-2f38-ef11-840a-6045bd03203c,,72ea4760-2f38-ef11-840a-6045bd03203c,dc5c7cb8-6921-ef11-840b-0022480a10b0,
N6,"Under FEHB law (U.S.C. 8904(b)), we cannot pay more for covered care than the amount Medicare would have allowed if the patient were enrolled in Medicare Part A and/or Medicare Part B.",Katherine Higgins,rhaildev,Active,RARC,Katherine Higgins,,2025-01-13T19:14:08Z,,Katherine Higgins,,2025-01-22T23:30:28Z,,,Active,,,31491660,8daaad89-e2d1-ef11-8eea-6045bd080606,72ea4760-2f38-ef11-840a-6045bd03203c,,72ea4760-2f38-ef11-840a-6045bd03203c,,72ea4760-2f38-ef11-840a-6045bd03203c,dc5c7cb8-6921-ef11-840b-0022480a10b0,
N7,Alert: Processing of this claim/service has included consideration under Major Medical provisions.,Katherine Higgins,rhaildev,Active,RARC,Katherine Higgins,,2025-01-13T19:14:08Z,,Katherine Higgins,,2025-01-22T23:31:14Z,,,Active,,,31491678,8eaaad89-e2d1-ef11-8eea-6045bd080606,72ea4760-2f38-ef11-840a-6045bd03203c,,72ea4760-2f38-ef11-840a-6045bd03203c,,72ea4760-2f38-ef11-840a-6045bd03203c,dc5c7cb8-6921-ef11-840b-0022480a10b0,
N8,Crossover claim denied by previous payer and complete claim data not forwarded. Resubmit this claim to this payer to provide adequate data for adjudication.,Katherine Higgins,rhaildev,Active,RARC,Katherine Higgins,,2025-01-13T19:14:08Z,,Katherine Higgins,,2025-01-22T23:37:11Z,,,Active,,,31491903,8faaad89-e2d1-ef11-8eea-6045bd080606,72ea4760-2f38-ef11-840a-6045bd03203c,,72ea4760-2f38-ef11-840a-6045bd03203c,,72ea4760-2f38-ef11-840a-6045bd03203c,dc5c7cb8-6921-ef11-840b-0022480a10b0,
N9,Adjustment represents the estimated amount a previous payer may pay.,Katherine Higgins,rhaildev,Active,RARC,Katherine Higgins,,2025-01-13T19:14:08Z,,Katherine Higgins,,2025-01-22T23:43:41Z,,,Active,,,31492146,91aaad89-e2d1-ef11-8eea-6045bd080606,72ea4760-2f38-ef11-840a-6045bd03203c,,72ea4760-2f38-ef11-840a-6045bd03203c,,72ea4760-2f38-ef11-840a-6045bd03203c,dc5c7cb8-6921-ef11-840b-0022480a10b0,
N10,Adjustment based on the findings of a review organization/professional consult/manual adjudication/medical advisor/dental advisor/peer review.,Katherine Higgins,rhaildev,Active,RARC,Katherine Higgins,,2025-01-13T19:14:08Z,,Katherine Higgins,,2025-01-22T22:54:21Z,,,Active,,,31490718,92aaad89-e2d1-ef11-8eea-6045bd080606,72ea4760-2f38-ef11-840a-6045bd03203c,,72ea4760-2f38-ef11-840a-6045bd03203c,,72ea4760-2f38-ef11-840a-6045bd03203c,dc5c7cb8-6921-ef11-840b-0022480a10b0,
N11,Denial reversed because of medical review.,Katherine Higgins,rhaildev,Active,RARC,Katherine Higgins,,2025-01-13T19:14:08Z,,Katherine Higgins,,2025-01-22T22:59:31Z,,,Active,,,31490745,93aaad89-e2d1-ef11-8eea-6045bd080606,72ea4760-2f38-ef11-840a-6045bd03203c,,72ea4760-2f38-ef11-840a-6045bd03203c,,72ea4760-2f38-ef11-840a-6045bd03203c,dc5c7cb8-6921-ef11-840b-0022480a10b0,
N12,"Policy provides coverage supplemental to Medicare. As the member does not appear to be enrolled in the applicable part of Medicare, the member is responsible for payment of the portion of the charge that would have been covered by Medicare.",Katherine Higgins,rhaildev,Active,RARC,Katherine Higgins,,2025-01-13T19:14:08Z,,Katherine Higgins,,2025-01-22T23:00:31Z,,,Active,,,31490799,94aaad89-e2d1-ef11-8eea-6045bd080606,72ea4760-2f38-ef11-840a-6045bd03203c,,72ea4760-2f38-ef11-840a-6045bd03203c,,72ea4760-2f38-ef11-840a-6045bd03203c,dc5c7cb8-6921-ef11-840b-0022480a10b0,
N13,Payment based on professional/technical component modifier(s).,Katherine Higgins,rhaildev,Active,RARC,Katherine Higgins,,2025-01-13T19:14:08Z,,Katherine Higgins,,2025-01-22T23:01:43Z,,,Active,,,31490831,95aaad89-e2d1-ef11-8eea-6045bd080606,72ea4760-2f38-ef11-840a-6045bd03203c,,72ea4760-2f38-ef11-840a-6045bd03203c,,72ea4760-2f38-ef11-840a-6045bd03203c,dc5c7cb8-6921-ef11-840b-0022480a10b0,
N15,Services for a newborn must be billed separately.,Katherine Higgins,rhaildev,Active,RARC,Katherine Higgins,,2025-01-13T19:14:08Z,,Katherine Higgins,,2025-01-22T23:03:55Z,,,Active,,,31490891,96aaad89-e2d1-ef11-8eea-6045bd080606,72ea4760-2f38-ef11-840a-6045bd03203c,,72ea4760-2f38-ef11-840a-6045bd03203c,,72ea4760-2f38-ef11-840a-6045bd03203c,dc5c7cb8-6921-ef11-840b-0022480a10b0,
N16,Family/member Out-of-Pocket maximum has been met. Payment based on a higher percentage.,Katherine Higgins,rhaildev,Active,RARC,Katherine Higgins,,2025-01-13T19:14:08Z,,Katherine Higgins,,2025-01-22T23:06:51Z,,,Active,,,31490918,20efa58f-e2d1-ef11-8eea-6045bd080606,72ea4760-2f38-ef11-840a-6045bd03203c,,72ea4760-2f38-ef11-840a-6045bd03203c,,72ea4760-2f38-ef11-840a-6045bd03203c,dc5c7cb8-6921-ef11-840b-0022480a10b0,
N19,Procedure code incidental to primary procedure.,Katherine Higgins,rhaildev,Active,RARC,Katherine Higgins,,2025-01-13T19:14:08Z,,Katherine Higgins,,2025-01-22T23:10:56Z,,,Active,,,31490974,21efa58f-e2d1-ef11-8eea-6045bd080606,72ea4760-2f38-ef11-840a-6045bd03203c,,72ea4760-2f38-ef11-840a-6045bd03203c,,72ea4760-2f38-ef11-840a-6045bd03203c,dc5c7cb8-6921-ef11-840b-0022480a10b0,
N20,Service not payable with other service rendered on the same date.,Katherine Higgins,rhaildev,Active,RARC,Katherine Higgins,,2025-01-13T19:14:08Z,,Katherine Higgins,,2025-01-22T23:11:37Z,,,Active,,,31491002,22efa58f-e2d1-ef11-8eea-6045bd080606,72ea4760-2f38-ef11-840a-6045bd03203c,,72ea4760-2f38-ef11-840a-6045bd03203c,,72ea4760-2f38-ef11-840a-6045bd03203c,dc5c7cb8-6921-ef11-840b-0022480a10b0,
N21,Alert: Your line item has been separated into multiple lines to expedite handling.,Katherine Higgins,rhaildev,Active,RARC,Katherine Higgins,,2025-01-13T19:14:08Z,,Katherine Higgins,,2025-01-22T23:12:21Z,,,Active,,,31491023,23efa58f-e2d1-ef11-8eea-6045bd080606,72ea4760-2f38-ef11-840a-6045bd03203c,,72ea4760-2f38-ef11-840a-6045bd03203c,,72ea4760-2f38-ef11-840a-6045bd03203c,dc5c7cb8-6921-ef11-840b-0022480a10b0,
N22,Alert: This procedure code was added/changed because it more accurately describes the services rendered.,Katherine Higgins,rhaildev,Active,RARC,Katherine Higgins,,2025-01-13T19:14:08Z,,Katherine Higgins,,2025-01-22T23:13:13Z,,,Active,,,31491055,24efa58f-e2d1-ef11-8eea-6045bd080606,72ea4760-2f38-ef11-840a-6045bd03203c,,72ea4760-2f38-ef11-840a-6045bd03203c,,72ea4760-2f38-ef11-840a-6045bd03203c,dc5c7cb8-6921-ef11-840b-0022480a10b0,
N23,Alert: Patient liability may be affected due to coordination of benefits with other carriers and/or maximum benefit provisions.,Katherine Higgins,rhaildev,Active,RARC,Katherine Higgins,,2025-01-13T19:14:08Z,,Katherine Higgins,,2025-01-22T23:14:02Z,,,Active,,,31491077,25efa58f-e2d1-ef11-8eea-6045bd080606,72ea4760-2f38-ef11-840a-6045bd03203c,,72ea4760-2f38-ef11-840a-6045bd03203c,,72ea4760-2f38-ef11-840a-6045bd03203c,dc5c7cb8-6921-ef11-840b-0022480a10b0,
N24,Missing/incomplete/invalid Electronic Funds Transfer (EFT) banking information.,Katherine Higgins,rhaildev,Active,RARC,Katherine Higgins,,2025-01-13T19:14:08Z,,Katherine Higgins,,2025-01-22T23:14:47Z,,,Active,,,31491118,26efa58f-e2d1-ef11-8eea-6045bd080606,72ea4760-2f38-ef11-840a-6045bd03203c,,72ea4760-2f38-ef11-840a-6045bd03203c,,72ea4760-2f38-ef11-840a-6045bd03203c,dc5c7cb8-6921-ef11-840b-0022480a10b0,
N25,This company has been contracted by your benefit plan to provide administrative claims payment services only. This company does not assume financial risk or obligation with respect to claims processed on behalf of your benefit plan.,Katherine Higgins,rhaildev,Active,RARC,Katherine Higgins,,2025-01-13T19:14:08Z,,Katherine Higgins,,2025-01-22T23:15:29Z,,,Active,,,31491140,27efa58f-e2d1-ef11-8eea-6045bd080606,72ea4760-2f38-ef11-840a-6045bd03203c,,72ea4760-2f38-ef11-840a-6045bd03203c,,72ea4760-2f38-ef11-840a-6045bd03203c,dc5c7cb8-6921-ef11-840b-0022480a10b0,
N26,Missing itemized bill/statement.,Katherine Higgins,rhaildev,Active,RARC,Katherine Higgins,,2025-01-13T19:14:08Z,,Katherine Higgins,,2025-01-22T23:16:02Z,,,Active,,,31491163,28efa58f-e2d1-ef11-8eea-6045bd080606,72ea4760-2f38-ef11-840a-6045bd03203c,,72ea4760-2f38-ef11-840a-6045bd03203c,,72ea4760-2f38-ef11-840a-6045bd03203c,dc5c7cb8-6921-ef11-840b-0022480a10b0,
N27,Missing/incomplete/invalid treatment number.,Katherine Higgins,rhaildev,Active,RARC,Katherine Higgins,,2025-01-13T19:14:08Z,,Katherine Higgins,,2025-01-22T23:16:29Z,,,Active,,,31491184,29efa58f-e2d1-ef11-8eea-6045bd080606,72ea4760-2f38-ef11-840a-6045bd03203c,,72ea4760-2f38-ef11-840a-6045bd03203c,,72ea4760-2f38-ef11-840a-6045bd03203c,dc5c7cb8-6921-ef11-840b-0022480a10b0,
N28,Consent form requirements not fulfilled.,Katherine Higgins,rhaildev,Active,RARC,Katherine Higgins,,2025-01-13T19:14:08Z,,Katherine Higgins,,2025-01-22T23:16:59Z,,,Active,,,31491206,2aefa58f-e2d1-ef11-8eea-6045bd080606,72ea4760-2f38-ef11-840a-6045bd03203c,,72ea4760-2f38-ef11-840a-6045bd03203c,,72ea4760-2f38-ef11-840a-6045bd03203c,dc5c7cb8-6921-ef11-840b-0022480a10b0,
N30,Patient ineligible for this service.,Katherine Higgins,rhaildev,Active,RARC,Katherine Higgins,,2025-01-13T19:14:08Z,,Katherine Higgins,,2025-01-22T23:18:10Z,,,Active,,,31491252,2befa58f-e2d1-ef11-8eea-6045bd080606,72ea4760-2f38-ef11-840a-6045bd03203c,,72ea4760-2f38-ef11-840a-6045bd03203c,,72ea4760-2f38-ef11-840a-6045bd03203c,dc5c7cb8-6921-ef11-840b-0022480a10b0,
N31,Missing/incomplete/invalid prescribing provider identifier.,Katherine Higgins,rhaildev,Active,RARC,Katherine Higgins,,2025-01-13T19:14:08Z,,Katherine Higgins,,2025-01-22T23:18:51Z,,,Active,,,31491278,2cefa58f-e2d1-ef11-8eea-6045bd080606,72ea4760-2f38-ef11-840a-6045bd03203c,,72ea4760-2f38-ef11-840a-6045bd03203c,,72ea4760-2f38-ef11-840a-6045bd03203c,dc5c7cb8-6921-ef11-840b-0022480a10b0,
N32,Claim must be submitted by the provider who rendered the service.,Katherine Higgins,rhaildev,Active,RARC,Katherine Higgins,,2025-01-13T19:14:08Z,,Katherine Higgins,,2025-01-22T23:19:26Z,,,Active,,,31491298,2defa58f-e2d1-ef11-8eea-6045bd080606,72ea4760-2f38-ef11-840a-6045bd03203c,,72ea4760-2f38-ef11-840a-6045bd03203c,,72ea4760-2f38-ef11-840a-6045bd03203c,dc5c7cb8-6921-ef11-840b-0022480a10b0,
N33,No record of health check prior to initiation of treatment.,Katherine Higgins,rhaildev,Active,RARC,Katherine Higgins,,2025-01-13T19:14:08Z,,Katherine Higgins,,2025-01-22T23:19:59Z,,,Active,,,31491320,2eefa58f-e2d1-ef11-8eea-6045bd080606,72ea4760-2f38-ef11-840a-6045bd03203c,,72ea4760-2f38-ef11-840a-6045bd03203c,,72ea4760-2f38-ef11-840a-6045bd03203c,dc5c7cb8-6921-ef11-840b-0022480a10b0,
N34,Incorrect claim form/format for this service.,Katherine Higgins,rhaildev,Active,RARC,Katherine Higgins,,2025-01-13T19:14:08Z,,Katherine Higgins,,2025-01-22T23:20:34Z,,,Active,,,31491346,2fefa58f-e2d1-ef11-8eea-6045bd080606,72ea4760-2f38-ef11-840a-6045bd03203c,,72ea4760-2f38-ef11-840a-6045bd03203c,,72ea4760-2f38-ef11-840a-6045bd03203c,dc5c7cb8-6921-ef11-840b-0022480a10b0,
N35,Program integrity/utilization review decision.,Katherine Higgins,rhaildev,Active,RARC,Katherine Higgins,,2025-01-13T19:14:08Z,,Katherine Higgins,,2025-01-22T23:21:09Z,,,Active,,,31491382,30efa58f-e2d1-ef11-8eea-6045bd080606,72ea4760-2f38-ef11-840a-6045bd03203c,,72ea4760-2f38-ef11-840a-6045bd03203c,,72ea4760-2f38-ef11-840a-6045bd03203c,dc5c7cb8-6921-ef11-840b-0022480a10b0,
N36,Claim must meet primary payer's processing requirements before we can consider payment.,Katherine Higgins,rhaildev,Active,RARC,Katherine Higgins,,2025-01-13T19:14:08Z,,Katherine Higgins,,2025-01-22T23:22:10Z,,,Active,,,31491407,31efa58f-e2d1-ef11-8eea-6045bd080606,72ea4760-2f38-ef11-840a-6045bd03203c,,72ea4760-2f38-ef11-840a-6045bd03203c,,72ea4760-2f38-ef11-840a-6045bd03203c,dc5c7cb8-6921-ef11-840b-0022480a10b0,
N37,Missing/incomplete/invalid tooth number/letter.,Katherine Higgins,rhaildev,Active,RARC,Katherine Higgins,,2025-01-13T19:14:08Z,,Katherine Higgins,,2025-01-22T23:22:51Z,,,Active,,,31491424,32efa58f-e2d1-ef11-8eea-6045bd080606,72ea4760-2f38-ef11-840a-6045bd03203c,,72ea4760-2f38-ef11-840a-6045bd03203c,,72ea4760-2f38-ef11-840a-6045bd03203c,dc5c7cb8-6921-ef11-840b-0022480a10b0,
N39,Procedure code is not compatible with tooth number/letter.,Katherine Higgins,rhaildev,Active,RARC,Katherine Higgins,,2025-01-13T19:14:08Z,,Katherine Higgins,,2025-01-22T23:24:13Z,,,Active,,,31491467,33efa58f-e2d1-ef11-8eea-6045bd080606,72ea4760-2f38-ef11-840a-6045bd03203c,,72ea4760-2f38-ef11-840a-6045bd03203c,,72ea4760-2f38-ef11-840a-6045bd03203c,dc5c7cb8-6921-ef11-840b-0022480a10b0,
N40,Missing radiology film(s)/image(s).,Katherine Higgins,rhaildev,Active,RARC,Katherine Higgins,,2025-01-13T19:14:08Z,,Katherine Higgins,,2025-01-22T23:25:21Z,,,Active,,,31491495,34efa58f-e2d1-ef11-8eea-6045bd080606,72ea4760-2f38-ef11-840a-6045bd03203c,,72ea4760-2f38-ef11-840a-6045bd03203c,,72ea4760-2f38-ef11-840a-6045bd03203c,dc5c7cb8-6921-ef11-840b-0022480a10b0,
N42,Missing mental health assessment.,Katherine Higgins,rhaildev,Active,RARC,Katherine Higgins,,2025-01-13T19:14:08Z,,Katherine Higgins,,2025-01-22T23:27:00Z,,,Active,,,31491559,35efa58f-e2d1-ef11-8eea-6045bd080606,72ea4760-2f38-ef11-840a-6045bd03203c,,72ea4760-2f38-ef11-840a-6045bd03203c,,72ea4760-2f38-ef11-840a-6045bd03203c,dc5c7cb8-6921-ef11-840b-0022480a10b0,
N43,Bed hold or leave days exceeded.,Katherine Higgins,rhaildev,Active,RARC,Katherine Higgins,,2025-01-13T19:14:08Z,,Katherine Higgins,,2025-01-22T23:27:47Z,,,Active,,,31491582,36efa58f-e2d1-ef11-8eea-6045bd080606,72ea4760-2f38-ef11-840a-6045bd03203c,,72ea4760-2f38-ef11-840a-6045bd03203c,,72ea4760-2f38-ef11-840a-6045bd03203c,dc5c7cb8-6921-ef11-840b-0022480a10b0,
N45,Payment based on authorized amount.,Katherine Higgins,rhaildev,Active,RARC,Katherine Higgins,,2025-01-13T19:14:08Z,,Katherine Higgins,,2025-01-22T23:28:22Z,,,Active,,,31491599,37efa58f-e2d1-ef11-8eea-6045bd080606,72ea4760-2f38-ef11-840a-6045bd03203c,,72ea4760-2f38-ef11-840a-6045bd03203c,,72ea4760-2f38-ef11-840a-6045bd03203c,dc5c7cb8-6921-ef11-840b-0022480a10b0,
N46,Missing/incomplete/invalid admission hour.,Katherine Higgins,rhaildev,Active,RARC,Katherine Higgins,,2025-01-13T19:14:08Z,,Katherine Higgins,,2025-01-22T23:28:25Z,,,Active,,,31491601,38efa58f-e2d1-ef11-8eea-6045bd080606,72ea4760-2f38-ef11-840a-6045bd03203c,,72ea4760-2f38-ef11-840a-6045bd03203c,,72ea4760-2f38-ef11-840a-6045bd03203c,dc5c7cb8-6921-ef11-840b-0022480a10b0,
N47,Claim conflicts with another inpatient stay.,Katherine Higgins,rhaildev,Active,RARC,Katherine Higgins,,2025-01-13T19:14:08Z,,Katherine Higgins,,2025-01-22T23:28:34Z,,,Active,,,31491605,39efa58f-e2d1-ef11-8eea-6045bd080606,72ea4760-2f38-ef11-840a-6045bd03203c,,72ea4760-2f38-ef11-840a-6045bd03203c,,72ea4760-2f38-ef11-840a-6045bd03203c,dc5c7cb8-6921-ef11-840b-0022480a10b0,
N48,Claim information does not agree with information received from other insurance carrier.,Katherine Higgins,rhaildev,Active,RARC,Katherine Higgins,,2025-01-13T19:14:08Z,,Katherine Higgins,,2025-01-22T23:28:51Z,,,Active,,,31491612,3aefa58f-e2d1-ef11-8eea-6045bd080606,72ea4760-2f38-ef11-840a-6045bd03203c,,72ea4760-2f38-ef11-840a-6045bd03203c,,72ea4760-2f38-ef11-840a-6045bd03203c,dc5c7cb8-6921-ef11-840b-0022480a10b0,
N49,Court ordered coverage information needs validation.,Katherine Higgins,rhaildev,Active,RARC,Katherine Higgins,,2025-01-13T19:14:08Z,,Katherine Higgins,,2025-01-22T23:29:03Z,,,Active,,,31491618,3befa58f-e2d1-ef11-8eea-6045bd080606,72ea4760-2f38-ef11-840a-6045bd03203c,,72ea4760-2f38-ef11-840a-6045bd03203c,,72ea4760-2f38-ef11-840a-6045bd03203c,dc5c7cb8-6921-ef11-840b-0022480a10b0,
N50,Missing/incomplete/invalid discharge information.,Katherine Higgins,rhaildev,Active,RARC,Katherine Higgins,,2025-01-13T19:14:08Z,,Katherine Higgins,,2025-01-22T23:29:21Z,,,Active,,,31491624,3cefa58f-e2d1-ef11-8eea-6045bd080606,72ea4760-2f38-ef11-840a-6045bd03203c,,72ea4760-2f38-ef11-840a-6045bd03203c,,72ea4760-2f38-ef11-840a-6045bd03203c,dc5c7cb8-6921-ef11-840b-0022480a10b0,
N51,Electronic interchange agreement not on file for provider/submitter.,Katherine Higgins,rhaildev,Active,RARC,Katherine Higgins,,2025-01-13T19:14:09Z,,Katherine Higgins,,2025-01-22T23:29:26Z,,,Active,,,31491626,40efa58f-e2d1-ef11-8eea-6045bd080606,72ea4760-2f38-ef11-840a-6045bd03203c,,72ea4760-2f38-ef11-840a-6045bd03203c,,72ea4760-2f38-ef11-840a-6045bd03203c,dc5c7cb8-6921-ef11-840b-0022480a10b0,
N52,Patient not enrolled in the billing provider's managed care plan on the date of service.,Katherine Higgins,rhaildev,Active,RARC,Katherine Higgins,,2025-01-13T19:14:09Z,,Katherine Higgins,,2025-01-22T23:29:32Z,,,Active,,,31491628,42efa58f-e2d1-ef11-8eea-6045bd080606,72ea4760-2f38-ef11-840a-6045bd03203c,,72ea4760-2f38-ef11-840a-6045bd03203c,,72ea4760-2f38-ef11-840a-6045bd03203c,dc5c7cb8-6921-ef11-840b-0022480a10b0,
N53,Missing/incomplete/invalid point of pick-up address.,Katherine Higgins,rhaildev,Active,RARC,Katherine Higgins,,2025-01-13T19:14:09Z,,Katherine Higgins,,2025-01-22T23:29:39Z,,,Active,,,31491632,43efa58f-e2d1-ef11-8eea-6045bd080606,72ea4760-2f38-ef11-840a-6045bd03203c,,72ea4760-2f38-ef11-840a-6045bd03203c,,72ea4760-2f38-ef11-840a-6045bd03203c,dc5c7cb8-6921-ef11-840b-0022480a10b0,
N54,Claim information is inconsistent with pre-certified/authorized services.,Katherine Higgins,rhaildev,Active,RARC,Katherine Higgins,,2025-01-13T19:14:09Z,,Katherine Higgins,,2025-01-22T23:29:44Z,,,Active,,,31491634,45efa58f-e2d1-ef11-8eea-6045bd080606,72ea4760-2f38-ef11-840a-6045bd03203c,,72ea4760-2f38-ef11-840a-6045bd03203c,,72ea4760-2f38-ef11-840a-6045bd03203c,dc5c7cb8-6921-ef11-840b-0022480a10b0,
N55,Procedures for billing with group/referring/performing providers were not followed.,Katherine Higgins,rhaildev,Active,RARC,Katherine Higgins,,2025-01-13T19:14:09Z,,Katherine Higgins,,2025-01-22T23:29:54Z,,,Active,,,31491638,46efa58f-e2d1-ef11-8eea-6045bd080606,72ea4760-2f38-ef11-840a-6045bd03203c,,72ea4760-2f38-ef11-840a-6045bd03203c,,72ea4760-2f38-ef11-840a-6045bd03203c,dc5c7cb8-6921-ef11-840b-0022480a10b0,
N56,Procedure code billed is not correct/valid for the services billed or the date of service billed.,Katherine Higgins,rhaildev,Active,RARC,Katherine Higgins,,2025-01-13T19:14:09Z,,Katherine Higgins,,2025-01-22T23:30:03Z,,,Active,,,31491652,47efa58f-e2d1-ef11-8eea-6045bd080606,72ea4760-2f38-ef11-840a-6045bd03203c,,72ea4760-2f38-ef11-840a-6045bd03203c,,72ea4760-2f38-ef11-840a-6045bd03203c,dc5c7cb8-6921-ef11-840b-0022480a10b0,
N57,Missing/incomplete/invalid prescribing date.,Katherine Higgins,rhaildev,Active,RARC,Katherine Higgins,,2025-01-13T19:14:09Z,,Katherine Higgins,,2025-01-22T23:30:08Z,,,Active,,,31491654,48efa58f-e2d1-ef11-8eea-6045bd080606,72ea4760-2f38-ef11-840a-6045bd03203c,,72ea4760-2f38-ef11-840a-6045bd03203c,,72ea4760-2f38-ef11-840a-6045bd03203c,dc5c7cb8-6921-ef11-840b-0022480a10b0,
N58,Missing/incomplete/invalid patient liability amount.,Katherine Higgins,rhaildev,Active,RARC,Katherine Higgins,,2025-01-13T19:14:09Z,,Katherine Higgins,,2025-01-22T23:30:14Z,,,Active,,,31491656,4cefa58f-e2d1-ef11-8eea-6045bd080606,72ea4760-2f38-ef11-840a-6045bd03203c,,72ea4760-2f38-ef11-840a-6045bd03203c,,72ea4760-2f38-ef11-840a-6045bd03203c,dc5c7cb8-6921-ef11-840b-0022480a10b0,
N59,Alert: Please refer to your provider manual for additional program and provider information.,Katherine Higgins,rhaildev,Active,RARC,Katherine Higgins,,2025-01-13T19:14:09Z,,Katherine Higgins,,2025-01-22T23:30:21Z,,,Active,,,31491658,4eefa58f-e2d1-ef11-8eea-6045bd080606,72ea4760-2f38-ef11-840a-6045bd03203c,,72ea4760-2f38-ef11-840a-6045bd03203c,,72ea4760-2f38-ef11-840a-6045bd03203c,dc5c7cb8-6921-ef11-840b-0022480a10b0,
N61,Rebill services on separate claims.,Katherine Higgins,rhaildev,Active,RARC,Katherine Higgins,,2025-01-13T19:14:09Z,,Katherine Higgins,,2025-01-22T23:30:35Z,,,Active,,,31491662,50efa58f-e2d1-ef11-8eea-6045bd080606,72ea4760-2f38-ef11-840a-6045bd03203c,,72ea4760-2f38-ef11-840a-6045bd03203c,,72ea4760-2f38-ef11-840a-6045bd03203c,dc5c7cb8-6921-ef11-840b-0022480a10b0,
N62,Dates of service span multiple rate periods. Resubmit separate claims.,Katherine Higgins,rhaildev,Active,RARC,Katherine Higgins,,2025-01-13T19:14:09Z,,Katherine Higgins,,2025-01-22T23:30:41Z,,,Active,,,31491664,51efa58f-e2d1-ef11-8eea-6045bd080606,72ea4760-2f38-ef11-840a-6045bd03203c,,72ea4760-2f38-ef11-840a-6045bd03203c,,72ea4760-2f38-ef11-840a-6045bd03203c,dc5c7cb8-6921-ef11-840b-0022480a10b0,
N63,Rebill services on separate claim lines.,Katherine Higgins,rhaildev,Active,RARC,Katherine Higgins,,2025-01-13T19:14:09Z,,Katherine Higgins,,2025-01-22T23:30:44Z,,,Active,,,31491666,53efa58f-e2d1-ef11-8eea-6045bd080606,72ea4760-2f38-ef11-840a-6045bd03203c,,72ea4760-2f38-ef11-840a-6045bd03203c,,72ea4760-2f38-ef11-840a-6045bd03203c,dc5c7cb8-6921-ef11-840b-0022480a10b0,
N64,The 'from' and 'to' dates must be different.,Katherine Higgins,rhaildev,Active,RARC,Katherine Higgins,,2025-01-13T19:14:09Z,,Katherine Higgins,,2025-01-22T23:30:49Z,,,Active,,,31491668,55efa58f-e2d1-ef11-8eea-6045bd080606,72ea4760-2f38-ef11-840a-6045bd03203c,,72ea4760-2f38-ef11-840a-6045bd03203c,,72ea4760-2f38-ef11-840a-6045bd03203c,dc5c7cb8-6921-ef11-840b-0022480a10b0,
N65,"Procedure code or procedure rate count cannot be determined, or was not on file, for the date of service/provider.",Katherine Higgins,rhaildev,Active,RARC,Katherine Higgins,,2025-01-13T19:14:09Z,,Katherine Higgins,,2025-01-22T23:30:56Z,,,Active,,,31491670,57efa58f-e2d1-ef11-8eea-6045bd080606,72ea4760-2f38-ef11-840a-6045bd03203c,,72ea4760-2f38-ef11-840a-6045bd03203c,,72ea4760-2f38-ef11-840a-6045bd03203c,dc5c7cb8-6921-ef11-840b-0022480a10b0,
N67,"Professional provider services not paid separately. Included in facility payment under a demonstration project. Apply to that facility for payment, or resubmit your claim if: the facility notifies you the patient was excluded from this demonstration; or if you furnished these services in another location on the date of the patient's admission or discharge from a demonstration hospital. If services were furnished in a facility not involved in the demonstration on the same date the patient was discharged from or admitted to a demonstration facility, you must report the provider ID number for the non-demonstration facility on the new claim.
",Katherine Higgins,rhaildev,Active,RARC,Katherine Higgins,,2025-01-13T19:14:09Z,,Katherine Higgins,,2025-01-22T23:31:06Z,,,Active,,,31491672,5aefa58f-e2d1-ef11-8eea-6045bd080606,72ea4760-2f38-ef11-840a-6045bd03203c,,72ea4760-2f38-ef11-840a-6045bd03203c,,72ea4760-2f38-ef11-840a-6045bd03203c,dc5c7cb8-6921-ef11-840b-0022480a10b0,
N68,"Prior payment being cancelled as we were subsequently notified this patient was covered by a demonstration project in this site of service. Professional services were included in the payment made to the facility. You must contact the facility for your payment. Prior payment made to you by the patient or another insurer for this claim must be refunded to the payer within 30 days.
Start: 01/01/2000",Katherine Higgins,rhaildev,Active,RARC,Katherine Higgins,,2025-01-13T19:14:09Z,,Katherine Higgins,,2025-01-13T19:14:09Z,,,Active,,,30854455,5cefa58f-e2d1-ef11-8eea-6045bd080606,72ea4760-2f38-ef11-840a-6045bd03203c,,72ea4760-2f38-ef11-840a-6045bd03203c,,72ea4760-2f38-ef11-840a-6045bd03203c,dc5c7cb8-6921-ef11-840b-0022480a10b0,
N69,Alert: PPS (Prospective Payment System) code changed by claims processing system.,Katherine Higgins,rhaildev,Active,RARC,Katherine Higgins,,2025-01-13T19:14:09Z,,Katherine Higgins,,2025-01-22T23:31:11Z,,,Active,,,31491674,5defa58f-e2d1-ef11-8eea-6045bd080606,72ea4760-2f38-ef11-840a-6045bd03203c,,72ea4760-2f38-ef11-840a-6045bd03203c,,72ea4760-2f38-ef11-840a-6045bd03203c,dc5c7cb8-6921-ef11-840b-0022480a10b0,
N70,Consolidated billing and payment applies.,Katherine Higgins,rhaildev,Active,RARC,Katherine Higgins,,2025-01-13T19:14:09Z,,Katherine Higgins,,2025-01-22T23:31:18Z,,,Active,,,31491680,5eefa58f-e2d1-ef11-8eea-6045bd080606,72ea4760-2f38-ef11-840a-6045bd03203c,,72ea4760-2f38-ef11-840a-6045bd03203c,,72ea4760-2f38-ef11-840a-6045bd03203c,dc5c7cb8-6921-ef11-840b-0022480a10b0,
N71,"Your unassigned claim for a drug or biological, clinical diagnostic laboratory services or ambulance service was processed as an assigned claim. You are required by law to accept assignment for these types of claims.",Katherine Higgins,rhaildev,Active,RARC,Katherine Higgins,,2025-01-13T19:14:09Z,,Katherine Higgins,,2025-01-22T23:31:45Z,,,Active,,,31491694,5fefa58f-e2d1-ef11-8eea-6045bd080606,72ea4760-2f38-ef11-840a-6045bd03203c,,72ea4760-2f38-ef11-840a-6045bd03203c,,72ea4760-2f38-ef11-840a-6045bd03203c,dc5c7cb8-6921-ef11-840b-0022480a10b0,
N72,PPS (Prospective Payment System) code changed by medical reviewers. Not supported by clinical records.,Katherine Higgins,rhaildev,Active,RARC,Katherine Higgins,,2025-01-13T19:14:09Z,,Katherine Higgins,,2025-01-22T23:32:27Z,,,Active,,,31491720,60efa58f-e2d1-ef11-8eea-6045bd080606,72ea4760-2f38-ef11-840a-6045bd03203c,,72ea4760-2f38-ef11-840a-6045bd03203c,,72ea4760-2f38-ef11-840a-6045bd03203c,dc5c7cb8-6921-ef11-840b-0022480a10b0,
N74,"Resubmit with multiple claims, each claim covering services provided in only one calendar month.",Katherine Higgins,rhaildev,Active,RARC,Katherine Higgins,,2025-01-13T19:14:09Z,,Katherine Higgins,,2025-01-22T23:33:24Z,,,Active,,,31491762,61efa58f-e2d1-ef11-8eea-6045bd080606,72ea4760-2f38-ef11-840a-6045bd03203c,,72ea4760-2f38-ef11-840a-6045bd03203c,,72ea4760-2f38-ef11-840a-6045bd03203c,dc5c7cb8-6921-ef11-840b-0022480a10b0,
N75,Missing/incomplete/invalid tooth surface information.,Katherine Higgins,rhaildev,Active,RARC,Katherine Higgins,,2025-01-13T19:14:09Z,,Katherine Higgins,,2025-01-22T23:34:00Z,,,Active,,,31491785,62efa58f-e2d1-ef11-8eea-6045bd080606,72ea4760-2f38-ef11-840a-6045bd03203c,,72ea4760-2f38-ef11-840a-6045bd03203c,,72ea4760-2f38-ef11-840a-6045bd03203c,dc5c7cb8-6921-ef11-840b-0022480a10b0,
N76,Missing/incomplete/invalid number of riders.,Katherine Higgins,rhaildev,Active,RARC,Katherine Higgins,,2025-01-13T19:14:09Z,,Katherine Higgins,,2025-01-22T23:34:49Z,,,Active,,,31491817,63efa58f-e2d1-ef11-8eea-6045bd080606,72ea4760-2f38-ef11-840a-6045bd03203c,,72ea4760-2f38-ef11-840a-6045bd03203c,,72ea4760-2f38-ef11-840a-6045bd03203c,dc5c7cb8-6921-ef11-840b-0022480a10b0,
N77,Missing/incomplete/invalid designated provider number.,Katherine Higgins,rhaildev,Active,RARC,Katherine Higgins,,2025-01-13T19:14:09Z,,Katherine Higgins,,2025-01-22T23:35:25Z,,,Active,,,31491839,64efa58f-e2d1-ef11-8eea-6045bd080606,72ea4760-2f38-ef11-840a-6045bd03203c,,72ea4760-2f38-ef11-840a-6045bd03203c,,72ea4760-2f38-ef11-840a-6045bd03203c,dc5c7cb8-6921-ef11-840b-0022480a10b0,
N78,The necessary components of the child and teen checkup (EPSDT) were not completed.,Katherine Higgins,rhaildev,Active,RARC,Katherine Higgins,,2025-01-13T19:14:09Z,,Katherine Higgins,,2025-01-22T23:35:57Z,,,Active,,,31491866,65efa58f-e2d1-ef11-8eea-6045bd080606,72ea4760-2f38-ef11-840a-6045bd03203c,,72ea4760-2f38-ef11-840a-6045bd03203c,,72ea4760-2f38-ef11-840a-6045bd03203c,dc5c7cb8-6921-ef11-840b-0022480a10b0,
N79,Service billed is not compatible with patient location information.,Katherine Higgins,rhaildev,Active,RARC,Katherine Higgins,,2025-01-13T19:14:09Z,,Katherine Higgins,,2025-01-22T23:36:51Z,,,Active,,,31491891,66efa58f-e2d1-ef11-8eea-6045bd080606,72ea4760-2f38-ef11-840a-6045bd03203c,,72ea4760-2f38-ef11-840a-6045bd03203c,,72ea4760-2f38-ef11-840a-6045bd03203c,dc5c7cb8-6921-ef11-840b-0022480a10b0,
N80,Missing/incomplete/invalid prenatal screening information.,Katherine Higgins,rhaildev,Active,RARC,Katherine Higgins,,2025-01-13T19:14:09Z,,Katherine Higgins,,2025-01-22T23:37:15Z,,,Active,,,31491905,67efa58f-e2d1-ef11-8eea-6045bd080606,72ea4760-2f38-ef11-840a-6045bd03203c,,72ea4760-2f38-ef11-840a-6045bd03203c,,72ea4760-2f38-ef11-840a-6045bd03203c,dc5c7cb8-6921-ef11-840b-0022480a10b0,
N81,Procedure billed is not compatible with tooth surface code.,Katherine Higgins,rhaildev,Active,RARC,Katherine Higgins,,2025-01-13T19:14:09Z,,Katherine Higgins,,2025-01-22T23:37:47Z,,,Active,,,31491927,68efa58f-e2d1-ef11-8eea-6045bd080606,72ea4760-2f38-ef11-840a-6045bd03203c,,72ea4760-2f38-ef11-840a-6045bd03203c,,72ea4760-2f38-ef11-840a-6045bd03203c,dc5c7cb8-6921-ef11-840b-0022480a10b0,
N82,Provider must accept insurance payment as payment in full when a third party payer contract specifies full reimbursement.,Katherine Higgins,rhaildev,Active,RARC,Katherine Higgins,,2025-01-13T19:14:09Z,,Katherine Higgins,,2025-01-22T23:38:18Z,,,Active,,,31491949,69efa58f-e2d1-ef11-8eea-6045bd080606,72ea4760-2f38-ef11-840a-6045bd03203c,,72ea4760-2f38-ef11-840a-6045bd03203c,,72ea4760-2f38-ef11-840a-6045bd03203c,dc5c7cb8-6921-ef11-840b-0022480a10b0,
N83,No appeal rights. Adjudicative decision based on the provisions of a demonstration project.,Katherine Higgins,rhaildev,Active,RARC,Katherine Higgins,,2025-01-13T19:14:09Z,,Katherine Higgins,,2025-01-22T23:38:51Z,,,Active,,,31491971,6aefa58f-e2d1-ef11-8eea-6045bd080606,72ea4760-2f38-ef11-840a-6045bd03203c,,72ea4760-2f38-ef11-840a-6045bd03203c,,72ea4760-2f38-ef11-840a-6045bd03203c,dc5c7cb8-6921-ef11-840b-0022480a10b0,
N84,Alert: Further installment payments are forthcoming.,Katherine Higgins,rhaildev,Active,RARC,Katherine Higgins,,2025-01-13T19:14:09Z,,Katherine Higgins,,2025-01-22T23:39:32Z,,,Active,,,31491993,6befa58f-e2d1-ef11-8eea-6045bd080606,72ea4760-2f38-ef11-840a-6045bd03203c,,72ea4760-2f38-ef11-840a-6045bd03203c,,72ea4760-2f38-ef11-840a-6045bd03203c,dc5c7cb8-6921-ef11-840b-0022480a10b0,
N85,Alert: This is the final installment payment.,Katherine Higgins,rhaildev,Active,RARC,Katherine Higgins,,2025-01-13T19:14:09Z,,Katherine Higgins,,2025-01-22T23:40:03Z,,,Active,,,31492020,6cefa58f-e2d1-ef11-8eea-6045bd080606,72ea4760-2f38-ef11-840a-6045bd03203c,,72ea4760-2f38-ef11-840a-6045bd03203c,,72ea4760-2f38-ef11-840a-6045bd03203c,dc5c7cb8-6921-ef11-840b-0022480a10b0,
301,"Claim received by the Medical Plan, but benefits not available under this plan. Submit these services to the patient's Behavioral Health Plan for further consideration.",Katherine Higgins,rhaildev,Active,CARC,Katherine Higgins,,2025-01-13T19:14:00Z,,Katherine Higgins,,2025-01-22T19:52:29Z,,,Active,,,31488228,47a90e86-e2d1-ef11-8eea-6045bd0810d0,72ea4760-2f38-ef11-840a-6045bd03203c,,72ea4760-2f38-ef11-840a-6045bd03203c,,72ea4760-2f38-ef11-840a-6045bd03203c,dc5c7cb8-6921-ef11-840b-0022480a10b0,
302,Precertification/notification/authorization/pre-treatment time limit has expired.,Katherine Higgins,rhaildev,Active,CARC,Katherine Higgins,,2025-01-13T19:14:00Z,,Katherine Higgins,,2025-01-22T19:52:31Z,,,Active,,,31488230,4aa90e86-e2d1-ef11-8eea-6045bd0810d0,72ea4760-2f38-ef11-840a-6045bd03203c,,72ea4760-2f38-ef11-840a-6045bd03203c,,72ea4760-2f38-ef11-840a-6045bd03203c,dc5c7cb8-6921-ef11-840b-0022480a10b0,
303,"Prior payer's (or payers') patient responsibility (deductible, coinsurance, co-payment) not covered for Qualified Medicare and Medicaid Beneficiaries. (Use only with Group Code CO)",Katherine Higgins,rhaildev,Active,CARC,Katherine Higgins,,2025-01-13T19:14:00Z,,Katherine Higgins,,2025-01-22T19:52:34Z,,,Active,,,31488232,4ba90e86-e2d1-ef11-8eea-6045bd0810d0,72ea4760-2f38-ef11-840a-6045bd03203c,,72ea4760-2f38-ef11-840a-6045bd03203c,,72ea4760-2f38-ef11-840a-6045bd03203c,dc5c7cb8-6921-ef11-840b-0022480a10b0,
304,"Claim received by the medical plan, but benefits not available under this plan. Submit these services to the patient's hearing plan for further consideration.",Katherine Higgins,rhaildev,Active,CARC,Katherine Higgins,,2025-01-13T19:14:00Z,,Katherine Higgins,,2025-01-22T19:52:37Z,,,Active,,,31488234,4da90e86-e2d1-ef11-8eea-6045bd0810d0,72ea4760-2f38-ef11-840a-6045bd03203c,,72ea4760-2f38-ef11-840a-6045bd03203c,,72ea4760-2f38-ef11-840a-6045bd03203c,dc5c7cb8-6921-ef11-840b-0022480a10b0,
305,"Claim received by the medical plan, but benefits not available under this plan. Claim has been forwarded to the patient's hearing plan for further consideration.",Katherine Higgins,rhaildev,Active,CARC,Katherine Higgins,,2025-01-13T19:14:00Z,,Katherine Higgins,,2025-01-22T19:52:40Z,,,Active,,,31488236,4fa90e86-e2d1-ef11-8eea-6045bd0810d0,72ea4760-2f38-ef11-840a-6045bd03203c,,72ea4760-2f38-ef11-840a-6045bd03203c,,72ea4760-2f38-ef11-840a-6045bd03203c,dc5c7cb8-6921-ef11-840b-0022480a10b0,
306,"Type of bill is inconsistent with the patient status. Usage: Refer to the 835 Healthcare Policy Identification Segment (loop 2110 Service Payment Information REF), if present.",Katherine Higgins,rhaildev,Active,CARC,Katherine Higgins,,2025-01-13T19:14:00Z,,Katherine Higgins,,2025-01-22T19:52:43Z,,,Active,,,31488238,50a90e86-e2d1-ef11-8eea-6045bd0810d0,72ea4760-2f38-ef11-840a-6045bd03203c,,72ea4760-2f38-ef11-840a-6045bd03203c,,72ea4760-2f38-ef11-840a-6045bd03203c,dc5c7cb8-6921-ef11-840b-0022480a10b0,
A0,Patient refund amount.,Katherine Higgins,rhaildev,Active,CARC,Katherine Higgins,,2025-01-13T19:14:00Z,,Katherine Higgins,,2025-01-22T22:32:29Z,,,Active,,,31490348,51a90e86-e2d1-ef11-8eea-6045bd0810d0,72ea4760-2f38-ef11-840a-6045bd03203c,,72ea4760-2f38-ef11-840a-6045bd03203c,,72ea4760-2f38-ef11-840a-6045bd03203c,dc5c7cb8-6921-ef11-840b-0022480a10b0,
A1,"Claim/Service denied. At least one Remark Code must be provided (may be comprised of either the NCPDP Reject Reason Code, or Remittance Advice Remark Code that is not an ALERT.) Usage: Use this code only when a more specific Claim Adjustment Reason Code is not available.",Katherine Higgins,rhaildev,Active,CARC,Katherine Higgins,,2025-01-13T19:14:00Z,,Katherine Higgins,,2025-01-22T22:32:38Z,,,Active,,,31490350,52a90e86-e2d1-ef11-8eea-6045bd0810d0,72ea4760-2f38-ef11-840a-6045bd03203c,,72ea4760-2f38-ef11-840a-6045bd03203c,,72ea4760-2f38-ef11-840a-6045bd03203c,dc5c7cb8-6921-ef11-840b-0022480a10b0,
A2,Contractual adjustment.,Katherine Higgins,rhaildev,Active,CARC,Katherine Higgins,,2025-01-13T19:14:00Z,,Katherine Higgins,,2025-01-22T22:32:43Z,,,Active,,,31490352,53a90e86-e2d1-ef11-8eea-6045bd0810d0,72ea4760-2f38-ef11-840a-6045bd03203c,,72ea4760-2f38-ef11-840a-6045bd03203c,,72ea4760-2f38-ef11-840a-6045bd03203c,dc5c7cb8-6921-ef11-840b-0022480a10b0,
A3,Medicare Secondary Payer liability met.,Katherine Higgins,rhaildev,Active,CARC,Katherine Higgins,,2025-01-13T19:14:00Z,,Katherine Higgins,,2025-01-22T22:32:47Z,,,Active,,,31490354,54a90e86-e2d1-ef11-8eea-6045bd0810d0,72ea4760-2f38-ef11-840a-6045bd03203c,,72ea4760-2f38-ef11-840a-6045bd03203c,,72ea4760-2f38-ef11-840a-6045bd03203c,dc5c7cb8-6921-ef11-840b-0022480a10b0,
A4,Medicare Claim PPS Capital Day Outlier Amount.,Katherine Higgins,rhaildev,Active,CARC,Katherine Higgins,,2025-01-13T19:14:00Z,,Katherine Higgins,,2025-01-22T22:32:50Z,,,Active,,,31490356,55a90e86-e2d1-ef11-8eea-6045bd0810d0,72ea4760-2f38-ef11-840a-6045bd03203c,,72ea4760-2f38-ef11-840a-6045bd03203c,,72ea4760-2f38-ef11-840a-6045bd03203c,dc5c7cb8-6921-ef11-840b-0022480a10b0,
A5,Medicare Claim PPS Capital Cost Outlier Amount.,Katherine Higgins,rhaildev,Active,CARC,Katherine Higgins,,2025-01-13T19:14:00Z,,Katherine Higgins,,2025-01-22T22:32:53Z,,,Active,,,31490358,56a90e86-e2d1-ef11-8eea-6045bd0810d0,72ea4760-2f38-ef11-840a-6045bd03203c,,72ea4760-2f38-ef11-840a-6045bd03203c,,72ea4760-2f38-ef11-840a-6045bd03203c,dc5c7cb8-6921-ef11-840b-0022480a10b0,
A6,Prior hospitalization or 30 day transfer requirement not met.,Katherine Higgins,rhaildev,Active,CARC,Katherine Higgins,,2025-01-13T19:14:00Z,,Katherine Higgins,,2025-01-22T22:32:56Z,,,Active,,,31490360,57a90e86-e2d1-ef11-8eea-6045bd0810d0,72ea4760-2f38-ef11-840a-6045bd03203c,,72ea4760-2f38-ef11-840a-6045bd03203c,,72ea4760-2f38-ef11-840a-6045bd03203c,dc5c7cb8-6921-ef11-840b-0022480a10b0,
A7,Presumptive Payment Adjustment,Katherine Higgins,rhaildev,Active,CARC,Katherine Higgins,,2025-01-13T19:14:00Z,,Katherine Higgins,,2025-01-22T22:33:00Z,,,Active,,,31490362,58a90e86-e2d1-ef11-8eea-6045bd0810d0,72ea4760-2f38-ef11-840a-6045bd03203c,,72ea4760-2f38-ef11-840a-6045bd03203c,,72ea4760-2f38-ef11-840a-6045bd03203c,dc5c7cb8-6921-ef11-840b-0022480a10b0,
A8,Ungroupable DRG.,Katherine Higgins,rhaildev,Active,CARC,Katherine Higgins,,2025-01-13T19:14:00Z,,Katherine Higgins,,2025-01-22T22:33:03Z,,,Active,,,31490364,59a90e86-e2d1-ef11-8eea-6045bd0810d0,72ea4760-2f38-ef11-840a-6045bd03203c,,72ea4760-2f38-ef11-840a-6045bd03203c,,72ea4760-2f38-ef11-840a-6045bd03203c,dc5c7cb8-6921-ef11-840b-0022480a10b0,
B1,Non-covered visits.,Katherine Higgins,rhaildev,Active,CARC,Katherine Higgins,,2025-01-13T19:14:00Z,,Katherine Higgins,,2025-01-22T22:33:15Z,,,Active,,,31490370,5aa90e86-e2d1-ef11-8eea-6045bd0810d0,72ea4760-2f38-ef11-840a-6045bd03203c,,72ea4760-2f38-ef11-840a-6045bd03203c,,72ea4760-2f38-ef11-840a-6045bd03203c,dc5c7cb8-6921-ef11-840b-0022480a10b0,
B2,Covered visits.,Katherine Higgins,rhaildev,Active,CARC,Katherine Higgins,,2025-01-13T19:14:00Z,,Katherine Higgins,,2025-01-22T22:33:20Z,,,Active,,,31490372,5ba90e86-e2d1-ef11-8eea-6045bd0810d0,72ea4760-2f38-ef11-840a-6045bd03203c,,72ea4760-2f38-ef11-840a-6045bd03203c,,72ea4760-2f38-ef11-840a-6045bd03203c,dc5c7cb8-6921-ef11-840b-0022480a10b0,
B3,Covered charges.,Katherine Higgins,rhaildev,Active,CARC,Katherine Higgins,,2025-01-13T19:14:00Z,,Katherine Higgins,,2025-01-22T22:33:23Z,,,Active,,,31490374,5ca90e86-e2d1-ef11-8eea-6045bd0810d0,72ea4760-2f38-ef11-840a-6045bd03203c,,72ea4760-2f38-ef11-840a-6045bd03203c,,72ea4760-2f38-ef11-840a-6045bd03203c,dc5c7cb8-6921-ef11-840b-0022480a10b0,
B4,Late filing penalty.,Katherine Higgins,rhaildev,Active,CARC,Katherine Higgins,,2025-01-13T19:14:00Z,,Katherine Higgins,,2025-01-22T22:33:26Z,,,Active,,,31490376,5da90e86-e2d1-ef11-8eea-6045bd0810d0,72ea4760-2f38-ef11-840a-6045bd03203c,,72ea4760-2f38-ef11-840a-6045bd03203c,,72ea4760-2f38-ef11-840a-6045bd03203c,dc5c7cb8-6921-ef11-840b-0022480a10b0,
B5,Coverage/program guidelines were not met or were exceeded.,Katherine Higgins,rhaildev,Active,CARC,Katherine Higgins,,2025-01-13T19:14:00Z,,Katherine Higgins,,2025-01-22T22:33:29Z,,,Active,,,31490378,5ea90e86-e2d1-ef11-8eea-6045bd0810d0,72ea4760-2f38-ef11-840a-6045bd03203c,,72ea4760-2f38-ef11-840a-6045bd03203c,,72ea4760-2f38-ef11-840a-6045bd03203c,dc5c7cb8-6921-ef11-840b-0022480a10b0,
B6,"This payment is adjusted when performed/billed by this type of provider, by this type of provider in this type of facility, or by a provider of this specialty.",Katherine Higgins,rhaildev,Active,CARC,Katherine Higgins,,2025-01-13T19:14:00Z,,Katherine Higgins,,2025-01-22T22:33:33Z,,,Active,,,31490380,5fa90e86-e2d1-ef11-8eea-6045bd0810d0,72ea4760-2f38-ef11-840a-6045bd03203c,,72ea4760-2f38-ef11-840a-6045bd03203c,,72ea4760-2f38-ef11-840a-6045bd03203c,dc5c7cb8-6921-ef11-840b-0022480a10b0,
B7,"This provider was not certified/eligible to be paid for this procedure/service on this date of service. Usage: Refer to the 835 Healthcare Policy Identification Segment (loop 2110 Service Payment Information REF), if present.",Katherine Higgins,rhaildev,Active,CARC,Katherine Higgins,,2025-01-13T19:14:00Z,,Katherine Higgins,,2025-01-22T22:33:38Z,,,Active,,,31490382,60a90e86-e2d1-ef11-8eea-6045bd0810d0,72ea4760-2f38-ef11-840a-6045bd03203c,,72ea4760-2f38-ef11-840a-6045bd03203c,,72ea4760-2f38-ef11-840a-6045bd03203c,dc5c7cb8-6921-ef11-840b-0022480a10b0,
B8,"Alternative services were available, and should have been utilized. Usage: Refer to the 835 Healthcare Policy Identification Segment (loop 2110 Service Payment Information REF), if present.",Katherine Higgins,rhaildev,Active,CARC,Katherine Higgins,,2025-01-13T19:14:00Z,,Katherine Higgins,,2025-01-22T22:33:43Z,,,Active,,,31490384,61a90e86-e2d1-ef11-8eea-6045bd0810d0,72ea4760-2f38-ef11-840a-6045bd03203c,,72ea4760-2f38-ef11-840a-6045bd03203c,,72ea4760-2f38-ef11-840a-6045bd03203c,dc5c7cb8-6921-ef11-840b-0022480a10b0,
B9,Patient is enrolled in a Hospice.,Katherine Higgins,rhaildev,Active,CARC,Katherine Higgins,,2025-01-13T19:14:00Z,,Katherine Higgins,,2025-01-22T22:33:48Z,,,Active,,,31490386,62a90e86-e2d1-ef11-8eea-6045bd0810d0,72ea4760-2f38-ef11-840a-6045bd03203c,,72ea4760-2f38-ef11-840a-6045bd03203c,,72ea4760-2f38-ef11-840a-6045bd03203c,dc5c7cb8-6921-ef11-840b-0022480a10b0,
B10,Allowed amount has been reduced because a component of the basic procedure/test was paid. The beneficiary is not liable for more than the charge limit for the basic procedure/test.,Katherine Higgins,rhaildev,Active,CARC,Katherine Higgins,,2025-01-13T19:14:00Z,,Katherine Higgins,,2025-01-21T22:49:11Z,,,Active,,,31471178,63a90e86-e2d1-ef11-8eea-6045bd0810d0,72ea4760-2f38-ef11-840a-6045bd03203c,,72ea4760-2f38-ef11-840a-6045bd03203c,,72ea4760-2f38-ef11-840a-6045bd03203c,dc5c7cb8-6921-ef11-840b-0022480a10b0,
B11,The claim/service has been transferred to the proper payer/processor for processing. Claim/service not covered by this payer/processor.,Katherine Higgins,rhaildev,Active,CARC,Katherine Higgins,,2025-01-13T19:14:00Z,,Katherine Higgins,,2025-01-21T22:49:11Z,,,Active,,,31471180,64a90e86-e2d1-ef11-8eea-6045bd0810d0,72ea4760-2f38-ef11-840a-6045bd03203c,,72ea4760-2f38-ef11-840a-6045bd03203c,,72ea4760-2f38-ef11-840a-6045bd03203c,dc5c7cb8-6921-ef11-840b-0022480a10b0,
B12,Services not documented in patient's medical records.,Katherine Higgins,rhaildev,Active,CARC,Katherine Higgins,,2025-01-13T19:14:00Z,,Katherine Higgins,,2025-01-21T22:49:11Z,,,Active,,,31471181,65a90e86-e2d1-ef11-8eea-6045bd0810d0,72ea4760-2f38-ef11-840a-6045bd03203c,,72ea4760-2f38-ef11-840a-6045bd03203c,,72ea4760-2f38-ef11-840a-6045bd03203c,dc5c7cb8-6921-ef11-840b-0022480a10b0,
B13,Previously paid. Payment for this claim/service may have been provided in a previous payment.,Katherine Higgins,rhaildev,Active,CARC,Katherine Higgins,,2025-01-13T19:14:00Z,,Katherine Higgins,,2025-01-21T22:49:11Z,,,Active,,,31471182,66a90e86-e2d1-ef11-8eea-6045bd0810d0,72ea4760-2f38-ef11-840a-6045bd03203c,,72ea4760-2f38-ef11-840a-6045bd03203c,,72ea4760-2f38-ef11-840a-6045bd03203c,dc5c7cb8-6921-ef11-840b-0022480a10b0,
B14,Only one visit or consultation per physician per day is covered.,Katherine Higgins,rhaildev,Active,CARC,Katherine Higgins,,2025-01-13T19:14:00Z,,Katherine Higgins,,2025-01-21T22:49:11Z,,,Active,,,31471183,67a90e86-e2d1-ef11-8eea-6045bd0810d0,72ea4760-2f38-ef11-840a-6045bd03203c,,72ea4760-2f38-ef11-840a-6045bd03203c,,72ea4760-2f38-ef11-840a-6045bd03203c,dc5c7cb8-6921-ef11-840b-0022480a10b0,
B15,"This service/procedure requires that a qualifying service/procedure be received and covered. The qualifying other service/procedure has not been received/adjudicated. Usage: Refer to the 835 Healthcare Policy Identification Segment (loop 2110 Service Payment Information REF), if present.",Katherine Higgins,rhaildev,Active,CARC,Katherine Higgins,,2025-01-13T19:14:00Z,,Katherine Higgins,,2025-01-21T22:49:11Z,,,Active,,,31471184,68a90e86-e2d1-ef11-8eea-6045bd0810d0,72ea4760-2f38-ef11-840a-6045bd03203c,,72ea4760-2f38-ef11-840a-6045bd03203c,,72ea4760-2f38-ef11-840a-6045bd03203c,dc5c7cb8-6921-ef11-840b-0022480a10b0,
B16,New Patient' qualifications were not met.,Katherine Higgins,rhaildev,Active,CARC,Katherine Higgins,,2025-01-13T19:14:00Z,,Katherine Higgins,,2025-01-21T22:49:11Z,,,Active,,,31471185,69a90e86-e2d1-ef11-8eea-6045bd0810d0,72ea4760-2f38-ef11-840a-6045bd03203c,,72ea4760-2f38-ef11-840a-6045bd03203c,,72ea4760-2f38-ef11-840a-6045bd03203c,dc5c7cb8-6921-ef11-840b-0022480a10b0,
B17,"Payment adjusted because this service was not prescribed by a physician, not prescribed prior to delivery, the prescription is incomplete, or the prescription is not current.",Katherine Higgins,rhaildev,Active,CARC,Katherine Higgins,,2025-01-13T19:14:00Z,,Katherine Higgins,,2025-01-21T22:49:11Z,,,Active,,,31471186,6aa90e86-e2d1-ef11-8eea-6045bd0810d0,72ea4760-2f38-ef11-840a-6045bd03203c,,72ea4760-2f38-ef11-840a-6045bd03203c,,72ea4760-2f38-ef11-840a-6045bd03203c,dc5c7cb8-6921-ef11-840b-0022480a10b0,
B18,This procedure code and modifier were invalid on the date of service.,Katherine Higgins,rhaildev,Active,CARC,Katherine Higgins,,2025-01-13T19:14:01Z,,Katherine Higgins,,2025-01-21T22:49:11Z,,,Active,,,31471187,6ba90e86-e2d1-ef11-8eea-6045bd0810d0,72ea4760-2f38-ef11-840a-6045bd03203c,,72ea4760-2f38-ef11-840a-6045bd03203c,,72ea4760-2f38-ef11-840a-6045bd03203c,dc5c7cb8-6921-ef11-840b-0022480a10b0,
B19,Claim/service adjusted because of the finding of a Review Organization.,Katherine Higgins,rhaildev,Active,CARC,Katherine Higgins,,2025-01-13T19:14:01Z,,Katherine Higgins,,2025-01-21T22:49:11Z,,,Active,,,31471188,6ca90e86-e2d1-ef11-8eea-6045bd0810d0,72ea4760-2f38-ef11-840a-6045bd03203c,,72ea4760-2f38-ef11-840a-6045bd03203c,,72ea4760-2f38-ef11-840a-6045bd03203c,dc5c7cb8-6921-ef11-840b-0022480a10b0,
B20,Procedure/service was partially or fully furnished by another provider.,Katherine Higgins,rhaildev,Active,CARC,Katherine Higgins,,2025-01-13T19:14:01Z,,Katherine Higgins,,2025-01-21T22:49:11Z,,,Active,,,31471189,6da90e86-e2d1-ef11-8eea-6045bd0810d0,72ea4760-2f38-ef11-840a-6045bd03203c,,72ea4760-2f38-ef11-840a-6045bd03203c,,72ea4760-2f38-ef11-840a-6045bd03203c,dc5c7cb8-6921-ef11-840b-0022480a10b0,
B21,The charges were reduced because the service/care was partially furnished by another physician.,Katherine Higgins,rhaildev,Active,CARC,Katherine Higgins,,2025-01-13T19:14:01Z,,Katherine Higgins,,2025-01-21T22:49:11Z,,,Active,,,31471190,6ea90e86-e2d1-ef11-8eea-6045bd0810d0,72ea4760-2f38-ef11-840a-6045bd03203c,,72ea4760-2f38-ef11-840a-6045bd03203c,,72ea4760-2f38-ef11-840a-6045bd03203c,dc5c7cb8-6921-ef11-840b-0022480a10b0,
B22,This payment is adjusted based on the diagnosis.,Katherine Higgins,rhaildev,Active,CARC,Katherine Higgins,,2025-01-13T19:14:01Z,,Katherine Higgins,,2025-01-21T22:49:12Z,,,Active,,,31471191,6fa90e86-e2d1-ef11-8eea-6045bd0810d0,72ea4760-2f38-ef11-840a-6045bd03203c,,72ea4760-2f38-ef11-840a-6045bd03203c,,72ea4760-2f38-ef11-840a-6045bd03203c,dc5c7cb8-6921-ef11-840b-0022480a10b0,
B23,Procedure billed is not authorized per your Clinical Laboratory Improvement Amendment (CLIA) proficiency test.,Katherine Higgins,rhaildev,Active,CARC,Katherine Higgins,,2025-01-13T19:14:01Z,,Katherine Higgins,,2025-01-21T22:49:12Z,,,Active,,,31471192,70a90e86-e2d1-ef11-8eea-6045bd0810d0,72ea4760-2f38-ef11-840a-6045bd03203c,,72ea4760-2f38-ef11-840a-6045bd03203c,,72ea4760-2f38-ef11-840a-6045bd03203c,dc5c7cb8-6921-ef11-840b-0022480a10b0,
D1,Claim/service denied. Level of subluxation is missing or inadequate.,Katherine Higgins,rhaildev,Active,CARC,Katherine Higgins,,2025-01-13T19:14:01Z,,Katherine Higgins,,2025-01-22T22:33:51Z,,,Active,,,31490388,71a90e86-e2d1-ef11-8eea-6045bd0810d0,72ea4760-2f38-ef11-840a-6045bd03203c,,72ea4760-2f38-ef11-840a-6045bd03203c,,72ea4760-2f38-ef11-840a-6045bd03203c,dc5c7cb8-6921-ef11-840b-0022480a10b0,
D2,"Claim lacks the name, strength, or dosage of the drug furnished.
Start: 01/01/1995 | Stop: 10/16/2003
Notes: Use code 16 and remark codes if necessary.",Katherine Higgins,rhaildev,Active,CARC,Katherine Higgins,,2025-01-13T19:14:01Z,,Katherine Higgins,,2025-01-13T19:14:01Z,,,Active,,,30854106,72a90e86-e2d1-ef11-8eea-6045bd0810d0,72ea4760-2f38-ef11-840a-6045bd03203c,,72ea4760-2f38-ef11-840a-6045bd03203c,,72ea4760-2f38-ef11-840a-6045bd03203c,dc5c7cb8-6921-ef11-840b-0022480a10b0,
D3,Claim/service denied because information to indicate if the patient owns the equipment that requires the part or supply was missing.,Katherine Higgins,rhaildev,Active,CARC,Katherine Higgins,,2025-01-13T19:14:01Z,,Katherine Higgins,,2025-01-22T22:34:19Z,,,Active,,,31490400,73a90e86-e2d1-ef11-8eea-6045bd0810d0,72ea4760-2f38-ef11-840a-6045bd03203c,,72ea4760-2f38-ef11-840a-6045bd03203c,,72ea4760-2f38-ef11-840a-6045bd03203c,dc5c7cb8-6921-ef11-840b-0022480a10b0,
D4,Claim/service does not indicate the period of time for which this will be needed.,Katherine Higgins,rhaildev,Active,CARC,Katherine Higgins,,2025-01-13T19:14:01Z,,Katherine Higgins,,2025-01-22T22:34:22Z,,,Active,,,31490402,74a90e86-e2d1-ef11-8eea-6045bd0810d0,72ea4760-2f38-ef11-840a-6045bd03203c,,72ea4760-2f38-ef11-840a-6045bd03203c,,72ea4760-2f38-ef11-840a-6045bd03203c,dc5c7cb8-6921-ef11-840b-0022480a10b0,
D5,Claim/service denied. Claim lacks individual lab codes included in the test.,Katherine Higgins,rhaildev,Active,CARC,Katherine Higgins,,2025-01-13T19:14:01Z,,Katherine Higgins,,2025-01-22T22:34:25Z,,,Active,,,31490404,75a90e86-e2d1-ef11-8eea-6045bd0810d0,72ea4760-2f38-ef11-840a-6045bd03203c,,72ea4760-2f38-ef11-840a-6045bd03203c,,72ea4760-2f38-ef11-840a-6045bd03203c,dc5c7cb8-6921-ef11-840b-0022480a10b0,
D6,Claim/service denied. Claim did not include patient's medical record for the service.,Katherine Higgins,rhaildev,Active,CARC,Katherine Higgins,,2025-01-13T19:14:01Z,,Katherine Higgins,,2025-01-22T22:34:29Z,,,Active,,,31490406,76a90e86-e2d1-ef11-8eea-6045bd0810d0,72ea4760-2f38-ef11-840a-6045bd03203c,,72ea4760-2f38-ef11-840a-6045bd03203c,,72ea4760-2f38-ef11-840a-6045bd03203c,dc5c7cb8-6921-ef11-840b-0022480a10b0,
D7,Claim/service denied. Claim lacks date of patient's most recent physician visit.,Katherine Higgins,rhaildev,Active,CARC,Katherine Higgins,,2025-01-13T19:14:01Z,,Katherine Higgins,,2025-01-22T22:34:32Z,,,Active,,,31490408,77a90e86-e2d1-ef11-8eea-6045bd0810d0,72ea4760-2f38-ef11-840a-6045bd03203c,,72ea4760-2f38-ef11-840a-6045bd03203c,,72ea4760-2f38-ef11-840a-6045bd03203c,dc5c7cb8-6921-ef11-840b-0022480a10b0,
D8,Claim/service denied. Claim lacks indicator that 'x-ray is available for review.',Katherine Higgins,rhaildev,Active,CARC,Katherine Higgins,,2025-01-13T19:14:01Z,,Katherine Higgins,,2025-01-22T22:34:35Z,,,Active,,,31490410,78a90e86-e2d1-ef11-8eea-6045bd0810d0,72ea4760-2f38-ef11-840a-6045bd03203c,,72ea4760-2f38-ef11-840a-6045bd03203c,,72ea4760-2f38-ef11-840a-6045bd03203c,dc5c7cb8-6921-ef11-840b-0022480a10b0,
D9,"Claim/service denied. Claim lacks invoice or statement certifying the actual cost of the lens, less discounts or the type of intraocular lens used.
Notes: Use code 16 and remark codes if necessary.",Katherine Higgins,rhaildev,Active,CARC,Katherine Higgins,,2025-01-13T19:14:01Z,,Katherine Higgins,,2025-01-22T22:34:40Z,,,Active,,,31490412,79a90e86-e2d1-ef11-8eea-6045bd0810d0,72ea4760-2f38-ef11-840a-6045bd03203c,,72ea4760-2f38-ef11-840a-6045bd03203c,,72ea4760-2f38-ef11-840a-6045bd03203c,dc5c7cb8-6921-ef11-840b-0022480a10b0,
D10,Claim/service denied. Completed physician financial relationship form not on file.,Katherine Higgins,rhaildev,Active,CARC,Katherine Higgins,,2025-01-13T19:14:01Z,,Katherine Higgins,,2025-01-22T22:33:55Z,,,Active,,,31490390,7aa90e86-e2d1-ef11-8eea-6045bd0810d0,72ea4760-2f38-ef11-840a-6045bd03203c,,72ea4760-2f38-ef11-840a-6045bd03203c,,72ea4760-2f38-ef11-840a-6045bd03203c,dc5c7cb8-6921-ef11-840b-0022480a10b0,
D11,Claim lacks completed pacemaker registration form.,Katherine Higgins,rhaildev,Active,CARC,Katherine Higgins,,2025-01-13T19:14:01Z,,Katherine Higgins,,2025-01-22T22:33:58Z,,,Active,,,31490392,7ba90e86-e2d1-ef11-8eea-6045bd0810d0,72ea4760-2f38-ef11-840a-6045bd03203c,,72ea4760-2f38-ef11-840a-6045bd03203c,,72ea4760-2f38-ef11-840a-6045bd03203c,dc5c7cb8-6921-ef11-840b-0022480a10b0,
D12,Claim/service denied. Claim does not identify who performed the purchased diagnostic test or the amount you were charged for the test.,Katherine Higgins,rhaildev,Active,CARC,Katherine Higgins,,2025-01-13T19:14:01Z,,Katherine Higgins,,2025-01-22T22:34:01Z,,,Active,,,31490394,7ca90e86-e2d1-ef11-8eea-6045bd0810d0,72ea4760-2f38-ef11-840a-6045bd03203c,,72ea4760-2f38-ef11-840a-6045bd03203c,,72ea4760-2f38-ef11-840a-6045bd03203c,dc5c7cb8-6921-ef11-840b-0022480a10b0,
D13,Claim/service denied. Performed by a facility/supplier in which the ordering/referring physician has a financial interest.,Katherine Higgins,rhaildev,Active,CARC,Katherine Higgins,,2025-01-13T19:14:01Z,,Katherine Higgins,,2025-01-22T22:34:04Z,,,Active,,,31490396,7da90e86-e2d1-ef11-8eea-6045bd0810d0,72ea4760-2f38-ef11-840a-6045bd03203c,,72ea4760-2f38-ef11-840a-6045bd03203c,,72ea4760-2f38-ef11-840a-6045bd03203c,dc5c7cb8-6921-ef11-840b-0022480a10b0,
D14,"Claim lacks indication that plan of treatment is on file.
Notes: Use code 17.",Katherine Higgins,rhaildev,Active,CARC,Katherine Higgins,,2025-01-13T19:14:01Z,,Katherine Higgins,,2025-01-22T22:34:10Z,,,Active,,,31490398,7ea90e86-e2d1-ef11-8eea-6045bd0810d0,72ea4760-2f38-ef11-840a-6045bd03203c,,72ea4760-2f38-ef11-840a-6045bd03203c,,72ea4760-2f38-ef11-840a-6045bd03203c,dc5c7cb8-6921-ef11-840b-0022480a10b0,
D15,Claim lacks indication that service was supervised or evaluated by a physician.,Katherine Higgins,rhaildev,Active,CARC,Katherine Higgins,,2025-01-13T19:14:01Z,,Katherine Higgins,,2025-01-21T22:49:12Z,,,Active,,,31471193,7fa90e86-e2d1-ef11-8eea-6045bd0810d0,72ea4760-2f38-ef11-840a-6045bd03203c,,72ea4760-2f38-ef11-840a-6045bd03203c,,72ea4760-2f38-ef11-840a-6045bd03203c,dc5c7cb8-6921-ef11-840b-0022480a10b0,
D16,Claim lacks prior payer payment information.,Katherine Higgins,rhaildev,Active,CARC,Katherine Higgins,,2025-01-13T19:14:01Z,,Katherine Higgins,,2025-01-21T22:49:12Z,,,Active,,,31471194,80a90e86-e2d1-ef11-8eea-6045bd0810d0,72ea4760-2f38-ef11-840a-6045bd03203c,,72ea4760-2f38-ef11-840a-6045bd03203c,,72ea4760-2f38-ef11-840a-6045bd03203c,dc5c7cb8-6921-ef11-840b-0022480a10b0,
D17,Claim/Service has invalid non-covered days.,Katherine Higgins,rhaildev,Active,CARC,Katherine Higgins,,2025-01-13T19:14:01Z,,Katherine Higgins,,2025-01-21T22:49:12Z,,,Active,,,31471195,81a90e86-e2d1-ef11-8eea-6045bd0810d0,72ea4760-2f38-ef11-840a-6045bd03203c,,72ea4760-2f38-ef11-840a-6045bd03203c,,72ea4760-2f38-ef11-840a-6045bd03203c,dc5c7cb8-6921-ef11-840b-0022480a10b0,
D18,Claim/Service has missing diagnosis information.,Katherine Higgins,rhaildev,Active,CARC,Katherine Higgins,,2025-01-13T19:14:01Z,,Katherine Higgins,,2025-01-21T22:49:12Z,,,Active,,,31471196,82a90e86-e2d1-ef11-8eea-6045bd0810d0,72ea4760-2f38-ef11-840a-6045bd03203c,,72ea4760-2f38-ef11-840a-6045bd03203c,,72ea4760-2f38-ef11-840a-6045bd03203c,dc5c7cb8-6921-ef11-840b-0022480a10b0,
D19,Claim/Service lacks Physician/Operative or other supporting documentation,Katherine Higgins,rhaildev,Active,CARC,Katherine Higgins,,2025-01-13T19:14:01Z,,Katherine Higgins,,2025-01-21T22:49:12Z,,,Active,,,31471197,83a90e86-e2d1-ef11-8eea-6045bd0810d0,72ea4760-2f38-ef11-840a-6045bd03203c,,72ea4760-2f38-ef11-840a-6045bd03203c,,72ea4760-2f38-ef11-840a-6045bd03203c,dc5c7cb8-6921-ef11-840b-0022480a10b0,
D20,Claim/Service missing service/product information.,Katherine Higgins,rhaildev,Active,CARC,Katherine Higgins,,2025-01-13T19:14:01Z,,Katherine Higgins,,2025-01-21T22:49:12Z,,,Active,,,31471198,84a90e86-e2d1-ef11-8eea-6045bd0810d0,72ea4760-2f38-ef11-840a-6045bd03203c,,72ea4760-2f38-ef11-840a-6045bd03203c,,72ea4760-2f38-ef11-840a-6045bd03203c,dc5c7cb8-6921-ef11-840b-0022480a10b0,
D21,This (these) diagnosis(es) is (are) missing or are invalid,Katherine Higgins,rhaildev,Active,CARC,Katherine Higgins,,2025-01-13T19:14:01Z,,Katherine Higgins,,2025-01-21T22:49:12Z,,,Active,,,31471199,85a90e86-e2d1-ef11-8eea-6045bd0810d0,72ea4760-2f38-ef11-840a-6045bd03203c,,72ea4760-2f38-ef11-840a-6045bd03203c,,72ea4760-2f38-ef11-840a-6045bd03203c,dc5c7cb8-6921-ef11-840b-0022480a10b0,
D22,Reimbursement was adjusted for the reasons to be provided in separate correspondence. (Note: To be used for Workers' Compensation only) - Temporary code to be added for timeframe only until 01/01/2009. Another code to be established and/or for 06/2008 meeting for a revised code to replace or strategy to use another existing code,Katherine Higgins,rhaildev,Active,CARC,Katherine Higgins,,2025-01-13T19:14:01Z,,Katherine Higgins,,2025-01-21T22:49:12Z,,,Active,,,31471200,86a90e86-e2d1-ef11-8eea-6045bd0810d0,72ea4760-2f38-ef11-840a-6045bd03203c,,72ea4760-2f38-ef11-840a-6045bd03203c,,72ea4760-2f38-ef11-840a-6045bd03203c,dc5c7cb8-6921-ef11-840b-0022480a10b0,
D23,"This dual eligible patient is covered by Medicare Part D per Medicare Retro-Eligibility. At least one Remark Code must be provided (may be comprised of either the NCPDP Reject Reason Code, or Remittance Advice Remark Code that is not an ALERT.)",Katherine Higgins,rhaildev,Active,CARC,Katherine Higgins,,2025-01-13T19:14:01Z,,Katherine Higgins,,2025-01-21T22:49:12Z,,,Active,,,31471201,87a90e86-e2d1-ef11-8eea-6045bd0810d0,72ea4760-2f38-ef11-840a-6045bd03203c,,72ea4760-2f38-ef11-840a-6045bd03203c,,72ea4760-2f38-ef11-840a-6045bd03203c,dc5c7cb8-6921-ef11-840b-0022480a10b0,
P1,"State-mandated Requirement for Property and Casualty, see Claim Payment Remarks Code for specific explanation. To be used for Property and Casualty only.",Katherine Higgins,rhaildev,Active,CARC,Katherine Higgins,,2025-01-13T19:14:01Z,,Katherine Higgins,,2025-01-21T22:49:12Z,,,Active,,,31471202,88a90e86-e2d1-ef11-8eea-6045bd0810d0,72ea4760-2f38-ef11-840a-6045bd03203c,,72ea4760-2f38-ef11-840a-6045bd03203c,,72ea4760-2f38-ef11-840a-6045bd03203c,dc5c7cb8-6921-ef11-840b-0022480a10b0,
P2,"Not a work related injury/illness and thus not the liability of the workers' compensation carrier Usage: If adjustment is at the Claim Level, the payer must send and the provider should refer to the 835 Insurance Policy Number Segment (Loop 2100 Other Claim Related Information REF qualifier 'IG') for the jurisdictional regulation. If adjustment is at the Line Level, the payer must send and the provider should refer to the 835 Healthcare Policy Identification Segment (loop 2110 Service Payment information REF). To be used for Workers' Compensation only.",Katherine Higgins,rhaildev,Active,CARC,Katherine Higgins,,2025-01-13T19:14:01Z,,Katherine Higgins,,2025-01-21T22:49:12Z,,,Active,,,31471203,89a90e86-e2d1-ef11-8eea-6045bd0810d0,72ea4760-2f38-ef11-840a-6045bd03203c,,72ea4760-2f38-ef11-840a-6045bd03203c,,72ea4760-2f38-ef11-840a-6045bd03203c,dc5c7cb8-6921-ef11-840b-0022480a10b0,
P3,Workers' Compensation case settled. Patient is responsible for amount of this claim/service through WC 'Medicare set aside arrangement' or other agreement. To be used for Workers' Compensation only. (Use only with Group Code PR),Katherine Higgins,rhaildev,Active,CARC,Katherine Higgins,,2025-01-13T19:14:01Z,,Katherine Higgins,,2025-01-21T22:49:12Z,,,Active,,,31471204,8aa90e86-e2d1-ef11-8eea-6045bd0810d0,72ea4760-2f38-ef11-840a-6045bd03203c,,72ea4760-2f38-ef11-840a-6045bd03203c,,72ea4760-2f38-ef11-840a-6045bd03203c,dc5c7cb8-6921-ef11-840b-0022480a10b0,
P4,"Workers' Compensation claim adjudicated as non-compensable. This Payer not liable for claim or service/treatment. Usage: If adjustment is at the Claim Level, the payer must send and the provider should refer to the 835 Insurance Policy Number Segment (Loop 2100 Other Claim Related Information REF qualifier 'IG') for the jurisdictional regulation. If adjustment is at the Line Level, the payer must send and the provider should refer to the 835 Healthcare Policy Identification Segment (loop 2110 Service Payment information REF). To be used for Workers' Compensation only",Katherine Higgins,rhaildev,Active,CARC,Katherine Higgins,,2025-01-13T19:14:01Z,,Katherine Higgins,,2025-01-21T22:49:12Z,,,Active,,,31471205,8ba90e86-e2d1-ef11-8eea-6045bd0810d0,72ea4760-2f38-ef11-840a-6045bd03203c,,72ea4760-2f38-ef11-840a-6045bd03203c,,72ea4760-2f38-ef11-840a-6045bd03203c,dc5c7cb8-6921-ef11-840b-0022480a10b0,
P5,Based on payer reasonable and customary fees. No maximum allowable defined by legislated fee arrangement. To be used for Property and Casualty only.,Katherine Higgins,rhaildev,Active,CARC,Katherine Higgins,,2025-01-13T19:14:01Z,,Katherine Higgins,,2025-01-21T22:49:12Z,,,Active,,,31471206,8ca90e86-e2d1-ef11-8eea-6045bd0810d0,72ea4760-2f38-ef11-840a-6045bd03203c,,72ea4760-2f38-ef11-840a-6045bd03203c,,72ea4760-2f38-ef11-840a-6045bd03203c,dc5c7cb8-6921-ef11-840b-0022480a10b0,
P6,"Based on entitlement to benefits. Usage: If adjustment is at the Claim Level, the payer must send and the provider should refer to the 835 Insurance Policy Number Segment (Loop 2100 Other Claim Related Information REF qualifier 'IG') for the jurisdictional regulation. If adjustment is at the Line Level, the payer must send and the provider should refer to the 835 Healthcare Policy Identification Segment (loop 2110 Service Payment information REF). To be used for Property and Casualty only.",Katherine Higgins,rhaildev,Active,CARC,Katherine Higgins,,2025-01-13T19:14:01Z,,Katherine Higgins,,2025-01-21T22:49:12Z,,,Active,,,31471207,8da90e86-e2d1-ef11-8eea-6045bd0810d0,72ea4760-2f38-ef11-840a-6045bd03203c,,72ea4760-2f38-ef11-840a-6045bd03203c,,72ea4760-2f38-ef11-840a-6045bd03203c,dc5c7cb8-6921-ef11-840b-0022480a10b0,
P7,The applicable fee schedule/fee database does not contain the billed code. Please resubmit a bill with the appropriate fee schedule/fee database code(s) that best describe the service(s) provided and supporting documentation if required. To be used for Property and Casualty only.,Katherine Higgins,rhaildev,Active,CARC,Katherine Higgins,,2025-01-13T19:14:01Z,,Katherine Higgins,,2025-01-21T22:49:12Z,,,Active,,,31471208,8ea90e86-e2d1-ef11-8eea-6045bd0810d0,72ea4760-2f38-ef11-840a-6045bd03203c,,72ea4760-2f38-ef11-840a-6045bd03203c,,72ea4760-2f38-ef11-840a-6045bd03203c,dc5c7cb8-6921-ef11-840b-0022480a10b0,
P8,"Claim is under investigation. Usage: If adjustment is at the Claim Level, the payer must send and the provider should refer to the 835 Insurance Policy Number Segment (Loop 2100 Other Claim Related Information REF qualifier 'IG') for the jurisdictional regulation. If adjustment is at the Line Level, the payer must send and the provider should refer to the 835 Healthcare Policy Identification Segment (loop 2110 Service Payment information REF). To be used for Property and Casualty only.",Katherine Higgins,rhaildev,Active,CARC,Katherine Higgins,,2025-01-13T19:14:01Z,,Katherine Higgins,,2025-01-21T22:49:12Z,,,Active,,,31471209,8fa90e86-e2d1-ef11-8eea-6045bd0810d0,72ea4760-2f38-ef11-840a-6045bd03203c,,72ea4760-2f38-ef11-840a-6045bd03203c,,72ea4760-2f38-ef11-840a-6045bd03203c,dc5c7cb8-6921-ef11-840b-0022480a10b0,
P9,No available or correlating CPT/HCPCS code to describe this service. To be used for Property and Casualty only.,Katherine Higgins,rhaildev,Active,CARC,Katherine Higgins,,2025-01-13T19:14:01Z,,Katherine Higgins,,2025-01-21T22:49:12Z,,,Active,,,31471210,90a90e86-e2d1-ef11-8eea-6045bd0810d0,72ea4760-2f38-ef11-840a-6045bd03203c,,72ea4760-2f38-ef11-840a-6045bd03203c,,72ea4760-2f38-ef11-840a-6045bd03203c,dc5c7cb8-6921-ef11-840b-0022480a10b0,
P10,Payment reduced to zero due to litigation. Additional information will be sent following the conclusion of litigation. To be used for Property and Casualty only.,Katherine Higgins,rhaildev,Active,CARC,Katherine Higgins,,2025-01-13T19:14:01Z,,Katherine Higgins,,2025-01-21T22:49:12Z,,,Active,,,31471211,91a90e86-e2d1-ef11-8eea-6045bd0810d0,72ea4760-2f38-ef11-840a-6045bd03203c,,72ea4760-2f38-ef11-840a-6045bd03203c,,72ea4760-2f38-ef11-840a-6045bd03203c,dc5c7cb8-6921-ef11-840b-0022480a10b0,
P11,The disposition of the related Property & Casualty claim (injury or illness) is pending due to litigation. To be used for Property and Casualty only. (Use only with Group Code OA),Katherine Higgins,rhaildev,Active,CARC,Katherine Higgins,,2025-01-13T19:14:01Z,,Katherine Higgins,,2025-01-21T22:49:12Z,,,Active,,,31471212,92a90e86-e2d1-ef11-8eea-6045bd0810d0,72ea4760-2f38-ef11-840a-6045bd03203c,,72ea4760-2f38-ef11-840a-6045bd03203c,,72ea4760-2f38-ef11-840a-6045bd03203c,dc5c7cb8-6921-ef11-840b-0022480a10b0,
P12,"Workers' compensation jurisdictional fee schedule adjustment. Usage: If adjustment is at the Claim Level, the payer must send and the provider should refer to the 835 Class of Contract Code Identification Segment (Loop 2100 Other Claim Related Information REF). If adjustment is at the Line Level, the payer must send and the provider should refer to the 835 Healthcare Policy Identification Segment (loop 2110 Service Payment information REF) if the regulations apply. To be used for Workers' Compensation only.",Katherine Higgins,rhaildev,Active,CARC,Katherine Higgins,,2025-01-13T19:14:01Z,,Katherine Higgins,,2025-01-21T22:49:12Z,,,Active,,,31471213,93a90e86-e2d1-ef11-8eea-6045bd0810d0,72ea4760-2f38-ef11-840a-6045bd03203c,,72ea4760-2f38-ef11-840a-6045bd03203c,,72ea4760-2f38-ef11-840a-6045bd03203c,dc5c7cb8-6921-ef11-840b-0022480a10b0,
P13,"Payment reduced or denied based on workers' compensation jurisdictional regulations or payment policies, use only if no other code is applicable. Usage: If adjustment is at the Claim Level, the payer must send and the provider should refer to the 835 Insurance Policy Number Segment (Loop 2100 Other Claim Related Information REF qualifier 'IG') if the jurisdictional regulation applies. If adjustment is at the Line Level, the payer must send and the provider should refer to the 835 Healthcare Policy Identification Segment (loop 2110 Service Payment information REF) if the regulations apply. To be used for Workers' Compensation only.",Katherine Higgins,rhaildev,Active,CARC,Katherine Higgins,,2025-01-13T19:14:01Z,,Katherine Higgins,,2025-01-21T22:49:12Z,,,Active,,,31471214,94a90e86-e2d1-ef11-8eea-6045bd0810d0,72ea4760-2f38-ef11-840a-6045bd03203c,,72ea4760-2f38-ef11-840a-6045bd03203c,,72ea4760-2f38-ef11-840a-6045bd03203c,dc5c7cb8-6921-ef11-840b-0022480a10b0,
P14,"The Benefit for this Service is included in the payment/allowance for another service/procedure that has been performed on the same day. Usage: Refer to the 835 Healthcare Policy Identification Segment (loop 2110 Service Payment Information REF), if present. To be used for Property and Casualty only.",Katherine Higgins,rhaildev,Active,CARC,Katherine Higgins,,2025-01-13T19:14:01Z,,Katherine Higgins,,2025-01-21T22:49:12Z,,,Active,,,31471215,95a90e86-e2d1-ef11-8eea-6045bd0810d0,72ea4760-2f38-ef11-840a-6045bd03203c,,72ea4760-2f38-ef11-840a-6045bd03203c,,72ea4760-2f38-ef11-840a-6045bd03203c,dc5c7cb8-6921-ef11-840b-0022480a10b0,
P15,Workers' Compensation Medical Treatment Guideline Adjustment. To be used for Workers' Compensation only.,Katherine Higgins,rhaildev,Active,CARC,Katherine Higgins,,2025-01-13T19:14:01Z,,Katherine Higgins,,2025-01-21T22:49:12Z,,,Active,,,31471216,96a90e86-e2d1-ef11-8eea-6045bd0810d0,72ea4760-2f38-ef11-840a-6045bd03203c,,72ea4760-2f38-ef11-840a-6045bd03203c,,72ea4760-2f38-ef11-840a-6045bd03203c,dc5c7cb8-6921-ef11-840b-0022480a10b0,
P16,"Medical provider not authorized/certified to provide treatment to injured workers in this jurisdiction. To be used for Workers' Compensation only. (Use with Group Code CO or OA)
 ",Katherine Higgins,rhaildev,Active,CARC,Katherine Higgins,,2025-01-13T19:14:01Z,,Katherine Higgins,,2025-01-21T22:49:12Z,,,Active,,,31471217,97a90e86-e2d1-ef11-8eea-6045bd0810d0,72ea4760-2f38-ef11-840a-6045bd03203c,,72ea4760-2f38-ef11-840a-6045bd03203c,,72ea4760-2f38-ef11-840a-6045bd03203c,dc5c7cb8-6921-ef11-840b-0022480a10b0,
P17,Referral not authorized by attending physician per regulatory requirement. To be used for Property and Casualty only.,Katherine Higgins,rhaildev,Active,CARC,Katherine Higgins,,2025-01-13T19:14:01Z,,Katherine Higgins,,2025-01-21T22:49:12Z,,,Active,,,31471218,98a90e86-e2d1-ef11-8eea-6045bd0810d0,72ea4760-2f38-ef11-840a-6045bd03203c,,72ea4760-2f38-ef11-840a-6045bd03203c,,72ea4760-2f38-ef11-840a-6045bd03203c,dc5c7cb8-6921-ef11-840b-0022480a10b0,
P18,Procedure is not listed in the jurisdiction fee schedule. An allowance has been made for a comparable service. To be used for Property and Casualty only.,Katherine Higgins,rhaildev,Active,CARC,Katherine Higgins,,2025-01-13T19:14:01Z,,Katherine Higgins,,2025-01-21T22:49:12Z,,,Active,,,31471219,99a90e86-e2d1-ef11-8eea-6045bd0810d0,72ea4760-2f38-ef11-840a-6045bd03203c,,72ea4760-2f38-ef11-840a-6045bd03203c,,72ea4760-2f38-ef11-840a-6045bd03203c,dc5c7cb8-6921-ef11-840b-0022480a10b0,
P19,"Procedure has a relative value of zero in the jurisdiction fee schedule, therefore no payment is due. To be used for Property and Casualty only.",Katherine Higgins,rhaildev,Active,CARC,Katherine Higgins,,2025-01-13T19:14:02Z,,Katherine Higgins,,2025-01-21T22:49:12Z,,,Active,,,31471220,9aa90e86-e2d1-ef11-8eea-6045bd0810d0,72ea4760-2f38-ef11-840a-6045bd03203c,,72ea4760-2f38-ef11-840a-6045bd03203c,,72ea4760-2f38-ef11-840a-6045bd03203c,dc5c7cb8-6921-ef11-840b-0022480a10b0,
P20,Service not paid under jurisdiction allowed outpatient facility fee schedule. To be used for Property and Casualty only.,Katherine Higgins,rhaildev,Active,CARC,Katherine Higgins,,2025-01-13T19:14:02Z,,Katherine Higgins,,2025-01-21T22:49:12Z,,,Active,,,31471221,9ba90e86-e2d1-ef11-8eea-6045bd0810d0,72ea4760-2f38-ef11-840a-6045bd03203c,,72ea4760-2f38-ef11-840a-6045bd03203c,,72ea4760-2f38-ef11-840a-6045bd03203c,dc5c7cb8-6921-ef11-840b-0022480a10b0,
P21,"Payment denied based on the Medical Payments Coverage (MPC) and/or Personal Injury Protection (PIP) Benefits jurisdictional regulations, or payment policies. Usage: If adjustment is at the Claim Level, the payer must send and the provider should refer to the 835 Insurance Policy Number Segment (Loop 2100 Other Claim Related Information REF qualifier 'IG') if the jurisdictional regulation applies. If adjustment is at the Line Level, the payer must send and the provider should refer to the 835 Healthcare Policy Identification Segment (loop 2110 Service Payment information REF) if the regulations apply. To be used for Property and Casualty Auto only.",Katherine Higgins,rhaildev,Active,CARC,Katherine Higgins,,2025-01-13T19:14:02Z,,Katherine Higgins,,2025-01-21T22:49:12Z,,,Active,,,31471222,9ca90e86-e2d1-ef11-8eea-6045bd0810d0,72ea4760-2f38-ef11-840a-6045bd03203c,,72ea4760-2f38-ef11-840a-6045bd03203c,,72ea4760-2f38-ef11-840a-6045bd03203c,dc5c7cb8-6921-ef11-840b-0022480a10b0,
P22,"Payment adjusted based on the Medical Payments Coverage (MPC) and/or Personal Injury Protection (PIP) Benefits jurisdictional regulations, or payment policies. Usage: If adjustment is at the Claim Level, the payer must send and the provider should refer to the 835 Insurance Policy Number Segment (Loop 2100 Other Claim Related Information REF qualifier 'IG') if the jurisdictional regulation applies. If adjustment is at the Line Level, the payer must send and the provider should refer to the 835 Healthcare Policy Identification Segment (loop 2110 Service Payment information REF) if the regulations apply. To be used for Property and Casualty Auto only.",Katherine Higgins,rhaildev,Active,CARC,Katherine Higgins,,2025-01-13T19:14:02Z,,Katherine Higgins,,2025-01-21T22:49:12Z,,,Active,,,31471223,9da90e86-e2d1-ef11-8eea-6045bd0810d0,72ea4760-2f38-ef11-840a-6045bd03203c,,72ea4760-2f38-ef11-840a-6045bd03203c,,72ea4760-2f38-ef11-840a-6045bd03203c,dc5c7cb8-6921-ef11-840b-0022480a10b0,
P23,"Medical Payments Coverage (MPC) or Personal Injury Protection (PIP) Benefits jurisdictional fee schedule adjustment. Usage: If adjustment is at the Claim Level, the payer must send and the provider should refer to the 835 Class of Contract Code Identification Segment (Loop 2100 Other Claim Related Information REF). If adjustment is at the Line Level, the payer must send and the provider should refer to the 835 Healthcare Policy Identification Segment (loop 2110 Service Payment information REF) if the regulations apply. To be used for Property and Casualty Auto only.",Katherine Higgins,rhaildev,Active,CARC,Katherine Higgins,,2025-01-13T19:14:02Z,,Katherine Higgins,,2025-01-21T22:49:12Z,,,Active,,,31471224,9ea90e86-e2d1-ef11-8eea-6045bd0810d0,72ea4760-2f38-ef11-840a-6045bd03203c,,72ea4760-2f38-ef11-840a-6045bd03203c,,72ea4760-2f38-ef11-840a-6045bd03203c,dc5c7cb8-6921-ef11-840b-0022480a10b0,
P24,"Payment adjusted based on Preferred Provider Organization (PPO). Usage: If adjustment is at the Claim Level, the payer must send and the provider should refer to the 835 Class of Contract Code Identification Segment (Loop 2100 Other Claim Related Information REF). If adjustment is at the Line Level, the payer must send and the provider should refer to the 835 Healthcare Policy Identification Segment (loop 2110 Service Payment information REF) if the regulations apply. To be used for Property and Casualty only. Use only with Group Code CO.",Katherine Higgins,rhaildev,Active,CARC,Katherine Higgins,,2025-01-13T19:14:02Z,,Katherine Higgins,,2025-01-21T22:49:12Z,,,Active,,,31471225,9fa90e86-e2d1-ef11-8eea-6045bd0810d0,72ea4760-2f38-ef11-840a-6045bd03203c,,72ea4760-2f38-ef11-840a-6045bd03203c,,72ea4760-2f38-ef11-840a-6045bd03203c,dc5c7cb8-6921-ef11-840b-0022480a10b0,
P25,"Payment adjusted based on Medical Provider Network (MPN). Usage: If adjustment is at the Claim Level, the payer must send and the provider should refer to the 835 Class of Contract Code Identification Segment (Loop 2100 Other Claim Related Information REF). If adjustment is at the Line Level, the payer must send and the provider should refer to the 835 Healthcare Policy Identification Segment (loop 2110 Service Payment information REF) if the regulations apply. To be used for Property and Casualty only. (Use only with Group Code CO).
  ",Katherine Higgins,rhaildev,Active,CARC,Katherine Higgins,,2025-01-13T19:14:02Z,,Katherine Higgins,,2025-01-21T22:49:12Z,,,Active,,,31471226,a0a90e86-e2d1-ef11-8eea-6045bd0810d0,72ea4760-2f38-ef11-840a-6045bd03203c,,72ea4760-2f38-ef11-840a-6045bd03203c,,72ea4760-2f38-ef11-840a-6045bd03203c,dc5c7cb8-6921-ef11-840b-0022480a10b0,
P26,"Payment adjusted based on Voluntary Provider network (VPN). Usage: If adjustment is at the Claim Level, the payer must send and the provider should refer to the 835 Class of Contract Code Identification Segment (Loop 2100 Other Claim Related Information REF). If adjustment is at the Line Level, the payer must send and the provider should refer to the 835 Healthcare Policy Identification Segment (loop 2110 Service Payment information REF) if the regulations apply. To be used for Property and Casualty only. (Use only with Group Code CO).
  ",Katherine Higgins,rhaildev,Active,CARC,Katherine Higgins,,2025-01-13T19:14:02Z,,Katherine Higgins,,2025-01-21T22:49:12Z,,,Active,,,31471227,a1a90e86-e2d1-ef11-8eea-6045bd0810d0,72ea4760-2f38-ef11-840a-6045bd03203c,,72ea4760-2f38-ef11-840a-6045bd03203c,,72ea4760-2f38-ef11-840a-6045bd03203c,dc5c7cb8-6921-ef11-840b-0022480a10b0,
P27,"Payment denied based on the Liability Coverage Benefits jurisdictional regulations and/or payment policies. Usage: If adjustment is at the Claim Level, the payer must send and the provider should refer to the 835 Insurance Policy Number Segment (Loop 2100 Other Claim Related Information REF qualifier 'IG') if the jurisdictional regulation applies. If adjustment is at the Line Level, the payer must send and the provider should refer to the 835 Healthcare Policy Identification Segment (loop 2110 Service Payment information REF) if the regulations apply. To be used for Property and Casualty Auto only.
  ",Katherine Higgins,rhaildev,Active,CARC,Katherine Higgins,,2025-01-13T19:14:02Z,,Katherine Higgins,,2025-01-21T22:49:12Z,,,Active,,,31471228,a2a90e86-e2d1-ef11-8eea-6045bd0810d0,72ea4760-2f38-ef11-840a-6045bd03203c,,72ea4760-2f38-ef11-840a-6045bd03203c,,72ea4760-2f38-ef11-840a-6045bd03203c,dc5c7cb8-6921-ef11-840b-0022480a10b0,
P28,"Payment adjusted based on the Liability Coverage Benefits jurisdictional regulations and/or payment policies. Usage: If adjustment is at the Claim Level, the payer must send and the provider should refer to the 835 Insurance Policy Number Segment (Loop 2100 Other Claim Related Information REF qualifier 'IG') if the jurisdictional regulation applies. If adjustment is at the Line Level, the payer must send and the provider should refer to the 835 Healthcare Policy Identification Segment (loop 2110 Service Payment information REF) if the regulations apply. To be used for Property and Casualty Auto only.",Katherine Higgins,rhaildev,Active,CARC,Katherine Higgins,,2025-01-13T19:14:02Z,,Katherine Higgins,,2025-01-21T22:49:12Z,,,Active,,,31471229,a3a90e86-e2d1-ef11-8eea-6045bd0810d0,72ea4760-2f38-ef11-840a-6045bd03203c,,72ea4760-2f38-ef11-840a-6045bd03203c,,72ea4760-2f38-ef11-840a-6045bd03203c,dc5c7cb8-6921-ef11-840b-0022480a10b0,
P29,"Liability Benefits jurisdictional fee schedule adjustment. Usage: If adjustment is at the Claim Level, the payer must send and the provider should refer to the 835 Class of Contract Code Identification Segment (Loop 2100 Other Claim Related Information REF). If adjustment is at the Line Level, the payer must send and the provider should refer to the 835 Healthcare Policy Identification Segment (loop 2110 Service Payment information REF) if the regulations apply. To be used for Property and Casualty Auto only.",Katherine Higgins,rhaildev,Active,CARC,Katherine Higgins,,2025-01-13T19:14:02Z,,Katherine Higgins,,2025-01-21T22:49:12Z,,,Active,,,31471230,a4a90e86-e2d1-ef11-8eea-6045bd0810d0,72ea4760-2f38-ef11-840a-6045bd03203c,,72ea4760-2f38-ef11-840a-6045bd03203c,,72ea4760-2f38-ef11-840a-6045bd03203c,dc5c7cb8-6921-ef11-840b-0022480a10b0,
P30,Payment denied for exacerbation when supporting documentation was not complete. To be used for Property and Casualty only.,Katherine Higgins,rhaildev,Active,CARC,Katherine Higgins,,2025-01-13T19:14:02Z,,Katherine Higgins,,2025-01-21T22:49:12Z,,,Active,,,31471231,a5a90e86-e2d1-ef11-8eea-6045bd0810d0,72ea4760-2f38-ef11-840a-6045bd03203c,,72ea4760-2f38-ef11-840a-6045bd03203c,,72ea4760-2f38-ef11-840a-6045bd03203c,dc5c7cb8-6921-ef11-840b-0022480a10b0,
P31,Payment denied for exacerbation when treatment exceeds time allowed. To be used for Property and Casualty only.,Katherine Higgins,rhaildev,Active,CARC,Katherine Higgins,,2025-01-13T19:14:02Z,,Katherine Higgins,,2025-01-21T22:49:12Z,,,Active,,,31471232,a6a90e86-e2d1-ef11-8eea-6045bd0810d0,72ea4760-2f38-ef11-840a-6045bd03203c,,72ea4760-2f38-ef11-840a-6045bd03203c,,72ea4760-2f38-ef11-840a-6045bd03203c,dc5c7cb8-6921-ef11-840b-0022480a10b0,
P32,Payment adjusted due to Apportionment.,Katherine Higgins,rhaildev,Active,CARC,Katherine Higgins,,2025-01-13T19:14:02Z,,Katherine Higgins,,2025-01-21T22:49:13Z,,,Active,,,31471233,a7a90e86-e2d1-ef11-8eea-6045bd0810d0,72ea4760-2f38-ef11-840a-6045bd03203c,,72ea4760-2f38-ef11-840a-6045bd03203c,,72ea4760-2f38-ef11-840a-6045bd03203c,dc5c7cb8-6921-ef11-840b-0022480a10b0,
M1,X-ray not taken within the past 12 months or near enough to the start of treatment.,Katherine Higgins,rhaildev,Active,RARC,Katherine Higgins,,2025-01-13T19:14:02Z,,Katherine Higgins,,2025-01-21T22:49:13Z,,,Active,,,31471234,a8a90e86-e2d1-ef11-8eea-6045bd0810d0,72ea4760-2f38-ef11-840a-6045bd03203c,,72ea4760-2f38-ef11-840a-6045bd03203c,,72ea4760-2f38-ef11-840a-6045bd03203c,dc5c7cb8-6921-ef11-840b-0022480a10b0,
M2,Not paid separately when the patient is an inpatient.,Katherine Higgins,rhaildev,Active,RARC,Katherine Higgins,,2025-01-13T19:14:02Z,,Katherine Higgins,,2025-01-21T22:49:13Z,,,Active,,,31471235,a9a90e86-e2d1-ef11-8eea-6045bd0810d0,72ea4760-2f38-ef11-840a-6045bd03203c,,72ea4760-2f38-ef11-840a-6045bd03203c,,72ea4760-2f38-ef11-840a-6045bd03203c,dc5c7cb8-6921-ef11-840b-0022480a10b0,
M3,Equipment is the same or similar to equipment already being used.,Katherine Higgins,rhaildev,Active,RARC,Katherine Higgins,,2025-01-13T19:14:02Z,,Katherine Higgins,,2025-01-21T22:49:13Z,,,Active,,,31471236,aaa90e86-e2d1-ef11-8eea-6045bd0810d0,72ea4760-2f38-ef11-840a-6045bd03203c,,72ea4760-2f38-ef11-840a-6045bd03203c,,72ea4760-2f38-ef11-840a-6045bd03203c,dc5c7cb8-6921-ef11-840b-0022480a10b0,
M4,Alert: This is the last monthly installment payment for this durable medical equipment.,Katherine Higgins,rhaildev,Active,RARC,Katherine Higgins,,2025-01-13T19:14:02Z,,Katherine Higgins,,2025-01-21T22:49:13Z,,,Active,,,31471237,23f0068c-e2d1-ef11-8eea-6045bd0810d0,72ea4760-2f38-ef11-840a-6045bd03203c,,72ea4760-2f38-ef11-840a-6045bd03203c,,72ea4760-2f38-ef11-840a-6045bd03203c,dc5c7cb8-6921-ef11-840b-0022480a10b0,
M5,"Monthly rental payments can continue until the earlier of the 15th month from the first rental month, or the month when the equipment is no longer needed.",Katherine Higgins,rhaildev,Active,RARC,Katherine Higgins,,2025-01-13T19:14:02Z,,Katherine Higgins,,2025-01-21T22:49:13Z,,,Active,,,31471238,24f0068c-e2d1-ef11-8eea-6045bd0810d0,72ea4760-2f38-ef11-840a-6045bd03203c,,72ea4760-2f38-ef11-840a-6045bd03203c,,72ea4760-2f38-ef11-840a-6045bd03203c,dc5c7cb8-6921-ef11-840b-0022480a10b0,
M6,Alert: You must furnish and service this item for any period of medical need for the remainder of the reasonable useful lifetime of the equipment.,Katherine Higgins,rhaildev,Active,RARC,Katherine Higgins,,2025-01-13T19:14:02Z,,Katherine Higgins,,2025-01-21T22:49:13Z,,,Active,,,31471239,25f0068c-e2d1-ef11-8eea-6045bd0810d0,72ea4760-2f38-ef11-840a-6045bd03203c,,72ea4760-2f38-ef11-840a-6045bd03203c,,72ea4760-2f38-ef11-840a-6045bd03203c,dc5c7cb8-6921-ef11-840b-0022480a10b0,
M7,"No rental payments after the item is purchased, returned or after the total of issued rental payments equals the purchase price.",Katherine Higgins,rhaildev,Active,RARC,Katherine Higgins,,2025-01-13T19:14:02Z,,Katherine Higgins,,2025-01-21T22:49:13Z,,,Active,,,31471240,26f0068c-e2d1-ef11-8eea-6045bd0810d0,72ea4760-2f38-ef11-840a-6045bd03203c,,72ea4760-2f38-ef11-840a-6045bd03203c,,72ea4760-2f38-ef11-840a-6045bd03203c,dc5c7cb8-6921-ef11-840b-0022480a10b0,
M129,Missing/incomplete/invalid indicator of x-ray availability for review.,Katherine Higgins,rhaildev,Active,RARC,Katherine Higgins,,2025-01-13T19:14:04Z,,Katherine Higgins,,2025-01-21T22:49:13Z,,,Active,,,31471241,480cf58c-e2d1-ef11-8eea-6045bd093977,72ea4760-2f38-ef11-840a-6045bd03203c,,72ea4760-2f38-ef11-840a-6045bd03203c,,72ea4760-2f38-ef11-840a-6045bd03203c,dc5c7cb8-6921-ef11-840b-0022480a10b0,
M130,"Missing invoice or statement certifying the actual cost of the lens, less discounts, and/or the type of intraocular lens used.",Katherine Higgins,rhaildev,Active,RARC,Katherine Higgins,,2025-01-13T19:14:04Z,,Katherine Higgins,,2025-01-21T22:49:13Z,,,Active,,,31471242,4b0cf58c-e2d1-ef11-8eea-6045bd093977,72ea4760-2f38-ef11-840a-6045bd03203c,,72ea4760-2f38-ef11-840a-6045bd03203c,,72ea4760-2f38-ef11-840a-6045bd03203c,dc5c7cb8-6921-ef11-840b-0022480a10b0,
M131,Missing physician financial relationship form.,Katherine Higgins,rhaildev,Active,RARC,Katherine Higgins,,2025-01-13T19:14:04Z,,Katherine Higgins,,2025-01-21T22:49:13Z,,,Active,,,31471243,4c0cf58c-e2d1-ef11-8eea-6045bd093977,72ea4760-2f38-ef11-840a-6045bd03203c,,72ea4760-2f38-ef11-840a-6045bd03203c,,72ea4760-2f38-ef11-840a-6045bd03203c,dc5c7cb8-6921-ef11-840b-0022480a10b0,
M132,Missing pacemaker registration form.,Katherine Higgins,rhaildev,Active,RARC,Katherine Higgins,,2025-01-13T19:14:04Z,,Katherine Higgins,,2025-01-21T22:49:13Z,,,Active,,,31471244,4d0cf58c-e2d1-ef11-8eea-6045bd093977,72ea4760-2f38-ef11-840a-6045bd03203c,,72ea4760-2f38-ef11-840a-6045bd03203c,,72ea4760-2f38-ef11-840a-6045bd03203c,dc5c7cb8-6921-ef11-840b-0022480a10b0,
M133,Claim did not identify who performed the purchased diagnostic test or the amount you were charged for the test.,Katherine Higgins,rhaildev,Active,RARC,Katherine Higgins,,2025-01-13T19:14:04Z,,Katherine Higgins,,2025-01-21T22:49:13Z,,,Active,,,31471245,4e0cf58c-e2d1-ef11-8eea-6045bd093977,72ea4760-2f38-ef11-840a-6045bd03203c,,72ea4760-2f38-ef11-840a-6045bd03203c,,72ea4760-2f38-ef11-840a-6045bd03203c,dc5c7cb8-6921-ef11-840b-0022480a10b0,
M134,Performed by a facility/supplier in which the provider has a financial interest.,Katherine Higgins,rhaildev,Active,RARC,Katherine Higgins,,2025-01-13T19:14:04Z,,Katherine Higgins,,2025-01-21T22:49:13Z,,,Active,,,31471246,4f0cf58c-e2d1-ef11-8eea-6045bd093977,72ea4760-2f38-ef11-840a-6045bd03203c,,72ea4760-2f38-ef11-840a-6045bd03203c,,72ea4760-2f38-ef11-840a-6045bd03203c,dc5c7cb8-6921-ef11-840b-0022480a10b0,
M135,Missing/incomplete/invalid plan of treatment.,Katherine Higgins,rhaildev,Active,RARC,Katherine Higgins,,2025-01-13T19:14:04Z,,Katherine Higgins,,2025-01-21T22:49:13Z,,,Active,,,31471247,500cf58c-e2d1-ef11-8eea-6045bd093977,72ea4760-2f38-ef11-840a-6045bd03203c,,72ea4760-2f38-ef11-840a-6045bd03203c,,72ea4760-2f38-ef11-840a-6045bd03203c,dc5c7cb8-6921-ef11-840b-0022480a10b0,
M136,Missing/incomplete/invalid indication that the service was supervised or evaluated by a physician.,Katherine Higgins,rhaildev,Active,RARC,Katherine Higgins,,2025-01-13T19:14:04Z,,Katherine Higgins,,2025-01-21T22:49:13Z,,,Active,,,31471248,510cf58c-e2d1-ef11-8eea-6045bd093977,72ea4760-2f38-ef11-840a-6045bd03203c,,72ea4760-2f38-ef11-840a-6045bd03203c,,72ea4760-2f38-ef11-840a-6045bd03203c,dc5c7cb8-6921-ef11-840b-0022480a10b0,
M137,Part B coinsurance under a demonstration project or pilot program.,Katherine Higgins,rhaildev,Active,RARC,Katherine Higgins,,2025-01-13T19:14:04Z,,Katherine Higgins,,2025-01-21T22:49:13Z,,,Active,,,31471249,520cf58c-e2d1-ef11-8eea-6045bd093977,72ea4760-2f38-ef11-840a-6045bd03203c,,72ea4760-2f38-ef11-840a-6045bd03203c,,72ea4760-2f38-ef11-840a-6045bd03203c,dc5c7cb8-6921-ef11-840b-0022480a10b0,
M138,Patient identified as a demonstration participant but the patient was not enrolled in the demonstration at the time services were rendered. Coverage is limited to demonstration participants.,Katherine Higgins,rhaildev,Active,RARC,Katherine Higgins,,2025-01-13T19:14:05Z,,Katherine Higgins,,2025-01-21T22:49:13Z,,,Active,,,31471250,530cf58c-e2d1-ef11-8eea-6045bd093977,72ea4760-2f38-ef11-840a-6045bd03203c,,72ea4760-2f38-ef11-840a-6045bd03203c,,72ea4760-2f38-ef11-840a-6045bd03203c,dc5c7cb8-6921-ef11-840b-0022480a10b0,
M139,Denied services exceed the coverage limit for the demonstration.,Katherine Higgins,rhaildev,Active,RARC,Katherine Higgins,,2025-01-13T19:14:05Z,,Katherine Higgins,,2025-01-21T22:49:13Z,,,Active,,,31471251,550cf58c-e2d1-ef11-8eea-6045bd093977,72ea4760-2f38-ef11-840a-6045bd03203c,,72ea4760-2f38-ef11-840a-6045bd03203c,,72ea4760-2f38-ef11-840a-6045bd03203c,dc5c7cb8-6921-ef11-840b-0022480a10b0,
M141,Missing physician certified plan of care.,Katherine Higgins,rhaildev,Active,RARC,Katherine Higgins,,2025-01-13T19:14:05Z,,Katherine Higgins,,2025-01-21T22:49:13Z,,,Active,,,31471252,570cf58c-e2d1-ef11-8eea-6045bd093977,72ea4760-2f38-ef11-840a-6045bd03203c,,72ea4760-2f38-ef11-840a-6045bd03203c,,72ea4760-2f38-ef11-840a-6045bd03203c,dc5c7cb8-6921-ef11-840b-0022480a10b0,
M142,Missing American Diabetes Association Certificate of Recognition.,Katherine Higgins,rhaildev,Active,RARC,Katherine Higgins,,2025-01-13T19:14:05Z,,Katherine Higgins,,2025-01-21T22:49:13Z,,,Active,,,31471253,580cf58c-e2d1-ef11-8eea-6045bd093977,72ea4760-2f38-ef11-840a-6045bd03203c,,72ea4760-2f38-ef11-840a-6045bd03203c,,72ea4760-2f38-ef11-840a-6045bd03203c,dc5c7cb8-6921-ef11-840b-0022480a10b0,
M143,The provider must update license information with the payer.,Katherine Higgins,rhaildev,Active,RARC,Katherine Higgins,,2025-01-13T19:14:05Z,,Katherine Higgins,,2025-01-21T22:49:13Z,,,Active,,,31471254,590cf58c-e2d1-ef11-8eea-6045bd093977,72ea4760-2f38-ef11-840a-6045bd03203c,,72ea4760-2f38-ef11-840a-6045bd03203c,,72ea4760-2f38-ef11-840a-6045bd03203c,dc5c7cb8-6921-ef11-840b-0022480a10b0,
M144,Pre-/post-operative care payment is included in the allowance for the surgery/procedure.,Katherine Higgins,rhaildev,Active,RARC,Katherine Higgins,,2025-01-13T19:14:05Z,,Katherine Higgins,,2025-01-21T22:49:13Z,,,Active,,,31471255,5a0cf58c-e2d1-ef11-8eea-6045bd093977,72ea4760-2f38-ef11-840a-6045bd03203c,,72ea4760-2f38-ef11-840a-6045bd03203c,,72ea4760-2f38-ef11-840a-6045bd03203c,dc5c7cb8-6921-ef11-840b-0022480a10b0,
MA01,"Alert: If you do not agree with what we approved for these services, you may appeal our decision. To make sure that we are fair to you, we require another individual that did not process your initial claim to conduct the appeal. However, in order to be eligible for an appeal, you must write to us within 120 days of the date you received this notice, unless you have a good reason for being late.
 ",Katherine Higgins,rhaildev,Active,RARC,Katherine Higgins,,2025-01-13T19:14:05Z,,Katherine Higgins,,2025-01-21T22:49:13Z,,,Active,,,31471256,5b0cf58c-e2d1-ef11-8eea-6045bd093977,72ea4760-2f38-ef11-840a-6045bd03203c,,72ea4760-2f38-ef11-840a-6045bd03203c,,72ea4760-2f38-ef11-840a-6045bd03203c,dc5c7cb8-6921-ef11-840b-0022480a10b0,
MA02,"Alert: If you do not agree with this determination, you have the right to appeal. You must file a written request for an appeal within 180 days of the date you receive this notice.",Katherine Higgins,rhaildev,Active,RARC,Katherine Higgins,,2025-01-13T19:14:05Z,,Katherine Higgins,,2025-01-21T22:49:13Z,,,Active,,,31471257,5c0cf58c-e2d1-ef11-8eea-6045bd093977,72ea4760-2f38-ef11-840a-6045bd03203c,,72ea4760-2f38-ef11-840a-6045bd03203c,,72ea4760-2f38-ef11-840a-6045bd03203c,dc5c7cb8-6921-ef11-840b-0022480a10b0,
MA04,Secondary payment cannot be considered without the identity of or payment information from the primary payer. The information was either not reported or was illegible.,Katherine Higgins,rhaildev,Active,RARC,Katherine Higgins,,2025-01-13T19:14:05Z,,Katherine Higgins,,2025-01-21T22:49:13Z,,,Active,,,31471258,5d0cf58c-e2d1-ef11-8eea-6045bd093977,72ea4760-2f38-ef11-840a-6045bd03203c,,72ea4760-2f38-ef11-840a-6045bd03203c,,72ea4760-2f38-ef11-840a-6045bd03203c,dc5c7cb8-6921-ef11-840b-0022480a10b0,
MA07,Alert: The claim information has also been forwarded to Medicaid for review.,Katherine Higgins,rhaildev,Active,RARC,Katherine Higgins,,2025-01-13T19:14:05Z,,Katherine Higgins,,2025-01-21T22:49:13Z,,,Active,,,31471259,5e0cf58c-e2d1-ef11-8eea-6045bd093977,72ea4760-2f38-ef11-840a-6045bd03203c,,72ea4760-2f38-ef11-840a-6045bd03203c,,72ea4760-2f38-ef11-840a-6045bd03203c,dc5c7cb8-6921-ef11-840b-0022480a10b0,
MA08,"Alert: Claim information was not forwarded because the supplemental coverage is not with a Medigap plan, or you do not participate in Medicare.",Katherine Higgins,rhaildev,Active,RARC,Katherine Higgins,,2025-01-13T19:14:05Z,,Katherine Higgins,,2025-01-21T22:49:13Z,,,Active,,,31471260,5f0cf58c-e2d1-ef11-8eea-6045bd093977,72ea4760-2f38-ef11-840a-6045bd03203c,,72ea4760-2f38-ef11-840a-6045bd03203c,,72ea4760-2f38-ef11-840a-6045bd03203c,dc5c7cb8-6921-ef11-840b-0022480a10b0,
MA09,Alert: Claim submitted as unassigned but processed as assigned in accordance with our current assignment/participation agreement.,Katherine Higgins,rhaildev,Active,RARC,Katherine Higgins,,2025-01-13T19:14:05Z,,Katherine Higgins,,2025-01-21T22:49:13Z,,,Active,,,31471261,600cf58c-e2d1-ef11-8eea-6045bd093977,72ea4760-2f38-ef11-840a-6045bd03203c,,72ea4760-2f38-ef11-840a-6045bd03203c,,72ea4760-2f38-ef11-840a-6045bd03203c,dc5c7cb8-6921-ef11-840b-0022480a10b0,
MA10,Alert: The patient's payment was in excess of the amount owed. You must refund the overpayment to the patient.,Katherine Higgins,rhaildev,Active,RARC,Katherine Higgins,,2025-01-13T19:14:05Z,,Katherine Higgins,,2025-01-21T22:49:13Z,,,Active,,,31471262,610cf58c-e2d1-ef11-8eea-6045bd093977,72ea4760-2f38-ef11-840a-6045bd03203c,,72ea4760-2f38-ef11-840a-6045bd03203c,,72ea4760-2f38-ef11-840a-6045bd03203c,dc5c7cb8-6921-ef11-840b-0022480a10b0,
MA12,You have not established that you have the right under the law to bill for services furnished by the person(s) that furnished this (these) service(s).,Katherine Higgins,rhaildev,Active,RARC,Katherine Higgins,,2025-01-13T19:14:05Z,,Katherine Higgins,,2025-01-21T22:49:13Z,,,Active,,,31471263,620cf58c-e2d1-ef11-8eea-6045bd093977,72ea4760-2f38-ef11-840a-6045bd03203c,,72ea4760-2f38-ef11-840a-6045bd03203c,,72ea4760-2f38-ef11-840a-6045bd03203c,dc5c7cb8-6921-ef11-840b-0022480a10b0,
MA13,Alert: You may be subject to penalties if you bill the patient for amounts not reported with the PR (patient responsibility) group code.,Katherine Higgins,rhaildev,Active,RARC,Katherine Higgins,,2025-01-13T19:14:05Z,,Katherine Higgins,,2025-01-21T22:49:13Z,,,Active,,,31471264,630cf58c-e2d1-ef11-8eea-6045bd093977,72ea4760-2f38-ef11-840a-6045bd03203c,,72ea4760-2f38-ef11-840a-6045bd03203c,,72ea4760-2f38-ef11-840a-6045bd03203c,dc5c7cb8-6921-ef11-840b-0022480a10b0,
MA14,"Alert: The patient is a member of an employer-sponsored prepaid health plan. Services from outside that health plan are not covered. However, as you were not previously notified of this, we are paying this time. In the future, we will not pay you for non-plan services.",Katherine Higgins,rhaildev,Active,RARC,Katherine Higgins,,2025-01-13T19:14:05Z,,Katherine Higgins,,2025-01-21T22:49:13Z,,,Active,,,31471265,640cf58c-e2d1-ef11-8eea-6045bd093977,72ea4760-2f38-ef11-840a-6045bd03203c,,72ea4760-2f38-ef11-840a-6045bd03203c,,72ea4760-2f38-ef11-840a-6045bd03203c,dc5c7cb8-6921-ef11-840b-0022480a10b0,
MA15,Alert: Your claim has been separated to expedite handling. You will receive a separate notice for the other services reported.,Katherine Higgins,rhaildev,Active,RARC,Katherine Higgins,,2025-01-13T19:14:05Z,,Katherine Higgins,,2025-01-21T22:49:13Z,,,Active,,,31471266,650cf58c-e2d1-ef11-8eea-6045bd093977,72ea4760-2f38-ef11-840a-6045bd03203c,,72ea4760-2f38-ef11-840a-6045bd03203c,,72ea4760-2f38-ef11-840a-6045bd03203c,dc5c7cb8-6921-ef11-840b-0022480a10b0,
MA16,"The patient is covered by the Black Lung Program. Send this claim to the Department of Labor, Federal Black Lung Program, P.O. Box 828, Lanham-Seabrook MD 20703.",Katherine Higgins,rhaildev,Active,RARC,Katherine Higgins,,2025-01-13T19:14:05Z,,Katherine Higgins,,2025-01-21T22:49:13Z,,,Active,,,31471267,660cf58c-e2d1-ef11-8eea-6045bd093977,72ea4760-2f38-ef11-840a-6045bd03203c,,72ea4760-2f38-ef11-840a-6045bd03203c,,72ea4760-2f38-ef11-840a-6045bd03203c,dc5c7cb8-6921-ef11-840b-0022480a10b0,
MA17,We are the primary payer and have paid at the primary rate. You must contact the patient's other insurer to refund any excess it may have paid due to its erroneous primary payment.,Katherine Higgins,rhaildev,Active,RARC,Katherine Higgins,,2025-01-13T19:14:05Z,,Katherine Higgins,,2025-01-21T22:49:13Z,,,Active,,,31471268,670cf58c-e2d1-ef11-8eea-6045bd093977,72ea4760-2f38-ef11-840a-6045bd03203c,,72ea4760-2f38-ef11-840a-6045bd03203c,,72ea4760-2f38-ef11-840a-6045bd03203c,dc5c7cb8-6921-ef11-840b-0022480a10b0,
MA18,Alert: The claim information is also being forwarded to the patient's supplemental insurer. Send any questions regarding supplemental benefits to them.,Katherine Higgins,rhaildev,Active,RARC,Katherine Higgins,,2025-01-13T19:14:05Z,,Katherine Higgins,,2025-01-21T22:49:13Z,,,Active,,,31471269,680cf58c-e2d1-ef11-8eea-6045bd093977,72ea4760-2f38-ef11-840a-6045bd03203c,,72ea4760-2f38-ef11-840a-6045bd03203c,,72ea4760-2f38-ef11-840a-6045bd03203c,dc5c7cb8-6921-ef11-840b-0022480a10b0,
MA19,Alert: Information was not sent to the Medigap insurer due to incorrect/invalid information you submitted concerning that insurer. Please verify your information and submit your secondary claim directly to that insurer.,Katherine Higgins,rhaildev,Active,RARC,Katherine Higgins,,2025-01-13T19:14:05Z,,Katherine Higgins,,2025-01-21T22:49:13Z,,,Active,,,31471270,690cf58c-e2d1-ef11-8eea-6045bd093977,72ea4760-2f38-ef11-840a-6045bd03203c,,72ea4760-2f38-ef11-840a-6045bd03203c,,72ea4760-2f38-ef11-840a-6045bd03203c,dc5c7cb8-6921-ef11-840b-0022480a10b0,
MA20,Skilled Nursing Facility (SNF) stay not covered when care is primarily related to the use of an urethral catheter for convenience or the control of incontinence.,Katherine Higgins,rhaildev,Active,RARC,Katherine Higgins,,2025-01-13T19:14:05Z,,Katherine Higgins,,2025-01-21T22:49:13Z,,,Active,,,31471271,6a0cf58c-e2d1-ef11-8eea-6045bd093977,72ea4760-2f38-ef11-840a-6045bd03203c,,72ea4760-2f38-ef11-840a-6045bd03203c,,72ea4760-2f38-ef11-840a-6045bd03203c,dc5c7cb8-6921-ef11-840b-0022480a10b0,
MA21,SSA records indicate mismatch with name and sex.,Katherine Higgins,rhaildev,Active,RARC,Katherine Higgins,,2025-01-13T19:14:05Z,,Katherine Higgins,,2025-01-21T22:49:13Z,,,Active,,,31471272,6b0cf58c-e2d1-ef11-8eea-6045bd093977,72ea4760-2f38-ef11-840a-6045bd03203c,,72ea4760-2f38-ef11-840a-6045bd03203c,,72ea4760-2f38-ef11-840a-6045bd03203c,dc5c7cb8-6921-ef11-840b-0022480a10b0,
MA22,Payment of less than $1.00 suppressed.,Katherine Higgins,rhaildev,Active,RARC,Katherine Higgins,,2025-01-13T19:14:05Z,,Katherine Higgins,,2025-01-21T22:49:13Z,,,Active,,,31471273,6c0cf58c-e2d1-ef11-8eea-6045bd093977,72ea4760-2f38-ef11-840a-6045bd03203c,,72ea4760-2f38-ef11-840a-6045bd03203c,,72ea4760-2f38-ef11-840a-6045bd03203c,dc5c7cb8-6921-ef11-840b-0022480a10b0,
MA23,Demand bill approved as result of medical review.,Katherine Higgins,rhaildev,Active,RARC,Katherine Higgins,,2025-01-13T19:14:05Z,,Katherine Higgins,,2025-01-21T22:49:13Z,,,Active,,,31471274,6d0cf58c-e2d1-ef11-8eea-6045bd093977,72ea4760-2f38-ef11-840a-6045bd03203c,,72ea4760-2f38-ef11-840a-6045bd03203c,,72ea4760-2f38-ef11-840a-6045bd03203c,dc5c7cb8-6921-ef11-840b-0022480a10b0,
MA24,Christian Science Sanitarium/ Skilled Nursing Facility (SNF) bill in the same benefit period.,Katherine Higgins,rhaildev,Active,RARC,Katherine Higgins,,2025-01-13T19:14:05Z,,Katherine Higgins,,2025-01-21T22:49:13Z,,,Active,,,31471275,6e0cf58c-e2d1-ef11-8eea-6045bd093977,72ea4760-2f38-ef11-840a-6045bd03203c,,72ea4760-2f38-ef11-840a-6045bd03203c,,72ea4760-2f38-ef11-840a-6045bd03203c,dc5c7cb8-6921-ef11-840b-0022480a10b0,
MA25,A patient may not elect to change a hospice provider more than once in a benefit period.,Katherine Higgins,rhaildev,Active,RARC,Katherine Higgins,,2025-01-13T19:14:05Z,,Katherine Higgins,,2025-01-21T22:49:14Z,,,Active,,,31471276,6f0cf58c-e2d1-ef11-8eea-6045bd093977,72ea4760-2f38-ef11-840a-6045bd03203c,,72ea4760-2f38-ef11-840a-6045bd03203c,,72ea4760-2f38-ef11-840a-6045bd03203c,dc5c7cb8-6921-ef11-840b-0022480a10b0,
MA26,Alert: Our records indicate that you were previously informed of this rule.,Katherine Higgins,rhaildev,Active,RARC,Katherine Higgins,,2025-01-13T19:14:05Z,,Katherine Higgins,,2025-01-21T22:49:14Z,,,Active,,,31471277,700cf58c-e2d1-ef11-8eea-6045bd093977,72ea4760-2f38-ef11-840a-6045bd03203c,,72ea4760-2f38-ef11-840a-6045bd03203c,,72ea4760-2f38-ef11-840a-6045bd03203c,dc5c7cb8-6921-ef11-840b-0022480a10b0,
MA27,Missing/incomplete/invalid entitlement number or name shown on the claim.,Katherine Higgins,rhaildev,Active,RARC,Katherine Higgins,,2025-01-13T19:14:05Z,,Katherine Higgins,,2025-01-21T22:49:14Z,,,Active,,,31471278,710cf58c-e2d1-ef11-8eea-6045bd093977,72ea4760-2f38-ef11-840a-6045bd03203c,,72ea4760-2f38-ef11-840a-6045bd03203c,,72ea4760-2f38-ef11-840a-6045bd03203c,dc5c7cb8-6921-ef11-840b-0022480a10b0,
MA28,"Alert: Receipt of this notice by a physician or supplier who did not accept assignment is for information only and does not make the physician or supplier a party to the determination. No additional rights to appeal this decision, above those rights already provided for by regulation/instruction, are conferred by receipt of this notice.",Katherine Higgins,rhaildev,Active,RARC,Katherine Higgins,,2025-01-13T19:14:05Z,,Katherine Higgins,,2025-01-21T22:49:14Z,,,Active,,,31471280,720cf58c-e2d1-ef11-8eea-6045bd093977,72ea4760-2f38-ef11-840a-6045bd03203c,,72ea4760-2f38-ef11-840a-6045bd03203c,,72ea4760-2f38-ef11-840a-6045bd03203c,dc5c7cb8-6921-ef11-840b-0022480a10b0,
MA30,Missing/incomplete/invalid type of bill.,Katherine Higgins,rhaildev,Active,RARC,Katherine Higgins,,2025-01-13T19:14:05Z,,Katherine Higgins,,2025-01-21T22:49:14Z,,,Active,,,31471282,730cf58c-e2d1-ef11-8eea-6045bd093977,72ea4760-2f38-ef11-840a-6045bd03203c,,72ea4760-2f38-ef11-840a-6045bd03203c,,72ea4760-2f38-ef11-840a-6045bd03203c,dc5c7cb8-6921-ef11-840b-0022480a10b0,
MA31,Missing/incomplete/invalid beginning and ending dates of the period billed.,Katherine Higgins,rhaildev,Active,RARC,Katherine Higgins,,2025-01-13T19:14:05Z,,Katherine Higgins,,2025-01-21T22:49:14Z,,,Active,,,31471283,740cf58c-e2d1-ef11-8eea-6045bd093977,72ea4760-2f38-ef11-840a-6045bd03203c,,72ea4760-2f38-ef11-840a-6045bd03203c,,72ea4760-2f38-ef11-840a-6045bd03203c,dc5c7cb8-6921-ef11-840b-0022480a10b0,
MA32,Missing/incomplete/invalid number of covered days during the billing period.,Katherine Higgins,rhaildev,Active,RARC,Katherine Higgins,,2025-01-13T19:14:05Z,,Katherine Higgins,,2025-01-21T22:49:14Z,,,Active,,,31471284,750cf58c-e2d1-ef11-8eea-6045bd093977,72ea4760-2f38-ef11-840a-6045bd03203c,,72ea4760-2f38-ef11-840a-6045bd03203c,,72ea4760-2f38-ef11-840a-6045bd03203c,dc5c7cb8-6921-ef11-840b-0022480a10b0,
MA33,Missing/incomplete/invalid non-covered days during the billing period.,Katherine Higgins,rhaildev,Active,RARC,Katherine Higgins,,2025-01-13T19:14:05Z,,Katherine Higgins,,2025-01-21T22:49:14Z,,,Active,,,31471285,760cf58c-e2d1-ef11-8eea-6045bd093977,72ea4760-2f38-ef11-840a-6045bd03203c,,72ea4760-2f38-ef11-840a-6045bd03203c,,72ea4760-2f38-ef11-840a-6045bd03203c,dc5c7cb8-6921-ef11-840b-0022480a10b0,
MA34,Missing/incomplete/invalid number of coinsurance days during the billing period.,Katherine Higgins,rhaildev,Active,RARC,Katherine Higgins,,2025-01-13T19:14:05Z,,Katherine Higgins,,2025-01-21T22:49:14Z,,,Active,,,31471286,770cf58c-e2d1-ef11-8eea-6045bd093977,72ea4760-2f38-ef11-840a-6045bd03203c,,72ea4760-2f38-ef11-840a-6045bd03203c,,72ea4760-2f38-ef11-840a-6045bd03203c,dc5c7cb8-6921-ef11-840b-0022480a10b0,
MA35,Missing/incomplete/invalid number of lifetime reserve days.,Katherine Higgins,rhaildev,Active,RARC,Katherine Higgins,,2025-01-13T19:14:05Z,,Katherine Higgins,,2025-01-21T22:49:14Z,,,Active,,,31471287,780cf58c-e2d1-ef11-8eea-6045bd093977,72ea4760-2f38-ef11-840a-6045bd03203c,,72ea4760-2f38-ef11-840a-6045bd03203c,,72ea4760-2f38-ef11-840a-6045bd03203c,dc5c7cb8-6921-ef11-840b-0022480a10b0,
MA36,Missing/incomplete/invalid patient name.,Katherine Higgins,rhaildev,Active,RARC,Katherine Higgins,,2025-01-13T19:14:06Z,,Katherine Higgins,,2025-01-21T22:49:14Z,,,Active,,,31471288,790cf58c-e2d1-ef11-8eea-6045bd093977,72ea4760-2f38-ef11-840a-6045bd03203c,,72ea4760-2f38-ef11-840a-6045bd03203c,,72ea4760-2f38-ef11-840a-6045bd03203c,dc5c7cb8-6921-ef11-840b-0022480a10b0,
MA37,Missing/incomplete/invalid patient's address.,Katherine Higgins,rhaildev,Active,RARC,Katherine Higgins,,2025-01-13T19:14:06Z,,Katherine Higgins,,2025-01-21T22:49:14Z,,,Active,,,31471289,7a0cf58c-e2d1-ef11-8eea-6045bd093977,72ea4760-2f38-ef11-840a-6045bd03203c,,72ea4760-2f38-ef11-840a-6045bd03203c,,72ea4760-2f38-ef11-840a-6045bd03203c,dc5c7cb8-6921-ef11-840b-0022480a10b0,
MA39,Missing/incomplete/invalid gender.,Katherine Higgins,rhaildev,Active,RARC,Katherine Higgins,,2025-01-13T19:14:06Z,,Katherine Higgins,,2025-01-21T22:49:14Z,,,Active,,,31471290,7b0cf58c-e2d1-ef11-8eea-6045bd093977,72ea4760-2f38-ef11-840a-6045bd03203c,,72ea4760-2f38-ef11-840a-6045bd03203c,,72ea4760-2f38-ef11-840a-6045bd03203c,dc5c7cb8-6921-ef11-840b-0022480a10b0,
MA40,Missing/incomplete/invalid admission date.,Katherine Higgins,rhaildev,Active,RARC,Katherine Higgins,,2025-01-13T19:14:06Z,,Katherine Higgins,,2025-01-21T22:49:14Z,,,Active,,,31471291,7c0cf58c-e2d1-ef11-8eea-6045bd093977,72ea4760-2f38-ef11-840a-6045bd03203c,,72ea4760-2f38-ef11-840a-6045bd03203c,,72ea4760-2f38-ef11-840a-6045bd03203c,dc5c7cb8-6921-ef11-840b-0022480a10b0,
MA41,Missing/incomplete/invalid admission type.,Katherine Higgins,rhaildev,Active,RARC,Katherine Higgins,,2025-01-13T19:14:06Z,,Katherine Higgins,,2025-01-21T22:49:14Z,,,Active,,,31471292,7d0cf58c-e2d1-ef11-8eea-6045bd093977,72ea4760-2f38-ef11-840a-6045bd03203c,,72ea4760-2f38-ef11-840a-6045bd03203c,,72ea4760-2f38-ef11-840a-6045bd03203c,dc5c7cb8-6921-ef11-840b-0022480a10b0,
MA42,Missing/incomplete/invalid admission source.,Katherine Higgins,rhaildev,Active,RARC,Katherine Higgins,,2025-01-13T19:14:06Z,,Katherine Higgins,,2025-01-21T22:49:14Z,,,Active,,,31471293,7e0cf58c-e2d1-ef11-8eea-6045bd093977,72ea4760-2f38-ef11-840a-6045bd03203c,,72ea4760-2f38-ef11-840a-6045bd03203c,,72ea4760-2f38-ef11-840a-6045bd03203c,dc5c7cb8-6921-ef11-840b-0022480a10b0,
MA43,Missing/incomplete/invalid patient status.,Katherine Higgins,rhaildev,Active,RARC,Katherine Higgins,,2025-01-13T19:14:06Z,,Katherine Higgins,,2025-01-21T22:49:14Z,,,Active,,,31471294,7f0cf58c-e2d1-ef11-8eea-6045bd093977,72ea4760-2f38-ef11-840a-6045bd03203c,,72ea4760-2f38-ef11-840a-6045bd03203c,,72ea4760-2f38-ef11-840a-6045bd03203c,dc5c7cb8-6921-ef11-840b-0022480a10b0,
MA44,Alert: No appeal rights. Adjudicative decision based on law.,Katherine Higgins,rhaildev,Active,RARC,Katherine Higgins,,2025-01-13T19:14:06Z,,Katherine Higgins,,2025-01-21T22:49:14Z,,,Active,,,31471295,800cf58c-e2d1-ef11-8eea-6045bd093977,72ea4760-2f38-ef11-840a-6045bd03203c,,72ea4760-2f38-ef11-840a-6045bd03203c,,72ea4760-2f38-ef11-840a-6045bd03203c,dc5c7cb8-6921-ef11-840b-0022480a10b0,
MA45,"Alert: As previously advised, a portion or all of your payment is being held in a special account.",Katherine Higgins,rhaildev,Active,RARC,Katherine Higgins,,2025-01-13T19:14:06Z,,Katherine Higgins,,2025-01-21T22:49:14Z,,,Active,,,31471296,810cf58c-e2d1-ef11-8eea-6045bd093977,72ea4760-2f38-ef11-840a-6045bd03203c,,72ea4760-2f38-ef11-840a-6045bd03203c,,72ea4760-2f38-ef11-840a-6045bd03203c,dc5c7cb8-6921-ef11-840b-0022480a10b0,
MA46,Alert: The new information was considered but additional payment will not be issued.,Katherine Higgins,rhaildev,Active,RARC,Katherine Higgins,,2025-01-13T19:14:06Z,,Katherine Higgins,,2025-01-21T22:49:14Z,,,Active,,,31471297,820cf58c-e2d1-ef11-8eea-6045bd093977,72ea4760-2f38-ef11-840a-6045bd03203c,,72ea4760-2f38-ef11-840a-6045bd03203c,,72ea4760-2f38-ef11-840a-6045bd03203c,dc5c7cb8-6921-ef11-840b-0022480a10b0,
MA47,"Our records show you have opted out of Medicare, agreeing with the patient not to bill Medicare for services/tests/supplies furnished. As result, we cannot pay this claim. The patient is responsible for payment.",Katherine Higgins,rhaildev,Active,RARC,Katherine Higgins,,2025-01-13T19:14:06Z,,Katherine Higgins,,2025-01-21T22:49:14Z,,,Active,,,31471298,830cf58c-e2d1-ef11-8eea-6045bd093977,72ea4760-2f38-ef11-840a-6045bd03203c,,72ea4760-2f38-ef11-840a-6045bd03203c,,72ea4760-2f38-ef11-840a-6045bd03203c,dc5c7cb8-6921-ef11-840b-0022480a10b0,
MA48,Missing/incomplete/invalid name or address of responsible party or primary payer.,Katherine Higgins,rhaildev,Active,RARC,Katherine Higgins,,2025-01-13T19:14:06Z,,Katherine Higgins,,2025-01-21T22:49:14Z,,,Active,,,31471299,840cf58c-e2d1-ef11-8eea-6045bd093977,72ea4760-2f38-ef11-840a-6045bd03203c,,72ea4760-2f38-ef11-840a-6045bd03203c,,72ea4760-2f38-ef11-840a-6045bd03203c,dc5c7cb8-6921-ef11-840b-0022480a10b0,
MA50,Missing/incomplete/invalid Investigational Device Exemption number or Clinical Trial number.,Katherine Higgins,rhaildev,Active,RARC,Katherine Higgins,,2025-01-13T19:14:06Z,,Katherine Higgins,,2025-01-21T22:49:14Z,,,Active,,,31471300,850cf58c-e2d1-ef11-8eea-6045bd093977,72ea4760-2f38-ef11-840a-6045bd03203c,,72ea4760-2f38-ef11-840a-6045bd03203c,,72ea4760-2f38-ef11-840a-6045bd03203c,dc5c7cb8-6921-ef11-840b-0022480a10b0,
MA53,Missing/incomplete/invalid Competitive Bidding Demonstration Project identification.,Katherine Higgins,rhaildev,Active,RARC,Katherine Higgins,,2025-01-13T19:14:06Z,,Katherine Higgins,,2025-01-21T22:49:14Z,,,Active,,,31471301,860cf58c-e2d1-ef11-8eea-6045bd093977,72ea4760-2f38-ef11-840a-6045bd03203c,,72ea4760-2f38-ef11-840a-6045bd03203c,,72ea4760-2f38-ef11-840a-6045bd03203c,dc5c7cb8-6921-ef11-840b-0022480a10b0,
MA54,Physician certification or election consent for hospice care not received timely.,Katherine Higgins,rhaildev,Active,RARC,Katherine Higgins,,2025-01-13T19:14:06Z,,Katherine Higgins,,2025-01-21T22:49:14Z,,,Active,,,31471302,870cf58c-e2d1-ef11-8eea-6045bd093977,72ea4760-2f38-ef11-840a-6045bd03203c,,72ea4760-2f38-ef11-840a-6045bd03203c,,72ea4760-2f38-ef11-840a-6045bd03203c,dc5c7cb8-6921-ef11-840b-0022480a10b0,
MA55,"Not covered as patient received medical health care services, automatically revoking his/her election to receive religious non-medical health care services.",Katherine Higgins,rhaildev,Active,RARC,Katherine Higgins,,2025-01-13T19:14:06Z,,Katherine Higgins,,2025-01-21T22:49:14Z,,,Active,,,31471303,880cf58c-e2d1-ef11-8eea-6045bd093977,72ea4760-2f38-ef11-840a-6045bd03203c,,72ea4760-2f38-ef11-840a-6045bd03203c,,72ea4760-2f38-ef11-840a-6045bd03203c,dc5c7cb8-6921-ef11-840b-0022480a10b0,
MA56,"Our records show you have opted out of Medicare, agreeing with the patient not to bill Medicare for services/tests/supplies furnished. As result, we cannot pay this claim. The patient is responsible for payment, but under Federal law, you cannot charge the patient more than the limiting charge amount.",Katherine Higgins,rhaildev,Active,RARC,Katherine Higgins,,2025-01-13T19:14:06Z,,Katherine Higgins,,2025-01-21T22:49:14Z,,,Active,,,31471304,890cf58c-e2d1-ef11-8eea-6045bd093977,72ea4760-2f38-ef11-840a-6045bd03203c,,72ea4760-2f38-ef11-840a-6045bd03203c,,72ea4760-2f38-ef11-840a-6045bd03203c,dc5c7cb8-6921-ef11-840b-0022480a10b0,
MA57,Patient submitted written request to revoke his/her election for religious non-medical health care services.,Katherine Higgins,rhaildev,Active,RARC,Katherine Higgins,,2025-01-13T19:14:06Z,,Katherine Higgins,,2025-01-21T22:49:14Z,,,Active,,,31471305,8a0cf58c-e2d1-ef11-8eea-6045bd093977,72ea4760-2f38-ef11-840a-6045bd03203c,,72ea4760-2f38-ef11-840a-6045bd03203c,,72ea4760-2f38-ef11-840a-6045bd03203c,dc5c7cb8-6921-ef11-840b-0022480a10b0,
MA58,Missing/incomplete/invalid release of information indicator.,Katherine Higgins,rhaildev,Active,RARC,Katherine Higgins,,2025-01-13T19:14:06Z,,Katherine Higgins,,2025-01-21T22:49:14Z,,,Active,,,31471306,8b0cf58c-e2d1-ef11-8eea-6045bd093977,72ea4760-2f38-ef11-840a-6045bd03203c,,72ea4760-2f38-ef11-840a-6045bd03203c,,72ea4760-2f38-ef11-840a-6045bd03203c,dc5c7cb8-6921-ef11-840b-0022480a10b0,
MA59,Alert: The patient overpaid you for these services. You must issue the patient a refund within 30 days for the difference between his/her payment and the total amount shown as patient responsibility on this notice.,Katherine Higgins,rhaildev,Active,RARC,Katherine Higgins,,2025-01-13T19:14:06Z,,Katherine Higgins,,2025-01-21T22:49:14Z,,,Active,,,31471307,8c0cf58c-e2d1-ef11-8eea-6045bd093977,72ea4760-2f38-ef11-840a-6045bd03203c,,72ea4760-2f38-ef11-840a-6045bd03203c,,72ea4760-2f38-ef11-840a-6045bd03203c,dc5c7cb8-6921-ef11-840b-0022480a10b0,
MA60,Missing/incomplete/invalid patient relationship to insured.,Katherine Higgins,rhaildev,Active,RARC,Katherine Higgins,,2025-01-13T19:14:06Z,,Katherine Higgins,,2025-01-21T22:49:14Z,,,Active,,,31471308,8d0cf58c-e2d1-ef11-8eea-6045bd093977,72ea4760-2f38-ef11-840a-6045bd03203c,,72ea4760-2f38-ef11-840a-6045bd03203c,,72ea4760-2f38-ef11-840a-6045bd03203c,dc5c7cb8-6921-ef11-840b-0022480a10b0,
MA61,Missing/incomplete/invalid social security number.,Katherine Higgins,rhaildev,Active,RARC,Katherine Higgins,,2025-01-13T19:14:06Z,,Katherine Higgins,,2025-01-21T22:49:14Z,,,Active,,,31471309,8e0cf58c-e2d1-ef11-8eea-6045bd093977,72ea4760-2f38-ef11-840a-6045bd03203c,,72ea4760-2f38-ef11-840a-6045bd03203c,,72ea4760-2f38-ef11-840a-6045bd03203c,dc5c7cb8-6921-ef11-840b-0022480a10b0,
MA62,Alert: This is a telephone review decision.),Katherine Higgins,rhaildev,Active,RARC,Katherine Higgins,,2025-01-13T19:14:06Z,,Katherine Higgins,,2025-01-21T22:49:14Z,,,Active,,,31471310,8f0cf58c-e2d1-ef11-8eea-6045bd093977,72ea4760-2f38-ef11-840a-6045bd03203c,,72ea4760-2f38-ef11-840a-6045bd03203c,,72ea4760-2f38-ef11-840a-6045bd03203c,dc5c7cb8-6921-ef11-840b-0022480a10b0,
MA63,Missing/incomplete/invalid principal diagnosis.,Katherine Higgins,rhaildev,Active,RARC,Katherine Higgins,,2025-01-13T19:14:06Z,,Katherine Higgins,,2025-01-21T22:49:14Z,,,Active,,,31471311,910cf58c-e2d1-ef11-8eea-6045bd093977,72ea4760-2f38-ef11-840a-6045bd03203c,,72ea4760-2f38-ef11-840a-6045bd03203c,,72ea4760-2f38-ef11-840a-6045bd03203c,dc5c7cb8-6921-ef11-840b-0022480a10b0,
MA64,Our records indicate that we should be the third payer for this claim. We cannot process this claim until we have received payment information from the primary and secondary payers.,Katherine Higgins,rhaildev,Active,RARC,Katherine Higgins,,2025-01-13T19:14:06Z,,Katherine Higgins,,2025-01-21T22:49:14Z,,,Active,,,31471312,920cf58c-e2d1-ef11-8eea-6045bd093977,72ea4760-2f38-ef11-840a-6045bd03203c,,72ea4760-2f38-ef11-840a-6045bd03203c,,72ea4760-2f38-ef11-840a-6045bd03203c,dc5c7cb8-6921-ef11-840b-0022480a10b0,
MA65,Missing/incomplete/invalid admitting diagnosis.,Katherine Higgins,rhaildev,Active,RARC,Katherine Higgins,,2025-01-13T19:14:06Z,,Katherine Higgins,,2025-01-21T22:49:14Z,,,Active,,,31471313,930cf58c-e2d1-ef11-8eea-6045bd093977,72ea4760-2f38-ef11-840a-6045bd03203c,,72ea4760-2f38-ef11-840a-6045bd03203c,,72ea4760-2f38-ef11-840a-6045bd03203c,dc5c7cb8-6921-ef11-840b-0022480a10b0,
MA66,Missing/incomplete/invalid principal procedure code.,Katherine Higgins,rhaildev,Active,RARC,Katherine Higgins,,2025-01-13T19:14:06Z,,Katherine Higgins,,2025-01-21T22:49:14Z,,,Active,,,31471314,940cf58c-e2d1-ef11-8eea-6045bd093977,72ea4760-2f38-ef11-840a-6045bd03203c,,72ea4760-2f38-ef11-840a-6045bd03203c,,72ea4760-2f38-ef11-840a-6045bd03203c,dc5c7cb8-6921-ef11-840b-0022480a10b0,
MA67,Alert: Correction to a prior claim.,Katherine Higgins,rhaildev,Active,RARC,Katherine Higgins,,2025-01-13T19:14:06Z,,Katherine Higgins,,2025-01-21T22:49:14Z,,,Active,,,31471315,950cf58c-e2d1-ef11-8eea-6045bd093977,72ea4760-2f38-ef11-840a-6045bd03203c,,72ea4760-2f38-ef11-840a-6045bd03203c,,72ea4760-2f38-ef11-840a-6045bd03203c,dc5c7cb8-6921-ef11-840b-0022480a10b0,
MA68,Alert: We did not crossover this claim because the secondary insurance information on the claim was incomplete. Please supply complete information or use the PLANID of the insurer to assure correct and timely routing of the claim.,Katherine Higgins,rhaildev,Active,RARC,Katherine Higgins,,2025-01-13T19:14:06Z,,Katherine Higgins,,2025-01-21T22:49:14Z,,,Active,,,31471316,960cf58c-e2d1-ef11-8eea-6045bd093977,72ea4760-2f38-ef11-840a-6045bd03203c,,72ea4760-2f38-ef11-840a-6045bd03203c,,72ea4760-2f38-ef11-840a-6045bd03203c,dc5c7cb8-6921-ef11-840b-0022480a10b0,
MA69,Missing/incomplete/invalid remarks.,Katherine Higgins,rhaildev,Active,RARC,Katherine Higgins,,2025-01-13T19:14:06Z,,Katherine Higgins,,2025-01-21T22:49:14Z,,,Active,,,31471317,970cf58c-e2d1-ef11-8eea-6045bd093977,72ea4760-2f38-ef11-840a-6045bd03203c,,72ea4760-2f38-ef11-840a-6045bd03203c,,72ea4760-2f38-ef11-840a-6045bd03203c,dc5c7cb8-6921-ef11-840b-0022480a10b0,
MA70,Missing/incomplete/invalid provider representative signature.,Katherine Higgins,rhaildev,Active,RARC,Katherine Higgins,,2025-01-13T19:14:06Z,,Katherine Higgins,,2025-01-21T22:49:14Z,,,Active,,,31471318,980cf58c-e2d1-ef11-8eea-6045bd093977,72ea4760-2f38-ef11-840a-6045bd03203c,,72ea4760-2f38-ef11-840a-6045bd03203c,,72ea4760-2f38-ef11-840a-6045bd03203c,dc5c7cb8-6921-ef11-840b-0022480a10b0,
MA71,Missing/incomplete/invalid provider representative signature date.,Katherine Higgins,rhaildev,Active,RARC,Katherine Higgins,,2025-01-13T19:14:06Z,,Katherine Higgins,,2025-01-21T22:49:14Z,,,Active,,,31471319,990cf58c-e2d1-ef11-8eea-6045bd093977,72ea4760-2f38-ef11-840a-6045bd03203c,,72ea4760-2f38-ef11-840a-6045bd03203c,,72ea4760-2f38-ef11-840a-6045bd03203c,dc5c7cb8-6921-ef11-840b-0022480a10b0,
MA72,Alert: The patient overpaid you for these assigned services. You must issue the patient a refund within 30 days for the difference between his/her payment to you and the total of the amount shown as patient responsibility and as paid to the patient on this notice.,Katherine Higgins,rhaildev,Active,RARC,Katherine Higgins,,2025-01-13T19:14:06Z,,Katherine Higgins,,2025-01-21T22:49:14Z,,,Active,,,31471320,9a0cf58c-e2d1-ef11-8eea-6045bd093977,72ea4760-2f38-ef11-840a-6045bd03203c,,72ea4760-2f38-ef11-840a-6045bd03203c,,72ea4760-2f38-ef11-840a-6045bd03203c,dc5c7cb8-6921-ef11-840b-0022480a10b0,
MA73,Informational remittance associated with a Medicare demonstration. No payment issued under fee-for-service Medicare as patient has elected managed care.,Katherine Higgins,rhaildev,Active,RARC,Katherine Higgins,,2025-01-13T19:14:06Z,,Katherine Higgins,,2025-01-21T22:49:14Z,,,Active,,,31471321,9b0cf58c-e2d1-ef11-8eea-6045bd093977,72ea4760-2f38-ef11-840a-6045bd03203c,,72ea4760-2f38-ef11-840a-6045bd03203c,,72ea4760-2f38-ef11-840a-6045bd03203c,dc5c7cb8-6921-ef11-840b-0022480a10b0,
MA74,"Alert: This payment replaces an earlier payment for this claim that was either lost, damaged or returned.",Katherine Higgins,rhaildev,Active,RARC,Katherine Higgins,,2025-01-13T19:14:06Z,,Katherine Higgins,,2025-01-21T22:49:14Z,,,Active,,,31471322,9c0cf58c-e2d1-ef11-8eea-6045bd093977,72ea4760-2f38-ef11-840a-6045bd03203c,,72ea4760-2f38-ef11-840a-6045bd03203c,,72ea4760-2f38-ef11-840a-6045bd03203c,dc5c7cb8-6921-ef11-840b-0022480a10b0,
MA75,Missing/incomplete/invalid patient or authorized representative signature.,Katherine Higgins,rhaildev,Active,RARC,Katherine Higgins,,2025-01-13T19:14:06Z,,Katherine Higgins,,2025-01-21T22:49:14Z,,,Active,,,31471323,9d0cf58c-e2d1-ef11-8eea-6045bd093977,72ea4760-2f38-ef11-840a-6045bd03203c,,72ea4760-2f38-ef11-840a-6045bd03203c,,72ea4760-2f38-ef11-840a-6045bd03203c,dc5c7cb8-6921-ef11-840b-0022480a10b0,
MA76,Missing/incomplete/invalid provider identifier for home health agency or hospice when physician is performing care plan oversight services.,Katherine Higgins,rhaildev,Active,RARC,Katherine Higgins,,2025-01-13T19:14:07Z,,Katherine Higgins,,2025-01-21T22:49:15Z,,,Active,,,31471324,9e0cf58c-e2d1-ef11-8eea-6045bd093977,72ea4760-2f38-ef11-840a-6045bd03203c,,72ea4760-2f38-ef11-840a-6045bd03203c,,72ea4760-2f38-ef11-840a-6045bd03203c,dc5c7cb8-6921-ef11-840b-0022480a10b0,
MA77,Alert: The patient overpaid you. You must issue the patient a refund within 30 days for the difference between the patient's payment less the total of our and other payer payments and the amount shown as patient responsibility on this notice.,Katherine Higgins,rhaildev,Active,RARC,Katherine Higgins,,2025-01-13T19:14:07Z,,Katherine Higgins,,2025-01-21T22:49:15Z,,,Active,,,31471325,9f0cf58c-e2d1-ef11-8eea-6045bd093977,72ea4760-2f38-ef11-840a-6045bd03203c,,72ea4760-2f38-ef11-840a-6045bd03203c,,72ea4760-2f38-ef11-840a-6045bd03203c,dc5c7cb8-6921-ef11-840b-0022480a10b0,
MA79,Billed in excess of interim rate.,Katherine Higgins,rhaildev,Active,RARC,Katherine Higgins,,2025-01-13T19:14:07Z,,Katherine Higgins,,2025-01-21T22:49:15Z,,,Active,,,31471326,a00cf58c-e2d1-ef11-8eea-6045bd093977,72ea4760-2f38-ef11-840a-6045bd03203c,,72ea4760-2f38-ef11-840a-6045bd03203c,,72ea4760-2f38-ef11-840a-6045bd03203c,dc5c7cb8-6921-ef11-840b-0022480a10b0,
MA80,Informational notice. No payment issued for this claim with this notice. Payment issued to the hospital by its intermediary for all services for this encounter under a demonstration project.,Katherine Higgins,rhaildev,Active,RARC,Katherine Higgins,,2025-01-13T19:14:07Z,,Katherine Higgins,,2025-01-21T22:49:15Z,,,Active,,,31471327,a10cf58c-e2d1-ef11-8eea-6045bd093977,72ea4760-2f38-ef11-840a-6045bd03203c,,72ea4760-2f38-ef11-840a-6045bd03203c,,72ea4760-2f38-ef11-840a-6045bd03203c,dc5c7cb8-6921-ef11-840b-0022480a10b0,
MA81,Missing/incomplete/invalid provider/supplier signature.,Katherine Higgins,rhaildev,Active,RARC,Katherine Higgins,,2025-01-13T19:14:07Z,,Katherine Higgins,,2025-01-21T22:49:15Z,,,Active,,,31471328,a20cf58c-e2d1-ef11-8eea-6045bd093977,72ea4760-2f38-ef11-840a-6045bd03203c,,72ea4760-2f38-ef11-840a-6045bd03203c,,72ea4760-2f38-ef11-840a-6045bd03203c,dc5c7cb8-6921-ef11-840b-0022480a10b0,
MA83,Did not indicate whether we are the primary or secondary payer.,Katherine Higgins,rhaildev,Active,RARC,Katherine Higgins,,2025-01-13T19:14:07Z,,Katherine Higgins,,2025-01-21T22:49:15Z,,,Active,,,31471329,a30cf58c-e2d1-ef11-8eea-6045bd093977,72ea4760-2f38-ef11-840a-6045bd03203c,,72ea4760-2f38-ef11-840a-6045bd03203c,,72ea4760-2f38-ef11-840a-6045bd03203c,dc5c7cb8-6921-ef11-840b-0022480a10b0,
MA84,"Patient identified as participating in the National Emphysema Treatment Trial but our records indicate that this patient is either not a participant, or has not yet been approved for this phase of the study. Contact Johns Hopkins University, the study coordinator, to resolve if there was a discrepancy.",Katherine Higgins,rhaildev,Active,RARC,Katherine Higgins,,2025-01-13T19:14:07Z,,Katherine Higgins,,2025-01-21T22:49:15Z,,,Active,,,31471330,a40cf58c-e2d1-ef11-8eea-6045bd093977,72ea4760-2f38-ef11-840a-6045bd03203c,,72ea4760-2f38-ef11-840a-6045bd03203c,,72ea4760-2f38-ef11-840a-6045bd03203c,dc5c7cb8-6921-ef11-840b-0022480a10b0,
MA88,Missing/incomplete/invalid insured's address and/or telephone number for the primary payer.,Katherine Higgins,rhaildev,Active,RARC,Katherine Higgins,,2025-01-13T19:14:07Z,,Katherine Higgins,,2025-01-21T22:49:15Z,,,Active,,,31471331,a50cf58c-e2d1-ef11-8eea-6045bd093977,72ea4760-2f38-ef11-840a-6045bd03203c,,72ea4760-2f38-ef11-840a-6045bd03203c,,72ea4760-2f38-ef11-840a-6045bd03203c,dc5c7cb8-6921-ef11-840b-0022480a10b0,
MA89,Missing/incomplete/invalid patient's relationship to the insured for the primary payer.,Katherine Higgins,rhaildev,Active,RARC,Katherine Higgins,,2025-01-13T19:14:07Z,,Katherine Higgins,,2025-01-21T22:49:15Z,,,Active,,,31471332,a60cf58c-e2d1-ef11-8eea-6045bd093977,72ea4760-2f38-ef11-840a-6045bd03203c,,72ea4760-2f38-ef11-840a-6045bd03203c,,72ea4760-2f38-ef11-840a-6045bd03203c,dc5c7cb8-6921-ef11-840b-0022480a10b0,
MA90,Missing/incomplete/invalid employment status code for the primary insured.,Katherine Higgins,rhaildev,Active,RARC,Katherine Higgins,,2025-01-13T19:14:07Z,,Katherine Higgins,,2025-01-21T22:49:15Z,,,Active,,,31471333,a70cf58c-e2d1-ef11-8eea-6045bd093977,72ea4760-2f38-ef11-840a-6045bd03203c,,72ea4760-2f38-ef11-840a-6045bd03203c,,72ea4760-2f38-ef11-840a-6045bd03203c,dc5c7cb8-6921-ef11-840b-0022480a10b0,
MA91,Alert: This determination is the result of the appeal you filed.,Katherine Higgins,rhaildev,Active,RARC,Katherine Higgins,,2025-01-13T19:14:07Z,,Katherine Higgins,,2025-01-21T22:49:15Z,,,Active,,,31471334,a80cf58c-e2d1-ef11-8eea-6045bd093977,72ea4760-2f38-ef11-840a-6045bd03203c,,72ea4760-2f38-ef11-840a-6045bd03203c,,72ea4760-2f38-ef11-840a-6045bd03203c,dc5c7cb8-6921-ef11-840b-0022480a10b0,
MA92,Missing plan information for other insurance.,Katherine Higgins,rhaildev,Active,RARC,Katherine Higgins,,2025-01-13T19:14:07Z,,Katherine Higgins,,2025-01-21T22:49:15Z,,,Active,,,31471335,a90cf58c-e2d1-ef11-8eea-6045bd093977,72ea4760-2f38-ef11-840a-6045bd03203c,,72ea4760-2f38-ef11-840a-6045bd03203c,,72ea4760-2f38-ef11-840a-6045bd03203c,dc5c7cb8-6921-ef11-840b-0022480a10b0,
MA93,Non-PIP (Periodic Interim Payment) claim.,Katherine Higgins,rhaildev,Active,RARC,Katherine Higgins,,2025-01-13T19:14:07Z,,Katherine Higgins,,2025-01-21T22:49:15Z,,,Active,,,31471336,aa0cf58c-e2d1-ef11-8eea-6045bd093977,72ea4760-2f38-ef11-840a-6045bd03203c,,72ea4760-2f38-ef11-840a-6045bd03203c,,72ea4760-2f38-ef11-840a-6045bd03203c,dc5c7cb8-6921-ef11-840b-0022480a10b0,
MA94,"Did not enter the statement 'Attending physician not hospice employee' on the claim form to certify that the rendering physician is not an employee of the hospice.
 ",Katherine Higgins,rhaildev,Active,RARC,Katherine Higgins,,2025-01-13T19:14:07Z,,Katherine Higgins,,2025-01-21T22:49:15Z,,,Active,,,31471337,ab0cf58c-e2d1-ef11-8eea-6045bd093977,72ea4760-2f38-ef11-840a-6045bd03203c,,72ea4760-2f38-ef11-840a-6045bd03203c,,72ea4760-2f38-ef11-840a-6045bd03203c,dc5c7cb8-6921-ef11-840b-0022480a10b0,
MA96,"Claim rejected. Coded as a Medicare Managed Care Demonstration but patient is not enrolled in a Medicare managed care plan.
",Katherine Higgins,rhaildev,Active,RARC,Katherine Higgins,,2025-01-13T19:14:07Z,,Katherine Higgins,,2025-01-21T22:49:15Z,,,Active,,,31471338,ac0cf58c-e2d1-ef11-8eea-6045bd093977,72ea4760-2f38-ef11-840a-6045bd03203c,,72ea4760-2f38-ef11-840a-6045bd03203c,,72ea4760-2f38-ef11-840a-6045bd03203c,dc5c7cb8-6921-ef11-840b-0022480a10b0,
MA97,Missing/incomplete/invalid Medicare Managed Care Demonstration contract number or clinical trial registry number.,Katherine Higgins,rhaildev,Active,RARC,Katherine Higgins,,2025-01-13T19:14:07Z,,Katherine Higgins,,2025-01-21T22:49:15Z,,,Active,,,31471339,ad0cf58c-e2d1-ef11-8eea-6045bd093977,72ea4760-2f38-ef11-840a-6045bd03203c,,72ea4760-2f38-ef11-840a-6045bd03203c,,72ea4760-2f38-ef11-840a-6045bd03203c,dc5c7cb8-6921-ef11-840b-0022480a10b0,
MA99,"Missing/incomplete/invalid Medigap information.
 ",Katherine Higgins,rhaildev,Active,RARC,Katherine Higgins,,2025-01-13T19:14:07Z,,Katherine Higgins,,2025-01-21T22:49:15Z,,,Active,,,31471340,ae0cf58c-e2d1-ef11-8eea-6045bd093977,72ea4760-2f38-ef11-840a-6045bd03203c,,72ea4760-2f38-ef11-840a-6045bd03203c,,72ea4760-2f38-ef11-840a-6045bd03203c,dc5c7cb8-6921-ef11-840b-0022480a10b0,
MA100,Missing/incomplete/invalid date of current illness or symptoms.,Katherine Higgins,rhaildev,Active,RARC,Katherine Higgins,,2025-01-13T19:14:07Z,,Katherine Higgins,,2025-01-21T22:49:15Z,,,Active,,,31471341,af0cf58c-e2d1-ef11-8eea-6045bd093977,72ea4760-2f38-ef11-840a-6045bd03203c,,72ea4760-2f38-ef11-840a-6045bd03203c,,72ea4760-2f38-ef11-840a-6045bd03203c,dc5c7cb8-6921-ef11-840b-0022480a10b0,
MA103,Hemophilia Add On.,Katherine Higgins,rhaildev,Active,RARC,Katherine Higgins,,2025-01-13T19:14:07Z,,Katherine Higgins,,2025-01-21T22:49:15Z,,,Active,,,31471342,b00cf58c-e2d1-ef11-8eea-6045bd093977,72ea4760-2f38-ef11-840a-6045bd03203c,,72ea4760-2f38-ef11-840a-6045bd03203c,,72ea4760-2f38-ef11-840a-6045bd03203c,dc5c7cb8-6921-ef11-840b-0022480a10b0,
